﻿--USE [Finix.ATAB.Membership]

--SET IDENTITY_INSERT [dbo].[Country] ON 

--INSERT [dbo].[Country] ([Id], [Name], [CreateDate], [CreatedBy], [EditDate], [EditedBy], [Status]) VALUES (1, N'Bangladesh', NULL, NULL, NULL, NULL, 1)
--INSERT [dbo].[Country] ([Id], [Name], [CreateDate], [CreatedBy], [EditDate], [EditedBy], [Status]) VALUES (2, N'Afghanistan', NULL, NULL, NULL, NULL, 1)
--INSERT [dbo].[Country] ([Id], [Name], [CreateDate], [CreatedBy], [EditDate], [EditedBy], [Status]) VALUES (3, N'Albania', NULL, NULL, NULL, NULL, 1)
--INSERT [dbo].[Country] ([Id], [Name], [CreateDate], [CreatedBy], [EditDate], [EditedBy], [Status]) VALUES (4, N'Algeria', NULL, NULL, NULL, NULL, 1)
--INSERT [dbo].[Country] ([Id], [Name], [CreateDate], [CreatedBy], [EditDate], [EditedBy], [Status]) VALUES (5, N'American Samoa', NULL, NULL, NULL, NULL, 1)
--INSERT [dbo].[Country] ([Id], [Name], [CreateDate], [CreatedBy], [EditDate], [EditedBy], [Status]) VALUES (6, N'Andorra', NULL, NULL, NULL, NULL, 1)
--INSERT [dbo].[Country] ([Id], [Name], [CreateDate], [CreatedBy], [EditDate], [EditedBy], [Status]) VALUES (7, N'Angola', NULL, NULL, NULL, NULL, 1)
--INSERT [dbo].[Country] ([Id], [Name], [CreateDate], [CreatedBy], [EditDate], [EditedBy], [Status]) VALUES (8, N'Anguilla', NULL, NULL, NULL, NULL, 1)
--INSERT [dbo].[Country] ([Id], [Name], [CreateDate], [CreatedBy], [EditDate], [EditedBy], [Status]) VALUES (9, N'Antigua & Barbuda', NULL, NULL, NULL, NULL, 1)
--INSERT [dbo].[Country] ([Id], [Name], [CreateDate], [CreatedBy], [EditDate], [EditedBy], [Status]) VALUES (10, N'Argentina', NULL, NULL, NULL, NULL, 1)
--INSERT [dbo].[Country] ([Id], [Name], [CreateDate], [CreatedBy], [EditDate], [EditedBy], [Status]) VALUES (11, N'Armenia', NULL, NULL, NULL, NULL, 1)
--INSERT [dbo].[Country] ([Id], [Name], [CreateDate], [CreatedBy], [EditDate], [EditedBy], [Status]) VALUES (12, N'Aruba', NULL, NULL, NULL, NULL, 1)
--INSERT [dbo].[Country] ([Id], [Name], [CreateDate], [CreatedBy], [EditDate], [EditedBy], [Status]) VALUES (13, N'Australia', NULL, NULL, NULL, NULL, 1)
--INSERT [dbo].[Country] ([Id], [Name], [CreateDate], [CreatedBy], [EditDate], [EditedBy], [Status]) VALUES (14, N'Austria', NULL, NULL, NULL, NULL, 1)
--INSERT [dbo].[Country] ([Id], [Name], [CreateDate], [CreatedBy], [EditDate], [EditedBy], [Status]) VALUES (15, N'Azerbaijan', NULL, NULL, NULL, NULL, 1)
--INSERT [dbo].[Country] ([Id], [Name], [CreateDate], [CreatedBy], [EditDate], [EditedBy], [Status]) VALUES (16, N'Bahamas, The', NULL, NULL, NULL, NULL, 1)
--INSERT [dbo].[Country] ([Id], [Name], [CreateDate], [CreatedBy], [EditDate], [EditedBy], [Status]) VALUES (17, N'Bahrain', NULL, NULL, NULL, NULL, 1)
--INSERT [dbo].[Country] ([Id], [Name], [CreateDate], [CreatedBy], [EditDate], [EditedBy], [Status]) VALUES (18, N'Barbados', NULL, NULL, NULL, NULL, 1)
--INSERT [dbo].[Country] ([Id], [Name], [CreateDate], [CreatedBy], [EditDate], [EditedBy], [Status]) VALUES (19, N'Belarus', NULL, NULL, NULL, NULL, 1)
--INSERT [dbo].[Country] ([Id], [Name], [CreateDate], [CreatedBy], [EditDate], [EditedBy], [Status]) VALUES (20, N'Belgium', NULL, NULL, NULL, NULL, 1)
--INSERT [dbo].[Country] ([Id], [Name], [CreateDate], [CreatedBy], [EditDate], [EditedBy], [Status]) VALUES (21, N'Belize', NULL, NULL, NULL, NULL, 1)
--INSERT [dbo].[Country] ([Id], [Name], [CreateDate], [CreatedBy], [EditDate], [EditedBy], [Status]) VALUES (22, N'Benin', NULL, NULL, NULL, NULL, 1)
--INSERT [dbo].[Country] ([Id], [Name], [CreateDate], [CreatedBy], [EditDate], [EditedBy], [Status]) VALUES (23, N'Bermuda', NULL, NULL, NULL, NULL, 1)
--INSERT [dbo].[Country] ([Id], [Name], [CreateDate], [CreatedBy], [EditDate], [EditedBy], [Status]) VALUES (24, N'Bhutan', NULL, NULL, NULL, NULL, 1)
--INSERT [dbo].[Country] ([Id], [Name], [CreateDate], [CreatedBy], [EditDate], [EditedBy], [Status]) VALUES (25, N'Bolivia', NULL, NULL, NULL, NULL, 1)
--INSERT [dbo].[Country] ([Id], [Name], [CreateDate], [CreatedBy], [EditDate], [EditedBy], [Status]) VALUES (26, N'Bosnia & Herzegovina', NULL, NULL, NULL, NULL, 1)
--INSERT [dbo].[Country] ([Id], [Name], [CreateDate], [CreatedBy], [EditDate], [EditedBy], [Status]) VALUES (27, N'Botswana', NULL, NULL, NULL, NULL, 1)
--INSERT [dbo].[Country] ([Id], [Name], [CreateDate], [CreatedBy], [EditDate], [EditedBy], [Status]) VALUES (28, N'Brazil', NULL, NULL, NULL, NULL, 1)
--INSERT [dbo].[Country] ([Id], [Name], [CreateDate], [CreatedBy], [EditDate], [EditedBy], [Status]) VALUES (29, N'British Virgin Is.', NULL, NULL, NULL, NULL, 1)
--INSERT [dbo].[Country] ([Id], [Name], [CreateDate], [CreatedBy], [EditDate], [EditedBy], [Status]) VALUES (30, N'Brunei', NULL, NULL, NULL, NULL, 1)
--INSERT [dbo].[Country] ([Id], [Name], [CreateDate], [CreatedBy], [EditDate], [EditedBy], [Status]) VALUES (31, N'Bulgaria', NULL, NULL, NULL, NULL, 1)
--INSERT [dbo].[Country] ([Id], [Name], [CreateDate], [CreatedBy], [EditDate], [EditedBy], [Status]) VALUES (32, N'Burkina Faso', NULL, NULL, NULL, NULL, 1)
--INSERT [dbo].[Country] ([Id], [Name], [CreateDate], [CreatedBy], [EditDate], [EditedBy], [Status]) VALUES (33, N'Burma', NULL, NULL, NULL, NULL, 1)
--INSERT [dbo].[Country] ([Id], [Name], [CreateDate], [CreatedBy], [EditDate], [EditedBy], [Status]) VALUES (34, N'Burundi', NULL, NULL, NULL, NULL, 1)
--INSERT [dbo].[Country] ([Id], [Name], [CreateDate], [CreatedBy], [EditDate], [EditedBy], [Status]) VALUES (35, N'Cambodia', NULL, NULL, NULL, NULL, 1)
--INSERT [dbo].[Country] ([Id], [Name], [CreateDate], [CreatedBy], [EditDate], [EditedBy], [Status]) VALUES (36, N'Cameroon', NULL, NULL, NULL, NULL, 1)
--INSERT [dbo].[Country] ([Id], [Name], [CreateDate], [CreatedBy], [EditDate], [EditedBy], [Status]) VALUES (37, N'Canada', NULL, NULL, NULL, NULL, 1)
--INSERT [dbo].[Country] ([Id], [Name], [CreateDate], [CreatedBy], [EditDate], [EditedBy], [Status]) VALUES (38, N'Cape Verde', NULL, NULL, NULL, NULL, 1)
--INSERT [dbo].[Country] ([Id], [Name], [CreateDate], [CreatedBy], [EditDate], [EditedBy], [Status]) VALUES (39, N'Cayman Islands', NULL, NULL, NULL, NULL, 1)
--INSERT [dbo].[Country] ([Id], [Name], [CreateDate], [CreatedBy], [EditDate], [EditedBy], [Status]) VALUES (40, N'Central African Rep.', NULL, NULL, NULL, NULL, 1)
--INSERT [dbo].[Country] ([Id], [Name], [CreateDate], [CreatedBy], [EditDate], [EditedBy], [Status]) VALUES (41, N'Chad', NULL, NULL, NULL, NULL, 1)
--INSERT [dbo].[Country] ([Id], [Name], [CreateDate], [CreatedBy], [EditDate], [EditedBy], [Status]) VALUES (42, N'Chile', NULL, NULL, NULL, NULL, 1)
--INSERT [dbo].[Country] ([Id], [Name], [CreateDate], [CreatedBy], [EditDate], [EditedBy], [Status]) VALUES (43, N'China', NULL, NULL, NULL, NULL, 1)
--INSERT [dbo].[Country] ([Id], [Name], [CreateDate], [CreatedBy], [EditDate], [EditedBy], [Status]) VALUES (44, N'Colombia', NULL, NULL, NULL, NULL, 1)
--INSERT [dbo].[Country] ([Id], [Name], [CreateDate], [CreatedBy], [EditDate], [EditedBy], [Status]) VALUES (45, N'Comoros', NULL, NULL, NULL, NULL, 1)
--INSERT [dbo].[Country] ([Id], [Name], [CreateDate], [CreatedBy], [EditDate], [EditedBy], [Status]) VALUES (46, N'Congo, Dem. Rep.', NULL, NULL, NULL, NULL, 1)
--INSERT [dbo].[Country] ([Id], [Name], [CreateDate], [CreatedBy], [EditDate], [EditedBy], [Status]) VALUES (47, N'Congo, Repub. of the', NULL, NULL, NULL, NULL, 1)
--INSERT [dbo].[Country] ([Id], [Name], [CreateDate], [CreatedBy], [EditDate], [EditedBy], [Status]) VALUES (48, N'Cook Islands', NULL, NULL, NULL, NULL, 1)
--INSERT [dbo].[Country] ([Id], [Name], [CreateDate], [CreatedBy], [EditDate], [EditedBy], [Status]) VALUES (49, N'Costa Rica', NULL, NULL, NULL, NULL, 1)
--INSERT [dbo].[Country] ([Id], [Name], [CreateDate], [CreatedBy], [EditDate], [EditedBy], [Status]) VALUES (50, N'Cote d''Ivoire', NULL, NULL, NULL, NULL, 1)
--INSERT [dbo].[Country] ([Id], [Name], [CreateDate], [CreatedBy], [EditDate], [EditedBy], [Status]) VALUES (51, N'Croatia', NULL, NULL, NULL, NULL, 1)
--INSERT [dbo].[Country] ([Id], [Name], [CreateDate], [CreatedBy], [EditDate], [EditedBy], [Status]) VALUES (52, N'Cuba', NULL, NULL, NULL, NULL, 1)
--INSERT [dbo].[Country] ([Id], [Name], [CreateDate], [CreatedBy], [EditDate], [EditedBy], [Status]) VALUES (53, N'Cyprus', NULL, NULL, NULL, NULL, 1)
--INSERT [dbo].[Country] ([Id], [Name], [CreateDate], [CreatedBy], [EditDate], [EditedBy], [Status]) VALUES (54, N'Czech Republic', NULL, NULL, NULL, NULL, 1)
--INSERT [dbo].[Country] ([Id], [Name], [CreateDate], [CreatedBy], [EditDate], [EditedBy], [Status]) VALUES (55, N'Denmark', NULL, NULL, NULL, NULL, 1)
--INSERT [dbo].[Country] ([Id], [Name], [CreateDate], [CreatedBy], [EditDate], [EditedBy], [Status]) VALUES (56, N'Djibouti', NULL, NULL, NULL, NULL, 1)
--INSERT [dbo].[Country] ([Id], [Name], [CreateDate], [CreatedBy], [EditDate], [EditedBy], [Status]) VALUES (57, N'Dominica', NULL, NULL, NULL, NULL, 1)
--INSERT [dbo].[Country] ([Id], [Name], [CreateDate], [CreatedBy], [EditDate], [EditedBy], [Status]) VALUES (58, N'Dominican Republic', NULL, NULL, NULL, NULL, 1)
--INSERT [dbo].[Country] ([Id], [Name], [CreateDate], [CreatedBy], [EditDate], [EditedBy], [Status]) VALUES (59, N'East Timor', NULL, NULL, NULL, NULL, 1)
--INSERT [dbo].[Country] ([Id], [Name], [CreateDate], [CreatedBy], [EditDate], [EditedBy], [Status]) VALUES (60, N'Ecuador', NULL, NULL, NULL, NULL, 1)
--INSERT [dbo].[Country] ([Id], [Name], [CreateDate], [CreatedBy], [EditDate], [EditedBy], [Status]) VALUES (61, N'Egypt', NULL, NULL, NULL, NULL, 1)
--INSERT [dbo].[Country] ([Id], [Name], [CreateDate], [CreatedBy], [EditDate], [EditedBy], [Status]) VALUES (62, N'El Salvador', NULL, NULL, NULL, NULL, 1)
--INSERT [dbo].[Country] ([Id], [Name], [CreateDate], [CreatedBy], [EditDate], [EditedBy], [Status]) VALUES (63, N'Equatorial Guinea', NULL, NULL, NULL, NULL, 1)
--INSERT [dbo].[Country] ([Id], [Name], [CreateDate], [CreatedBy], [EditDate], [EditedBy], [Status]) VALUES (64, N'Eritrea', NULL, NULL, NULL, NULL, 1)
--INSERT [dbo].[Country] ([Id], [Name], [CreateDate], [CreatedBy], [EditDate], [EditedBy], [Status]) VALUES (65, N'Estonia', NULL, NULL, NULL, NULL, 1)
--INSERT [dbo].[Country] ([Id], [Name], [CreateDate], [CreatedBy], [EditDate], [EditedBy], [Status]) VALUES (66, N'Ethiopia', NULL, NULL, NULL, NULL, 1)
--INSERT [dbo].[Country] ([Id], [Name], [CreateDate], [CreatedBy], [EditDate], [EditedBy], [Status]) VALUES (67, N'Faroe Islands', NULL, NULL, NULL, NULL, 1)
--INSERT [dbo].[Country] ([Id], [Name], [CreateDate], [CreatedBy], [EditDate], [EditedBy], [Status]) VALUES (68, N'Fiji', NULL, NULL, NULL, NULL, 1)
--INSERT [dbo].[Country] ([Id], [Name], [CreateDate], [CreatedBy], [EditDate], [EditedBy], [Status]) VALUES (69, N'Finland', NULL, NULL, NULL, NULL, 1)
--INSERT [dbo].[Country] ([Id], [Name], [CreateDate], [CreatedBy], [EditDate], [EditedBy], [Status]) VALUES (70, N'France', NULL, NULL, NULL, NULL, 1)
--INSERT [dbo].[Country] ([Id], [Name], [CreateDate], [CreatedBy], [EditDate], [EditedBy], [Status]) VALUES (71, N'French Guiana', NULL, NULL, NULL, NULL, 1)
--INSERT [dbo].[Country] ([Id], [Name], [CreateDate], [CreatedBy], [EditDate], [EditedBy], [Status]) VALUES (72, N'French Polynesia', NULL, NULL, NULL, NULL, 1)
--INSERT [dbo].[Country] ([Id], [Name], [CreateDate], [CreatedBy], [EditDate], [EditedBy], [Status]) VALUES (73, N'Gabon', NULL, NULL, NULL, NULL, 1)
--INSERT [dbo].[Country] ([Id], [Name], [CreateDate], [CreatedBy], [EditDate], [EditedBy], [Status]) VALUES (74, N'Gambia, The', NULL, NULL, NULL, NULL, 1)
--INSERT [dbo].[Country] ([Id], [Name], [CreateDate], [CreatedBy], [EditDate], [EditedBy], [Status]) VALUES (75, N'Gaza Strip', NULL, NULL, NULL, NULL, 1)
--INSERT [dbo].[Country] ([Id], [Name], [CreateDate], [CreatedBy], [EditDate], [EditedBy], [Status]) VALUES (76, N'Georgia', NULL, NULL, NULL, NULL, 1)
--INSERT [dbo].[Country] ([Id], [Name], [CreateDate], [CreatedBy], [EditDate], [EditedBy], [Status]) VALUES (77, N'Germany', NULL, NULL, NULL, NULL, 1)
--INSERT [dbo].[Country] ([Id], [Name], [CreateDate], [CreatedBy], [EditDate], [EditedBy], [Status]) VALUES (78, N'Ghana', NULL, NULL, NULL, NULL, 1)
--INSERT [dbo].[Country] ([Id], [Name], [CreateDate], [CreatedBy], [EditDate], [EditedBy], [Status]) VALUES (79, N'Gibraltar', NULL, NULL, NULL, NULL, 1)
--INSERT [dbo].[Country] ([Id], [Name], [CreateDate], [CreatedBy], [EditDate], [EditedBy], [Status]) VALUES (80, N'Greece', NULL, NULL, NULL, NULL, 1)
--INSERT [dbo].[Country] ([Id], [Name], [CreateDate], [CreatedBy], [EditDate], [EditedBy], [Status]) VALUES (81, N'Greenland', NULL, NULL, NULL, NULL, 1)
--INSERT [dbo].[Country] ([Id], [Name], [CreateDate], [CreatedBy], [EditDate], [EditedBy], [Status]) VALUES (82, N'Grenada', NULL, NULL, NULL, NULL, 1)
--INSERT [dbo].[Country] ([Id], [Name], [CreateDate], [CreatedBy], [EditDate], [EditedBy], [Status]) VALUES (83, N'Guadeloupe', NULL, NULL, NULL, NULL, 1)
--INSERT [dbo].[Country] ([Id], [Name], [CreateDate], [CreatedBy], [EditDate], [EditedBy], [Status]) VALUES (84, N'Guam', NULL, NULL, NULL, NULL, 1)
--INSERT [dbo].[Country] ([Id], [Name], [CreateDate], [CreatedBy], [EditDate], [EditedBy], [Status]) VALUES (85, N'Guatemala', NULL, NULL, NULL, NULL, 1)
--INSERT [dbo].[Country] ([Id], [Name], [CreateDate], [CreatedBy], [EditDate], [EditedBy], [Status]) VALUES (86, N'Guernsey', NULL, NULL, NULL, NULL, 1)
--INSERT [dbo].[Country] ([Id], [Name], [CreateDate], [CreatedBy], [EditDate], [EditedBy], [Status]) VALUES (87, N'Guinea', NULL, NULL, NULL, NULL, 1)
--INSERT [dbo].[Country] ([Id], [Name], [CreateDate], [CreatedBy], [EditDate], [EditedBy], [Status]) VALUES (88, N'Guinea-Bissau', NULL, NULL, NULL, NULL, 1)
--INSERT [dbo].[Country] ([Id], [Name], [CreateDate], [CreatedBy], [EditDate], [EditedBy], [Status]) VALUES (89, N'Guyana', NULL, NULL, NULL, NULL, 1)
--INSERT [dbo].[Country] ([Id], [Name], [CreateDate], [CreatedBy], [EditDate], [EditedBy], [Status]) VALUES (90, N'Haiti', NULL, NULL, NULL, NULL, 1)
--INSERT [dbo].[Country] ([Id], [Name], [CreateDate], [CreatedBy], [EditDate], [EditedBy], [Status]) VALUES (91, N'Honduras', NULL, NULL, NULL, NULL, 1)
--INSERT [dbo].[Country] ([Id], [Name], [CreateDate], [CreatedBy], [EditDate], [EditedBy], [Status]) VALUES (92, N'Hong Kong', NULL, NULL, NULL, NULL, 1)
--INSERT [dbo].[Country] ([Id], [Name], [CreateDate], [CreatedBy], [EditDate], [EditedBy], [Status]) VALUES (93, N'Hungary', NULL, NULL, NULL, NULL, 1)
--INSERT [dbo].[Country] ([Id], [Name], [CreateDate], [CreatedBy], [EditDate], [EditedBy], [Status]) VALUES (94, N'Iceland', NULL, NULL, NULL, NULL, 1)
--INSERT [dbo].[Country] ([Id], [Name], [CreateDate], [CreatedBy], [EditDate], [EditedBy], [Status]) VALUES (95, N'India', NULL, NULL, NULL, NULL, 1)
--INSERT [dbo].[Country] ([Id], [Name], [CreateDate], [CreatedBy], [EditDate], [EditedBy], [Status]) VALUES (96, N'Indonesia', NULL, NULL, NULL, NULL, 1)
--INSERT [dbo].[Country] ([Id], [Name], [CreateDate], [CreatedBy], [EditDate], [EditedBy], [Status]) VALUES (97, N'Iran', NULL, NULL, NULL, NULL, 1)
--INSERT [dbo].[Country] ([Id], [Name], [CreateDate], [CreatedBy], [EditDate], [EditedBy], [Status]) VALUES (98, N'Iraq', NULL, NULL, NULL, NULL, 1)
--INSERT [dbo].[Country] ([Id], [Name], [CreateDate], [CreatedBy], [EditDate], [EditedBy], [Status]) VALUES (99, N'Ireland', NULL, NULL, NULL, NULL, 1)

--INSERT [dbo].[Country] ([Id], [Name], [CreateDate], [CreatedBy], [EditDate], [EditedBy], [Status]) VALUES (100, N'Isle of Man', NULL, NULL, NULL, NULL, 1)
--INSERT [dbo].[Country] ([Id], [Name], [CreateDate], [CreatedBy], [EditDate], [EditedBy], [Status]) VALUES (101, N'Israel', NULL, NULL, NULL, NULL, 1)
--SET IDENTITY_INSERT [dbo].[Country] OFF
--SET IDENTITY_INSERT [dbo].[Division] ON 

--INSERT [dbo].[Division] ([Id], [CountryId], [DivisionNameEng], [DivisionNameBng], [BBSCode], [CreateDate], [CreatedBy], [EditDate], [EditedBy], [Status]) VALUES (1, 1, N'Barisal', N'??????', N'10  ', NULL, NULL, NULL, NULL, 1)
--INSERT [dbo].[Division] ([Id], [CountryId], [DivisionNameEng], [DivisionNameBng], [BBSCode], [CreateDate], [CreatedBy], [EditDate], [EditedBy], [Status]) VALUES (2, 1, N'Chittagong', N'?????????', N'20  ', NULL, NULL, NULL, NULL, 1)
--INSERT [dbo].[Division] ([Id], [CountryId], [DivisionNameEng], [DivisionNameBng], [BBSCode], [CreateDate], [CreatedBy], [EditDate], [EditedBy], [Status]) VALUES (3, 1, N'Dhaka', N'????', N'30  ', NULL, NULL, NULL, NULL, 1)
--INSERT [dbo].[Division] ([Id], [CountryId], [DivisionNameEng], [DivisionNameBng], [BBSCode], [CreateDate], [CreatedBy], [EditDate], [EditedBy], [Status]) VALUES (4, 1, N'Khulna', N'?????', N'40  ', NULL, NULL, NULL, NULL, 1)
--INSERT [dbo].[Division] ([Id], [CountryId], [DivisionNameEng], [DivisionNameBng], [BBSCode], [CreateDate], [CreatedBy], [EditDate], [EditedBy], [Status]) VALUES (5, 1, N'Rajshahi', N'???????', N'50  ', NULL, NULL, NULL, NULL, 1)
--INSERT [dbo].[Division] ([Id], [CountryId], [DivisionNameEng], [DivisionNameBng], [BBSCode], [CreateDate], [CreatedBy], [EditDate], [EditedBy], [Status]) VALUES (6, 1, N'Rangpur', N'?????', N'60  ', NULL, NULL, NULL, NULL, 1)
--INSERT [dbo].[Division] ([Id], [CountryId], [DivisionNameEng], [DivisionNameBng], [BBSCode], [CreateDate], [CreatedBy], [EditDate], [EditedBy], [Status]) VALUES (7, 1, N'Sylhet', N'?????', N'70  ', NULL, NULL, NULL, NULL, 1)
--INSERT [dbo].[Division] ([Id], [CountryId], [DivisionNameEng], [DivisionNameBng], [BBSCode], [CreateDate], [CreatedBy], [EditDate], [EditedBy], [Status]) VALUES (9, 1, N'Mymensingh', N'????????', N'45  ', NULL, NULL, NULL, NULL, 1)
--SET IDENTITY_INSERT [dbo].[Division] OFF
--SET IDENTITY_INSERT [dbo].[District] ON 

--INSERT [dbo].[District] ([Id], [DivisionId], [DistrictNameEng], [DistrictNameBng], [BBSCode], [CreateDate], [CreatedBy], [EditDate], [EditedBy], [Status]) VALUES (1, 1, N'Barguna', N'??????', N'04  ', NULL, NULL, NULL, NULL, 1)
--INSERT [dbo].[District] ([Id], [DivisionId], [DistrictNameEng], [DistrictNameBng], [BBSCode], [CreateDate], [CreatedBy], [EditDate], [EditedBy], [Status]) VALUES (2, 1, N'Barisal', N'??????', N'06  ', NULL, NULL, NULL, NULL, 1)
--INSERT [dbo].[District] ([Id], [DivisionId], [DistrictNameEng], [DistrictNameBng], [BBSCode], [CreateDate], [CreatedBy], [EditDate], [EditedBy], [Status]) VALUES (3, 1, N'Bhola', N'????', N'09  ', NULL, NULL, NULL, NULL, 1)
--INSERT [dbo].[District] ([Id], [DivisionId], [DistrictNameEng], [DistrictNameBng], [BBSCode], [CreateDate], [CreatedBy], [EditDate], [EditedBy], [Status]) VALUES (4, 1, N'Jhalokati', N'???????', N'42  ', NULL, NULL, NULL, NULL, 1)
--INSERT [dbo].[District] ([Id], [DivisionId], [DistrictNameEng], [DistrictNameBng], [BBSCode], [CreateDate], [CreatedBy], [EditDate], [EditedBy], [Status]) VALUES (5, 1, N'Patuakhali', N'????????? ', N'78  ', NULL, NULL, NULL, NULL, 1)
--INSERT [dbo].[District] ([Id], [DivisionId], [DistrictNameEng], [DistrictNameBng], [BBSCode], [CreateDate], [CreatedBy], [EditDate], [EditedBy], [Status]) VALUES (6, 1, N'Pirojpur', N'???????? ', N'79  ', NULL, NULL, NULL, NULL, 1)
--INSERT [dbo].[District] ([Id], [DivisionId], [DistrictNameEng], [DistrictNameBng], [BBSCode], [CreateDate], [CreatedBy], [EditDate], [EditedBy], [Status]) VALUES (7, 2, N'Bandarban', N'?????????', N'03  ', NULL, NULL, NULL, NULL, 1)
--INSERT [dbo].[District] ([Id], [DivisionId], [DistrictNameEng], [DistrictNameBng], [BBSCode], [CreateDate], [CreatedBy], [EditDate], [EditedBy], [Status]) VALUES (8, 2, N'Brahmanbaria', N'????????????????', N'12  ', NULL, NULL, NULL, NULL, 1)
--INSERT [dbo].[District] ([Id], [DivisionId], [DistrictNameEng], [DistrictNameBng], [BBSCode], [CreateDate], [CreatedBy], [EditDate], [EditedBy], [Status]) VALUES (9, 2, N'Chandpur', N'???????', N'13  ', NULL, NULL, NULL, NULL, 1)
--INSERT [dbo].[District] ([Id], [DivisionId], [DistrictNameEng], [DistrictNameBng], [BBSCode], [CreateDate], [CreatedBy], [EditDate], [EditedBy], [Status]) VALUES (10, 2, N'Chittagong', N'?????????', N'15  ', NULL, NULL, NULL, NULL, 1)
--INSERT [dbo].[District] ([Id], [DivisionId], [DistrictNameEng], [DistrictNameBng], [BBSCode], [CreateDate], [CreatedBy], [EditDate], [EditedBy], [Status]) VALUES (11, 2, N'Comilla', N'????????', N'19  ', NULL, NULL, NULL, NULL, 1)
--INSERT [dbo].[District] ([Id], [DivisionId], [DistrictNameEng], [DistrictNameBng], [BBSCode], [CreateDate], [CreatedBy], [EditDate], [EditedBy], [Status]) VALUES (12, 2, N'Cox''s Bazar', N'????????? ', N'22  ', NULL, NULL, NULL, NULL, 1)
--INSERT [dbo].[District] ([Id], [DivisionId], [DistrictNameEng], [DistrictNameBng], [BBSCode], [CreateDate], [CreatedBy], [EditDate], [EditedBy], [Status]) VALUES (13, 2, N'Feni', N'????', N'30  ', NULL, NULL, NULL, NULL, 1)
--INSERT [dbo].[District] ([Id], [DivisionId], [DistrictNameEng], [DistrictNameBng], [BBSCode], [CreateDate], [CreatedBy], [EditDate], [EditedBy], [Status]) VALUES (14, 2, N'Khagrachhari', N'????????', N'46  ', NULL, NULL, NULL, NULL, 1)
--INSERT [dbo].[District] ([Id], [DivisionId], [DistrictNameEng], [DistrictNameBng], [BBSCode], [CreateDate], [CreatedBy], [EditDate], [EditedBy], [Status]) VALUES (15, 2, N'Lakshmipur', N'??????????', N'51  ', NULL, NULL, NULL, NULL, 1)
--INSERT [dbo].[District] ([Id], [DivisionId], [DistrictNameEng], [DistrictNameBng], [BBSCode], [CreateDate], [CreatedBy], [EditDate], [EditedBy], [Status]) VALUES (16, 2, N'Noakhali', N'?????????', N'75  ', NULL, NULL, NULL, NULL, 1)
--INSERT [dbo].[District] ([Id], [DivisionId], [DistrictNameEng], [DistrictNameBng], [BBSCode], [CreateDate], [CreatedBy], [EditDate], [EditedBy], [Status]) VALUES (17, 2, N'Rangamati', N'??????????', N'84  ', NULL, NULL, NULL, NULL, 1)
--INSERT [dbo].[District] ([Id], [DivisionId], [DistrictNameEng], [DistrictNameBng], [BBSCode], [CreateDate], [CreatedBy], [EditDate], [EditedBy], [Status]) VALUES (18, 3, N'Dhaka', N'???? ', N'26  ', NULL, NULL, NULL, NULL, 1)
--INSERT [dbo].[District] ([Id], [DivisionId], [DistrictNameEng], [DistrictNameBng], [BBSCode], [CreateDate], [CreatedBy], [EditDate], [EditedBy], [Status]) VALUES (19, 3, N'Faridpur', N'??????? ', N'29  ', NULL, NULL, NULL, NULL, 1)
--INSERT [dbo].[District] ([Id], [DivisionId], [DistrictNameEng], [DistrictNameBng], [BBSCode], [CreateDate], [CreatedBy], [EditDate], [EditedBy], [Status]) VALUES (20, 3, N'Gazipur', N'??????? ', N'33  ', NULL, NULL, NULL, NULL, 1)
--INSERT [dbo].[District] ([Id], [DivisionId], [DistrictNameEng], [DistrictNameBng], [BBSCode], [CreateDate], [CreatedBy], [EditDate], [EditedBy], [Status]) VALUES (21, 3, N'Gopalganj', N'?????????', N'35  ', NULL, NULL, NULL, NULL, 1)
--INSERT [dbo].[District] ([Id], [DivisionId], [DistrictNameEng], [DistrictNameBng], [BBSCode], [CreateDate], [CreatedBy], [EditDate], [EditedBy], [Status]) VALUES (22, 9, N'Jamalpur', N'???????? ', N'39  ', NULL, NULL, NULL, NULL, 1)
--INSERT [dbo].[District] ([Id], [DivisionId], [DistrictNameEng], [DistrictNameBng], [BBSCode], [CreateDate], [CreatedBy], [EditDate], [EditedBy], [Status]) VALUES (23, 3, N'Kishoregonj', N'????????? ', N'48  ', NULL, NULL, NULL, NULL, 1)
--INSERT [dbo].[District] ([Id], [DivisionId], [DistrictNameEng], [DistrictNameBng], [BBSCode], [CreateDate], [CreatedBy], [EditDate], [EditedBy], [Status]) VALUES (24, 3, N'Madaripur', N'????????? ', N'54  ', NULL, NULL, NULL, NULL, 1)
--INSERT [dbo].[District] ([Id], [DivisionId], [DistrictNameEng], [DistrictNameBng], [BBSCode], [CreateDate], [CreatedBy], [EditDate], [EditedBy], [Status]) VALUES (25, 3, N'Manikganj', N'????????? ', N'56  ', NULL, NULL, NULL, NULL, 1)
--INSERT [dbo].[District] ([Id], [DivisionId], [DistrictNameEng], [DistrictNameBng], [BBSCode], [CreateDate], [CreatedBy], [EditDate], [EditedBy], [Status]) VALUES (26, 3, N'Munshiganj', N'?????????? ', N'59  ', NULL, NULL, NULL, NULL, 1)
--INSERT [dbo].[District] ([Id], [DivisionId], [DistrictNameEng], [DistrictNameBng], [BBSCode], [CreateDate], [CreatedBy], [EditDate], [EditedBy], [Status]) VALUES (27, 9, N'Mymensingh', N'???????? ', N'61  ', NULL, NULL, NULL, NULL, 1)
--INSERT [dbo].[District] ([Id], [DivisionId], [DistrictNameEng], [DistrictNameBng], [BBSCode], [CreateDate], [CreatedBy], [EditDate], [EditedBy], [Status]) VALUES (28, 3, N'Narayanganj', N'?????????? ', N'67  ', NULL, NULL, NULL, NULL, 1)
--INSERT [dbo].[District] ([Id], [DivisionId], [DistrictNameEng], [DistrictNameBng], [BBSCode], [CreateDate], [CreatedBy], [EditDate], [EditedBy], [Status]) VALUES (29, 3, N'Narsingdi', N'??????? ', N'68  ', NULL, NULL, NULL, NULL, 1)
--INSERT [dbo].[District] ([Id], [DivisionId], [DistrictNameEng], [DistrictNameBng], [BBSCode], [CreateDate], [CreatedBy], [EditDate], [EditedBy], [Status]) VALUES (30, 9, N'Netrakona', N'????????? ', N'72  ', NULL, NULL, NULL, NULL, 1)
--INSERT [dbo].[District] ([Id], [DivisionId], [DistrictNameEng], [DistrictNameBng], [BBSCode], [CreateDate], [CreatedBy], [EditDate], [EditedBy], [Status]) VALUES (31, 3, N'Rajbari', N'??????? ', N'82  ', NULL, NULL, NULL, NULL, 1)
--INSERT [dbo].[District] ([Id], [DivisionId], [DistrictNameEng], [DistrictNameBng], [BBSCode], [CreateDate], [CreatedBy], [EditDate], [EditedBy], [Status]) VALUES (32, 3, N'Shariatpur', N'?????????  ', N'86  ', NULL, NULL, NULL, NULL, 1)
--INSERT [dbo].[District] ([Id], [DivisionId], [DistrictNameEng], [DistrictNameBng], [BBSCode], [CreateDate], [CreatedBy], [EditDate], [EditedBy], [Status]) VALUES (33, 9, N'Sherpur', N'?????? ', N'89  ', NULL, NULL, NULL, NULL, 1)
--INSERT [dbo].[District] ([Id], [DivisionId], [DistrictNameEng], [DistrictNameBng], [BBSCode], [CreateDate], [CreatedBy], [EditDate], [EditedBy], [Status]) VALUES (34, 3, N'Tangail', N'???????? ', N'93  ', NULL, NULL, NULL, NULL, 1)
--INSERT [dbo].[District] ([Id], [DivisionId], [DistrictNameEng], [DistrictNameBng], [BBSCode], [CreateDate], [CreatedBy], [EditDate], [EditedBy], [Status]) VALUES (35, 4, N'Bagerhat', N'????????', N'01  ', NULL, NULL, NULL, NULL, 1)
--INSERT [dbo].[District] ([Id], [DivisionId], [DistrictNameEng], [DistrictNameBng], [BBSCode], [CreateDate], [CreatedBy], [EditDate], [EditedBy], [Status]) VALUES (36, 4, N'Chuadanga', N'?????????? ', N'18  ', NULL, NULL, NULL, NULL, 1)
--INSERT [dbo].[District] ([Id], [DivisionId], [DistrictNameEng], [DistrictNameBng], [BBSCode], [CreateDate], [CreatedBy], [EditDate], [EditedBy], [Status]) VALUES (37, 4, N'Jessore', N'???? ', N'41  ', NULL, NULL, NULL, NULL, 1)
--INSERT [dbo].[District] ([Id], [DivisionId], [DistrictNameEng], [DistrictNameBng], [BBSCode], [CreateDate], [CreatedBy], [EditDate], [EditedBy], [Status]) VALUES (38, 4, N'Jhenaidah', N'??????? ', N'44  ', NULL, NULL, NULL, NULL, 1)
--INSERT [dbo].[District] ([Id], [DivisionId], [DistrictNameEng], [DistrictNameBng], [BBSCode], [CreateDate], [CreatedBy], [EditDate], [EditedBy], [Status]) VALUES (39, 4, N'Khulna', N'????? ', N'47  ', NULL, NULL, NULL, NULL, 1)
--INSERT [dbo].[District] ([Id], [DivisionId], [DistrictNameEng], [DistrictNameBng], [BBSCode], [CreateDate], [CreatedBy], [EditDate], [EditedBy], [Status]) VALUES (40, 4, N'Kushtia', N'???????? ', N'50  ', NULL, NULL, NULL, NULL, 1)
--INSERT [dbo].[District] ([Id], [DivisionId], [DistrictNameEng], [DistrictNameBng], [BBSCode], [CreateDate], [CreatedBy], [EditDate], [EditedBy], [Status]) VALUES (41, 4, N'Magura', N'??????', N'55  ', NULL, NULL, NULL, NULL, 1)
--INSERT [dbo].[District] ([Id], [DivisionId], [DistrictNameEng], [DistrictNameBng], [BBSCode], [CreateDate], [CreatedBy], [EditDate], [EditedBy], [Status]) VALUES (42, 4, N'Meherpur', N'???????? ', N'57  ', NULL, NULL, NULL, NULL, 1)
--INSERT [dbo].[District] ([Id], [DivisionId], [DistrictNameEng], [DistrictNameBng], [BBSCode], [CreateDate], [CreatedBy], [EditDate], [EditedBy], [Status]) VALUES (43, 4, N'Narail', N'?????? ', N'65  ', NULL, NULL, NULL, NULL, 1)
--INSERT [dbo].[District] ([Id], [DivisionId], [DistrictNameEng], [DistrictNameBng], [BBSCode], [CreateDate], [CreatedBy], [EditDate], [EditedBy], [Status]) VALUES (44, 4, N'Satkhira', N'????????? ', N'87  ', NULL, NULL, NULL, NULL, 1)
--INSERT [dbo].[District] ([Id], [DivisionId], [DistrictNameEng], [DistrictNameBng], [BBSCode], [CreateDate], [CreatedBy], [EditDate], [EditedBy], [Status]) VALUES (45, 5, N'Bogra', N'????? ', N'10  ', NULL, NULL, NULL, NULL, 1)
--INSERT [dbo].[District] ([Id], [DivisionId], [DistrictNameEng], [DistrictNameBng], [BBSCode], [CreateDate], [CreatedBy], [EditDate], [EditedBy], [Status]) VALUES (46, 5, N'Joypurhat', N'????????', N'38  ', NULL, NULL, NULL, NULL, 1)
--INSERT [dbo].[District] ([Id], [DivisionId], [DistrictNameEng], [DistrictNameBng], [BBSCode], [CreateDate], [CreatedBy], [EditDate], [EditedBy], [Status]) VALUES (47, 5, N'Naogaon', N'????? ', N'64  ', NULL, NULL, NULL, NULL, 1)
--INSERT [dbo].[District] ([Id], [DivisionId], [DistrictNameEng], [DistrictNameBng], [BBSCode], [CreateDate], [CreatedBy], [EditDate], [EditedBy], [Status]) VALUES (48, 5, N'Natore', N'????? ', N'69  ', NULL, NULL, NULL, NULL, 1)
--INSERT [dbo].[District] ([Id], [DivisionId], [DistrictNameEng], [DistrictNameBng], [BBSCode], [CreateDate], [CreatedBy], [EditDate], [EditedBy], [Status]) VALUES (49, 5, N'Chapai Nababganj', N'?????? ????????? ', N'70  ', NULL, NULL, NULL, NULL, 1)
--INSERT [dbo].[District] ([Id], [DivisionId], [DistrictNameEng], [DistrictNameBng], [BBSCode], [CreateDate], [CreatedBy], [EditDate], [EditedBy], [Status]) VALUES (50, 5, N'Pabna', N'?????', N'76  ', NULL, NULL, NULL, NULL, 1)
--INSERT [dbo].[District] ([Id], [DivisionId], [DistrictNameEng], [DistrictNameBng], [BBSCode], [CreateDate], [CreatedBy], [EditDate], [EditedBy], [Status]) VALUES (51, 5, N'Rajshahi', N'??????? ', N'81  ', NULL, NULL, NULL, NULL, 1)
--INSERT [dbo].[District] ([Id], [DivisionId], [DistrictNameEng], [DistrictNameBng], [BBSCode], [CreateDate], [CreatedBy], [EditDate], [EditedBy], [Status]) VALUES (52, 5, N'Sirajganj', N'?????????', N'88  ', NULL, NULL, NULL, NULL, 1)
--INSERT [dbo].[District] ([Id], [DivisionId], [DistrictNameEng], [DistrictNameBng], [BBSCode], [CreateDate], [CreatedBy], [EditDate], [EditedBy], [Status]) VALUES (53, 6, N'Dinajpur', N'???????? ', N'27  ', NULL, NULL, NULL, NULL, 1)
--INSERT [dbo].[District] ([Id], [DivisionId], [DistrictNameEng], [DistrictNameBng], [BBSCode], [CreateDate], [CreatedBy], [EditDate], [EditedBy], [Status]) VALUES (54, 6, N'Gaibandha', N'????????? ', N'32  ', NULL, NULL, NULL, NULL, 1)
--INSERT [dbo].[District] ([Id], [DivisionId], [DistrictNameEng], [DistrictNameBng], [BBSCode], [CreateDate], [CreatedBy], [EditDate], [EditedBy], [Status]) VALUES (55, 6, N'Kurigram', N'????????? ', N'49  ', NULL, NULL, NULL, NULL, 1)
--INSERT [dbo].[District] ([Id], [DivisionId], [DistrictNameEng], [DistrictNameBng], [BBSCode], [CreateDate], [CreatedBy], [EditDate], [EditedBy], [Status]) VALUES (56, 6, N'Lalmonirhat', N'?????????? ', N'52  ', NULL, NULL, NULL, NULL, 1)
--INSERT [dbo].[District] ([Id], [DivisionId], [DistrictNameEng], [DistrictNameBng], [BBSCode], [CreateDate], [CreatedBy], [EditDate], [EditedBy], [Status]) VALUES (57, 6, N'Nilphamari', N'?????????', N'73  ', NULL, NULL, NULL, NULL, 1)
--INSERT [dbo].[District] ([Id], [DivisionId], [DistrictNameEng], [DistrictNameBng], [BBSCode], [CreateDate], [CreatedBy], [EditDate], [EditedBy], [Status]) VALUES (58, 6, N'Panchagarh', N'??????? ', N'77  ', NULL, NULL, NULL, NULL, 1)
--INSERT [dbo].[District] ([Id], [DivisionId], [DistrictNameEng], [DistrictNameBng], [BBSCode], [CreateDate], [CreatedBy], [EditDate], [EditedBy], [Status]) VALUES (59, 6, N'Rangpur', N'????? ', N'85  ', NULL, NULL, NULL, NULL, 1)
--INSERT [dbo].[District] ([Id], [DivisionId], [DistrictNameEng], [DistrictNameBng], [BBSCode], [CreateDate], [CreatedBy], [EditDate], [EditedBy], [Status]) VALUES (60, 6, N'Thakurgaon', N'?????????', N'94  ', NULL, NULL, NULL, NULL, 1)
--INSERT [dbo].[District] ([Id], [DivisionId], [DistrictNameEng], [DistrictNameBng], [BBSCode], [CreateDate], [CreatedBy], [EditDate], [EditedBy], [Status]) VALUES (61, 7, N'Habiganj', N'??????? ', N'36  ', NULL, NULL, NULL, NULL, 1)
--INSERT [dbo].[District] ([Id], [DivisionId], [DistrictNameEng], [DistrictNameBng], [BBSCode], [CreateDate], [CreatedBy], [EditDate], [EditedBy], [Status]) VALUES (62, 7, N'Maulvibazar', N'?????????? ', N'58  ', NULL, NULL, NULL, NULL, 1)
--INSERT [dbo].[District] ([Id], [DivisionId], [DistrictNameEng], [DistrictNameBng], [BBSCode], [CreateDate], [CreatedBy], [EditDate], [EditedBy], [Status]) VALUES (63, 7, N'Sunamganj', N'????????? ', N'90  ', NULL, NULL, NULL, NULL, 1)
--INSERT [dbo].[District] ([Id], [DivisionId], [DistrictNameEng], [DistrictNameBng], [BBSCode], [CreateDate], [CreatedBy], [EditDate], [EditedBy], [Status]) VALUES (64, 7, N'Sylhet', N'?????', N'91  ', NULL, NULL, NULL, NULL, 1)
--SET IDENTITY_INSERT [dbo].[District] OFF

--SET IDENTITY_INSERT [dbo].[Thana] ON 

--INSERT [dbo].[Thana] ([Id], [ThanaNameEng], [ThanaNameBng], [BBSCode], [DistrictId], [CreateDate], [CreatedBy], [EditDate], [EditedBy], [Status]) VALUES (1, N'Bagerhat Sadar', N'???????? ???', N'8', 35, NULL, NULL, NULL, NULL, 1)
--INSERT [dbo].[Thana] ([Id], [ThanaNameEng], [ThanaNameBng], [BBSCode], [DistrictId], [CreateDate], [CreatedBy], [EditDate], [EditedBy], [Status]) VALUES (2, N'Chitalmari', N'????????', N'14', 35, NULL, NULL, NULL, NULL, 1)
--INSERT [dbo].[Thana] ([Id], [ThanaNameEng], [ThanaNameBng], [BBSCode], [DistrictId], [CreateDate], [CreatedBy], [EditDate], [EditedBy], [Status]) VALUES (3, N'Fakirhat', N'???????', N'34', 35, NULL, NULL, NULL, NULL, 1)
--INSERT [dbo].[Thana] ([Id], [ThanaNameEng], [ThanaNameBng], [BBSCode], [DistrictId], [CreateDate], [CreatedBy], [EditDate], [EditedBy], [Status]) VALUES (4, N'Kachua', N'?????', N'38', 35, NULL, NULL, NULL, NULL, 1)
--INSERT [dbo].[Thana] ([Id], [ThanaNameEng], [ThanaNameBng], [BBSCode], [DistrictId], [CreateDate], [CreatedBy], [EditDate], [EditedBy], [Status]) VALUES (5, N'Mollahat', N'?????????', N'56', 35, NULL, NULL, NULL, NULL, 1)
--INSERT [dbo].[Thana] ([Id], [ThanaNameEng], [ThanaNameBng], [BBSCode], [DistrictId], [CreateDate], [CreatedBy], [EditDate], [EditedBy], [Status]) VALUES (6, N'Mongla', N'?????', N'58', 35, NULL, NULL, NULL, NULL, 1)
--INSERT [dbo].[Thana] ([Id], [ThanaNameEng], [ThanaNameBng], [BBSCode], [DistrictId], [CreateDate], [CreatedBy], [EditDate], [EditedBy], [Status]) VALUES (7, N'Morrelganj', N'????????', N'60', 35, NULL, NULL, NULL, NULL, 1)
--INSERT [dbo].[Thana] ([Id], [ThanaNameEng], [ThanaNameBng], [BBSCode], [DistrictId], [CreateDate], [CreatedBy], [EditDate], [EditedBy], [Status]) VALUES (8, N'Rampal', N'??????', N'73', 35, NULL, NULL, NULL, NULL, 1)
--INSERT [dbo].[Thana] ([Id], [ThanaNameEng], [ThanaNameBng], [BBSCode], [DistrictId], [CreateDate], [CreatedBy], [EditDate], [EditedBy], [Status]) VALUES (9, N'Sarankhola', N'???????', N'77', 35, NULL, NULL, NULL, NULL, 1)
--INSERT [dbo].[Thana] ([Id], [ThanaNameEng], [ThanaNameBng], [BBSCode], [DistrictId], [CreateDate], [CreatedBy], [EditDate], [EditedBy], [Status]) VALUES (10, N'Alikadam', N'??????', N'4', 7, NULL, NULL, NULL, NULL, 1)
--INSERT [dbo].[Thana] ([Id], [ThanaNameEng], [ThanaNameBng], [BBSCode], [DistrictId], [CreateDate], [CreatedBy], [EditDate], [EditedBy], [Status]) VALUES (11, N'Bandarban Sadar', N'????????? ???', N'14', 7, NULL, NULL, NULL, NULL, 1)
--INSERT [dbo].[Thana] ([Id], [ThanaNameEng], [ThanaNameBng], [BBSCode], [DistrictId], [CreateDate], [CreatedBy], [EditDate], [EditedBy], [Status]) VALUES (12, N'Lama', N'????', N'51', 7, NULL, NULL, NULL, NULL, 1)
--INSERT [dbo].[Thana] ([Id], [ThanaNameEng], [ThanaNameBng], [BBSCode], [DistrictId], [CreateDate], [CreatedBy], [EditDate], [EditedBy], [Status]) VALUES (13, N'Naikhongchhari', N'????????????', N'73', 7, NULL, NULL, NULL, NULL, 1)
--INSERT [dbo].[Thana] ([Id], [ThanaNameEng], [ThanaNameBng], [BBSCode], [DistrictId], [CreateDate], [CreatedBy], [EditDate], [EditedBy], [Status]) VALUES (14, N'Rowangchhari', N'????????', N'89', 7, NULL, NULL, NULL, NULL, 1)
--INSERT [dbo].[Thana] ([Id], [ThanaNameEng], [ThanaNameBng], [BBSCode], [DistrictId], [CreateDate], [CreatedBy], [EditDate], [EditedBy], [Status]) VALUES (15, N'Ruma', N'????', N'91', 7, NULL, NULL, NULL, NULL, 1)
--INSERT [dbo].[Thana] ([Id], [ThanaNameEng], [ThanaNameBng], [BBSCode], [DistrictId], [CreateDate], [CreatedBy], [EditDate], [EditedBy], [Status]) VALUES (16, N'Thanchi', N'???????', N'95', 7, NULL, NULL, NULL, NULL, 1)
--INSERT [dbo].[Thana] ([Id], [ThanaNameEng], [ThanaNameBng], [BBSCode], [DistrictId], [CreateDate], [CreatedBy], [EditDate], [EditedBy], [Status]) VALUES (17, N'Amtali', N'?????', N'9', 1, NULL, NULL, NULL, NULL, 1)
--INSERT [dbo].[Thana] ([Id], [ThanaNameEng], [ThanaNameBng], [BBSCode], [DistrictId], [CreateDate], [CreatedBy], [EditDate], [EditedBy], [Status]) VALUES (18, N'Bamna', N'?????', N'19', 1, NULL, NULL, NULL, NULL, 1)
--INSERT [dbo].[Thana] ([Id], [ThanaNameEng], [ThanaNameBng], [BBSCode], [DistrictId], [CreateDate], [CreatedBy], [EditDate], [EditedBy], [Status]) VALUES (19, N'Barguna Sadar', N'?????? ???', N'28', 1, NULL, NULL, NULL, NULL, 1)
--INSERT [dbo].[Thana] ([Id], [ThanaNameEng], [ThanaNameBng], [BBSCode], [DistrictId], [CreateDate], [CreatedBy], [EditDate], [EditedBy], [Status]) VALUES (20, N'Betagi', N'??????', N'47', 1, NULL, NULL, NULL, NULL, 1)
--INSERT [dbo].[Thana] ([Id], [ThanaNameEng], [ThanaNameBng], [BBSCode], [DistrictId], [CreateDate], [CreatedBy], [EditDate], [EditedBy], [Status]) VALUES (21, N'Patharghata', N'????????', N'85', 1, NULL, NULL, NULL, NULL, 1)
--INSERT [dbo].[Thana] ([Id], [ThanaNameEng], [ThanaNameBng], [BBSCode], [DistrictId], [CreateDate], [CreatedBy], [EditDate], [EditedBy], [Status]) VALUES (22, N'Taltali', N'??????', N'90', 1, NULL, NULL, NULL, NULL, 1)
--INSERT [dbo].[Thana] ([Id], [ThanaNameEng], [ThanaNameBng], [BBSCode], [DistrictId], [CreateDate], [CreatedBy], [EditDate], [EditedBy], [Status]) VALUES (23, N'Agailjhara', N'????????', N'2', 2, NULL, NULL, NULL, NULL, 1)
--INSERT [dbo].[Thana] ([Id], [ThanaNameEng], [ThanaNameBng], [BBSCode], [DistrictId], [CreateDate], [CreatedBy], [EditDate], [EditedBy], [Status]) VALUES (24, N'Babuganj', N'????????', N'3', 2, NULL, NULL, NULL, NULL, 1)
--INSERT [dbo].[Thana] ([Id], [ThanaNameEng], [ThanaNameBng], [BBSCode], [DistrictId], [CreateDate], [CreatedBy], [EditDate], [EditedBy], [Status]) VALUES (25, N'Bakerganj', N'?????????', N'7', 2, NULL, NULL, NULL, NULL, 1)
--INSERT [dbo].[Thana] ([Id], [ThanaNameEng], [ThanaNameBng], [BBSCode], [DistrictId], [CreateDate], [CreatedBy], [EditDate], [EditedBy], [Status]) VALUES (26, N'Banari Para', N'?????? ????', N'10', 2, NULL, NULL, NULL, NULL, 1)
--INSERT [dbo].[Thana] ([Id], [ThanaNameEng], [ThanaNameBng], [BBSCode], [DistrictId], [CreateDate], [CreatedBy], [EditDate], [EditedBy], [Status]) VALUES (27, N'Gaurnadi', N'??????', N'32', 2, NULL, NULL, NULL, NULL, 1)
--INSERT [dbo].[Thana] ([Id], [ThanaNameEng], [ThanaNameBng], [BBSCode], [DistrictId], [CreateDate], [CreatedBy], [EditDate], [EditedBy], [Status]) VALUES (28, N'Hizla', N'?????', N'36', 2, NULL, NULL, NULL, NULL, 1)
--INSERT [dbo].[Thana] ([Id], [ThanaNameEng], [ThanaNameBng], [BBSCode], [DistrictId], [CreateDate], [CreatedBy], [EditDate], [EditedBy], [Status]) VALUES (29, N'Barisal Sadar (Kotwali)', N'?????? ???', N'51', 2, NULL, NULL, NULL, NULL, 1)
--INSERT [dbo].[Thana] ([Id], [ThanaNameEng], [ThanaNameBng], [BBSCode], [DistrictId], [CreateDate], [CreatedBy], [EditDate], [EditedBy], [Status]) VALUES (30, N'Mehendiganj', N'????????????', N'62', 2, NULL, NULL, NULL, NULL, 1)
--INSERT [dbo].[Thana] ([Id], [ThanaNameEng], [ThanaNameBng], [BBSCode], [DistrictId], [CreateDate], [CreatedBy], [EditDate], [EditedBy], [Status]) VALUES (31, N'Muladi', N'??????', N'69', 2, NULL, NULL, NULL, NULL, 1)
--INSERT [dbo].[Thana] ([Id], [ThanaNameEng], [ThanaNameBng], [BBSCode], [DistrictId], [CreateDate], [CreatedBy], [EditDate], [EditedBy], [Status]) VALUES (32, N'Wazirpur', N'???????', N'94', 2, NULL, NULL, NULL, NULL, 1)
--INSERT [dbo].[Thana] ([Id], [ThanaNameEng], [ThanaNameBng], [BBSCode], [DistrictId], [CreateDate], [CreatedBy], [EditDate], [EditedBy], [Status]) VALUES (33, N'Bhola Sadar', N'???? ???', N'18', 3, NULL, NULL, NULL, NULL, 1)
--INSERT [dbo].[Thana] ([Id], [ThanaNameEng], [ThanaNameBng], [BBSCode], [DistrictId], [CreateDate], [CreatedBy], [EditDate], [EditedBy], [Status]) VALUES (34, N'Burhanuddin', N'????????????', N'21', 3, NULL, NULL, NULL, NULL, 1)
--INSERT [dbo].[Thana] ([Id], [ThanaNameEng], [ThanaNameBng], [BBSCode], [DistrictId], [CreateDate], [CreatedBy], [EditDate], [EditedBy], [Status]) VALUES (35, N'Char Fasson', N'????????', N'25', 3, NULL, NULL, NULL, NULL, 1)
--INSERT [dbo].[Thana] ([Id], [ThanaNameEng], [ThanaNameBng], [BBSCode], [DistrictId], [CreateDate], [CreatedBy], [EditDate], [EditedBy], [Status]) VALUES (36, N'Daulat Khan', N'???? ???', N'29', 3, NULL, NULL, NULL, NULL, 1)
--INSERT [dbo].[Thana] ([Id], [ThanaNameEng], [ThanaNameBng], [BBSCode], [DistrictId], [CreateDate], [CreatedBy], [EditDate], [EditedBy], [Status]) VALUES (37, N'Lalmohan', N'???????', N'54', 3, NULL, NULL, NULL, NULL, 1)
--INSERT [dbo].[Thana] ([Id], [ThanaNameEng], [ThanaNameBng], [BBSCode], [DistrictId], [CreateDate], [CreatedBy], [EditDate], [EditedBy], [Status]) VALUES (38, N'Manpura', N'??????', N'65', 3, NULL, NULL, NULL, NULL, 1)
--INSERT [dbo].[Thana] ([Id], [ThanaNameEng], [ThanaNameBng], [BBSCode], [DistrictId], [CreateDate], [CreatedBy], [EditDate], [EditedBy], [Status]) VALUES (39, N'Tazumuddin', N'??????????', N'91', 3, NULL, NULL, NULL, NULL, 1)
--INSERT [dbo].[Thana] ([Id], [ThanaNameEng], [ThanaNameBng], [BBSCode], [DistrictId], [CreateDate], [CreatedBy], [EditDate], [EditedBy], [Status]) VALUES (40, N'Adamdighi', N'???????', N'6', 45, NULL, NULL, NULL, NULL, 1)
--INSERT [dbo].[Thana] ([Id], [ThanaNameEng], [ThanaNameBng], [BBSCode], [DistrictId], [CreateDate], [CreatedBy], [EditDate], [EditedBy], [Status]) VALUES (41, N'Bogra Sadar', N'????? ???', N'20', 45, NULL, NULL, NULL, NULL, 1)
--INSERT [dbo].[Thana] ([Id], [ThanaNameEng], [ThanaNameBng], [BBSCode], [DistrictId], [CreateDate], [CreatedBy], [EditDate], [EditedBy], [Status]) VALUES (42, N'Dhunat', N'????', N'27', 45, NULL, NULL, NULL, NULL, 1)
--INSERT [dbo].[Thana] ([Id], [ThanaNameEng], [ThanaNameBng], [BBSCode], [DistrictId], [CreateDate], [CreatedBy], [EditDate], [EditedBy], [Status]) VALUES (43, N'Dhupchanchia', N'??????????', N'33', 45, NULL, NULL, NULL, NULL, 1)
--INSERT [dbo].[Thana] ([Id], [ThanaNameEng], [ThanaNameBng], [BBSCode], [DistrictId], [CreateDate], [CreatedBy], [EditDate], [EditedBy], [Status]) VALUES (44, N'Gabtali', N'??????', N'40', 45, NULL, NULL, NULL, NULL, 1)
--INSERT [dbo].[Thana] ([Id], [ThanaNameEng], [ThanaNameBng], [BBSCode], [DistrictId], [CreateDate], [CreatedBy], [EditDate], [EditedBy], [Status]) VALUES (45, N'Kahaloo', N'??????', N'54', 45, NULL, NULL, NULL, NULL, 1)
--INSERT [dbo].[Thana] ([Id], [ThanaNameEng], [ThanaNameBng], [BBSCode], [DistrictId], [CreateDate], [CreatedBy], [EditDate], [EditedBy], [Status]) VALUES (46, N'Nandigram', N'??????????', N'67', 45, NULL, NULL, NULL, NULL, 1)
--INSERT [dbo].[Thana] ([Id], [ThanaNameEng], [ThanaNameBng], [BBSCode], [DistrictId], [CreateDate], [CreatedBy], [EditDate], [EditedBy], [Status]) VALUES (47, N'Sariakandi', N'????????????', N'81', 45, NULL, NULL, NULL, NULL, 1)
--INSERT [dbo].[Thana] ([Id], [ThanaNameEng], [ThanaNameBng], [BBSCode], [DistrictId], [CreateDate], [CreatedBy], [EditDate], [EditedBy], [Status]) VALUES (48, N'Shajahanpur', N'???????????', N'85', 45, NULL, NULL, NULL, NULL, 1)
--INSERT [dbo].[Thana] ([Id], [ThanaNameEng], [ThanaNameBng], [BBSCode], [DistrictId], [CreateDate], [CreatedBy], [EditDate], [EditedBy], [Status]) VALUES (49, N'Sherpur', N'??????', N'88', 45, NULL, NULL, NULL, NULL, 1)
--INSERT [dbo].[Thana] ([Id], [ThanaNameEng], [ThanaNameBng], [BBSCode], [DistrictId], [CreateDate], [CreatedBy], [EditDate], [EditedBy], [Status]) VALUES (50, N'Shibganj', N'?????????', N'94', 45, NULL, NULL, NULL, NULL, 1)
--INSERT [dbo].[Thana] ([Id], [ThanaNameEng], [ThanaNameBng], [BBSCode], [DistrictId], [CreateDate], [CreatedBy], [EditDate], [EditedBy], [Status]) VALUES (51, N'Sonatola', N'???????', N'95', 45, NULL, NULL, NULL, NULL, 1)
--INSERT [dbo].[Thana] ([Id], [ThanaNameEng], [ThanaNameBng], [BBSCode], [DistrictId], [CreateDate], [CreatedBy], [EditDate], [EditedBy], [Status]) VALUES (52, N'Akhaura', N'??????', N'2', 8, NULL, NULL, NULL, NULL, 1)
--INSERT [dbo].[Thana] ([Id], [ThanaNameEng], [ThanaNameBng], [BBSCode], [DistrictId], [CreateDate], [CreatedBy], [EditDate], [EditedBy], [Status]) VALUES (53, N'Banchharampur', N'????????????', N'4', 8, NULL, NULL, NULL, NULL, 1)
--INSERT [dbo].[Thana] ([Id], [ThanaNameEng], [ThanaNameBng], [BBSCode], [DistrictId], [CreateDate], [CreatedBy], [EditDate], [EditedBy], [Status]) VALUES (54, N'Bijoynagar', N'???????', N'7', 8, NULL, NULL, NULL, NULL, 1)
--INSERT [dbo].[Thana] ([Id], [ThanaNameEng], [ThanaNameBng], [BBSCode], [DistrictId], [CreateDate], [CreatedBy], [EditDate], [EditedBy], [Status]) VALUES (55, N'Brahmanbaria Sadar', N'???????????????? ???', N'13', 8, NULL, NULL, NULL, NULL, 1)
--INSERT [dbo].[Thana] ([Id], [ThanaNameEng], [ThanaNameBng], [BBSCode], [DistrictId], [CreateDate], [CreatedBy], [EditDate], [EditedBy], [Status]) VALUES (56, N'Ashuganj', N'???????', N'33', 8, NULL, NULL, NULL, NULL, 1)
--INSERT [dbo].[Thana] ([Id], [ThanaNameEng], [ThanaNameBng], [BBSCode], [DistrictId], [CreateDate], [CreatedBy], [EditDate], [EditedBy], [Status]) VALUES (57, N'Kasba', N'??????', N'63', 8, NULL, NULL, NULL, NULL, 1)
--INSERT [dbo].[Thana] ([Id], [ThanaNameEng], [ThanaNameBng], [BBSCode], [DistrictId], [CreateDate], [CreatedBy], [EditDate], [EditedBy], [Status]) VALUES (58, N'Nabinagar', N'??????', N'85', 8, NULL, NULL, NULL, NULL, 1)
--INSERT [dbo].[Thana] ([Id], [ThanaNameEng], [ThanaNameBng], [BBSCode], [DistrictId], [CreateDate], [CreatedBy], [EditDate], [EditedBy], [Status]) VALUES (59, N'Nasirnagar', N'????????', N'90', 8, NULL, NULL, NULL, NULL, 1)
--INSERT [dbo].[Thana] ([Id], [ThanaNameEng], [ThanaNameBng], [BBSCode], [DistrictId], [CreateDate], [CreatedBy], [EditDate], [EditedBy], [Status]) VALUES (60, N'Sarail', N'?????', N'94', 8, NULL, NULL, NULL, NULL, 1)
--INSERT [dbo].[Thana] ([Id], [ThanaNameEng], [ThanaNameBng], [BBSCode], [DistrictId], [CreateDate], [CreatedBy], [EditDate], [EditedBy], [Status]) VALUES (61, N'Chandpur Sadar', N'??????? ???', N'22', 9, NULL, NULL, NULL, NULL, 1)
--INSERT [dbo].[Thana] ([Id], [ThanaNameEng], [ThanaNameBng], [BBSCode], [DistrictId], [CreateDate], [CreatedBy], [EditDate], [EditedBy], [Status]) VALUES (62, N'Faridganj', N'????????', N'45', 9, NULL, NULL, NULL, NULL, 1)
--INSERT [dbo].[Thana] ([Id], [ThanaNameEng], [ThanaNameBng], [BBSCode], [DistrictId], [CreateDate], [CreatedBy], [EditDate], [EditedBy], [Status]) VALUES (63, N'Haim Char', N'??????', N'47', 9, NULL, NULL, NULL, NULL, 1)
--INSERT [dbo].[Thana] ([Id], [ThanaNameEng], [ThanaNameBng], [BBSCode], [DistrictId], [CreateDate], [CreatedBy], [EditDate], [EditedBy], [Status]) VALUES (64, N'Hajiganj', N'????????', N'49', 9, NULL, NULL, NULL, NULL, 1)
--INSERT [dbo].[Thana] ([Id], [ThanaNameEng], [ThanaNameBng], [BBSCode], [DistrictId], [CreateDate], [CreatedBy], [EditDate], [EditedBy], [Status]) VALUES (65, N'Kachua', N'?????', N'58', 9, NULL, NULL, NULL, NULL, 1)
--INSERT [dbo].[Thana] ([Id], [ThanaNameEng], [ThanaNameBng], [BBSCode], [DistrictId], [CreateDate], [CreatedBy], [EditDate], [EditedBy], [Status]) VALUES (66, N'Matlab Dakshin', N'???? ??????', N'76', 9, NULL, NULL, NULL, NULL, 1)
--INSERT [dbo].[Thana] ([Id], [ThanaNameEng], [ThanaNameBng], [BBSCode], [DistrictId], [CreateDate], [CreatedBy], [EditDate], [EditedBy], [Status]) VALUES (67, N'Matlab Uttar', N'???? ?????', N'79', 9, NULL, NULL, NULL, NULL, 1)
--INSERT [dbo].[Thana] ([Id], [ThanaNameEng], [ThanaNameBng], [BBSCode], [DistrictId], [CreateDate], [CreatedBy], [EditDate], [EditedBy], [Status]) VALUES (68, N'Shahrasti', N'?????????', N'95', 9, NULL, NULL, NULL, NULL, 1)
--INSERT [dbo].[Thana] ([Id], [ThanaNameEng], [ThanaNameBng], [BBSCode], [DistrictId], [CreateDate], [CreatedBy], [EditDate], [EditedBy], [Status]) VALUES (69, N'Anowara', N'???????', N'4', 10, NULL, NULL, NULL, NULL, 1)
--INSERT [dbo].[Thana] ([Id], [ThanaNameEng], [ThanaNameBng], [BBSCode], [DistrictId], [CreateDate], [CreatedBy], [EditDate], [EditedBy], [Status]) VALUES (70, N'Bayejid Bostami', N'?????? ????????', N'6', 10, NULL, NULL, NULL, NULL, 1)
--INSERT [dbo].[Thana] ([Id], [ThanaNameEng], [ThanaNameBng], [BBSCode], [DistrictId], [CreateDate], [CreatedBy], [EditDate], [EditedBy], [Status]) VALUES (71, N'Banshkhali', N'????????', N'8', 10, NULL, NULL, NULL, NULL, 1)
--INSERT [dbo].[Thana] ([Id], [ThanaNameEng], [ThanaNameBng], [BBSCode], [DistrictId], [CreateDate], [CreatedBy], [EditDate], [EditedBy], [Status]) VALUES (72, N'Bakalia', N'???????', N'10', 10, NULL, NULL, NULL, NULL, 1)
--INSERT [dbo].[Thana] ([Id], [ThanaNameEng], [ThanaNameBng], [BBSCode], [DistrictId], [CreateDate], [CreatedBy], [EditDate], [EditedBy], [Status]) VALUES (73, N'Boalkhali', N'?????????', N'12', 10, NULL, NULL, NULL, NULL, 1)
--INSERT [dbo].[Thana] ([Id], [ThanaNameEng], [ThanaNameBng], [BBSCode], [DistrictId], [CreateDate], [CreatedBy], [EditDate], [EditedBy], [Status]) VALUES (74, N'Chandanaish', N'????????', N'18', 10, NULL, NULL, NULL, NULL, 1)
--INSERT [dbo].[Thana] ([Id], [ThanaNameEng], [ThanaNameBng], [BBSCode], [DistrictId], [CreateDate], [CreatedBy], [EditDate], [EditedBy], [Status]) VALUES (75, N'Chandgaon', N'???????', N'19', 10, NULL, NULL, NULL, NULL, 1)
--INSERT [dbo].[Thana] ([Id], [ThanaNameEng], [ThanaNameBng], [BBSCode], [DistrictId], [CreateDate], [CreatedBy], [EditDate], [EditedBy], [Status]) VALUES (76, N'Chittagong Port', N'????????? ?????', N'20', 10, NULL, NULL, NULL, NULL, 1)
--INSERT [dbo].[Thana] ([Id], [ThanaNameEng], [ThanaNameBng], [BBSCode], [DistrictId], [CreateDate], [CreatedBy], [EditDate], [EditedBy], [Status]) VALUES (77, N'Double Mooring', N'????????', N'28', 10, NULL, NULL, NULL, NULL, 1)
--INSERT [dbo].[Thana] ([Id], [ThanaNameEng], [ThanaNameBng], [BBSCode], [DistrictId], [CreateDate], [CreatedBy], [EditDate], [EditedBy], [Status]) VALUES (78, N'Karnafuli (Police Station)', N'???????? (????? ??????)', N'39', 10, NULL, NULL, NULL, NULL, 1)
--INSERT [dbo].[Thana] ([Id], [ThanaNameEng], [ThanaNameBng], [BBSCode], [DistrictId], [CreateDate], [CreatedBy], [EditDate], [EditedBy], [Status]) VALUES (79, N'Fatikchhari', N'???????', N'33', 10, NULL, NULL, NULL, NULL, 1)
--INSERT [dbo].[Thana] ([Id], [ThanaNameEng], [ThanaNameBng], [BBSCode], [DistrictId], [CreateDate], [CreatedBy], [EditDate], [EditedBy], [Status]) VALUES (80, N'Halishahar', N'???????', N'35', 10, NULL, NULL, NULL, NULL, 1)
--INSERT [dbo].[Thana] ([Id], [ThanaNameEng], [ThanaNameBng], [BBSCode], [DistrictId], [CreateDate], [CreatedBy], [EditDate], [EditedBy], [Status]) VALUES (81, N'Hathazari', N'?????????', N'37', 10, NULL, NULL, NULL, NULL, 1)
--INSERT [dbo].[Thana] ([Id], [ThanaNameEng], [ThanaNameBng], [BBSCode], [DistrictId], [CreateDate], [CreatedBy], [EditDate], [EditedBy], [Status]) VALUES (82, N'Kotwali', N'???????', N'41', 10, NULL, NULL, NULL, NULL, 1)
--INSERT [dbo].[Thana] ([Id], [ThanaNameEng], [ThanaNameBng], [BBSCode], [DistrictId], [CreateDate], [CreatedBy], [EditDate], [EditedBy], [Status]) VALUES (83, N'Khulshi', N'???????', N'43', 10, NULL, NULL, NULL, NULL, 1)
--INSERT [dbo].[Thana] ([Id], [ThanaNameEng], [ThanaNameBng], [BBSCode], [DistrictId], [CreateDate], [CreatedBy], [EditDate], [EditedBy], [Status]) VALUES (84, N'Lohagara', N'???????', N'47', 10, NULL, NULL, NULL, NULL, 1)
--INSERT [dbo].[Thana] ([Id], [ThanaNameEng], [ThanaNameBng], [BBSCode], [DistrictId], [CreateDate], [CreatedBy], [EditDate], [EditedBy], [Status]) VALUES (85, N'Mirsharai', N'???????', N'53', 10, NULL, NULL, NULL, NULL, 1)
--INSERT [dbo].[Thana] ([Id], [ThanaNameEng], [ThanaNameBng], [BBSCode], [DistrictId], [CreateDate], [CreatedBy], [EditDate], [EditedBy], [Status]) VALUES (86, N'Pahartali', N'????????', N'55', 10, NULL, NULL, NULL, NULL, 1)
--INSERT [dbo].[Thana] ([Id], [ThanaNameEng], [ThanaNameBng], [BBSCode], [DistrictId], [CreateDate], [CreatedBy], [EditDate], [EditedBy], [Status]) VALUES (87, N'Panchlaish', N'????????', N'57', 10, NULL, NULL, NULL, NULL, 1)
--INSERT [dbo].[Thana] ([Id], [ThanaNameEng], [ThanaNameBng], [BBSCode], [DistrictId], [CreateDate], [CreatedBy], [EditDate], [EditedBy], [Status]) VALUES (88, N'Patiya', N'?????', N'61', 10, NULL, NULL, NULL, NULL, 1)
--INSERT [dbo].[Thana] ([Id], [ThanaNameEng], [ThanaNameBng], [BBSCode], [DistrictId], [CreateDate], [CreatedBy], [EditDate], [EditedBy], [Status]) VALUES (89, N'Patenga', N'???????', N'65', 10, NULL, NULL, NULL, NULL, 1)
--INSERT [dbo].[Thana] ([Id], [ThanaNameEng], [ThanaNameBng], [BBSCode], [DistrictId], [CreateDate], [CreatedBy], [EditDate], [EditedBy], [Status]) VALUES (90, N'Rangunia', N'?????????', N'70', 10, NULL, NULL, NULL, NULL, 1)
--INSERT [dbo].[Thana] ([Id], [ThanaNameEng], [ThanaNameBng], [BBSCode], [DistrictId], [CreateDate], [CreatedBy], [EditDate], [EditedBy], [Status]) VALUES (91, N'Raozan', N'??????', N'74', 10, NULL, NULL, NULL, NULL, 1)
--INSERT [dbo].[Thana] ([Id], [ThanaNameEng], [ThanaNameBng], [BBSCode], [DistrictId], [CreateDate], [CreatedBy], [EditDate], [EditedBy], [Status]) VALUES (92, N'Sandwip', N'????????', N'78', 10, NULL, NULL, NULL, NULL, 1)
--INSERT [dbo].[Thana] ([Id], [ThanaNameEng], [ThanaNameBng], [BBSCode], [DistrictId], [CreateDate], [CreatedBy], [EditDate], [EditedBy], [Status]) VALUES (93, N'Satkania', N'?????????', N'82', 10, NULL, NULL, NULL, NULL, 1)
--INSERT [dbo].[Thana] ([Id], [ThanaNameEng], [ThanaNameBng], [BBSCode], [DistrictId], [CreateDate], [CreatedBy], [EditDate], [EditedBy], [Status]) VALUES (94, N'Sitakunda', N'?????????', N'86', 10, NULL, NULL, NULL, NULL, 1)
--INSERT [dbo].[Thana] ([Id], [ThanaNameEng], [ThanaNameBng], [BBSCode], [DistrictId], [CreateDate], [CreatedBy], [EditDate], [EditedBy], [Status]) VALUES (95, N'Alamdanga', N'????????', N'7', 36, NULL, NULL, NULL, NULL, 1)
--INSERT [dbo].[Thana] ([Id], [ThanaNameEng], [ThanaNameBng], [BBSCode], [DistrictId], [CreateDate], [CreatedBy], [EditDate], [EditedBy], [Status]) VALUES (96, N'Chuadanga Sadar', N'?????????? ???', N'23', 36, NULL, NULL, NULL, NULL, 1)
--INSERT [dbo].[Thana] ([Id], [ThanaNameEng], [ThanaNameBng], [BBSCode], [DistrictId], [CreateDate], [CreatedBy], [EditDate], [EditedBy], [Status]) VALUES (97, N'Damurhuda', N'?????????', N'31', 36, NULL, NULL, NULL, NULL, 1)
--INSERT [dbo].[Thana] ([Id], [ThanaNameEng], [ThanaNameBng], [BBSCode], [DistrictId], [CreateDate], [CreatedBy], [EditDate], [EditedBy], [Status]) VALUES (98, N'Jiban Nagar', N'???? ???', N'55', 36, NULL, NULL, NULL, NULL, 1)
--INSERT [dbo].[Thana] ([Id], [ThanaNameEng], [ThanaNameBng], [BBSCode], [DistrictId], [CreateDate], [CreatedBy], [EditDate], [EditedBy], [Status]) VALUES (99, N'Barura', N'?????', N'9', 11, NULL, NULL, NULL, NULL, 1)
--INSERT [dbo].[Thana] ([Id], [ThanaNameEng], [ThanaNameBng], [BBSCode], [DistrictId], [CreateDate], [CreatedBy], [EditDate], [EditedBy], [Status]) VALUES (100, N'Brahman Para', N'?????????? ????', N'15', 11, NULL, NULL, NULL, NULL, 1)
--INSERT [dbo].[Thana] ([Id], [ThanaNameEng], [ThanaNameBng], [BBSCode], [DistrictId], [CreateDate], [CreatedBy], [EditDate], [EditedBy], [Status]) VALUES (101, N'Burichang', N'??????', N'18', 11, NULL, NULL, NULL, NULL, 1)
--INSERT [dbo].[Thana] ([Id], [ThanaNameEng], [ThanaNameBng], [BBSCode], [DistrictId], [CreateDate], [CreatedBy], [EditDate], [EditedBy], [Status]) VALUES (102, N'Chandina', N'???????', N'27', 11, NULL, NULL, NULL, NULL, 1)
--INSERT [dbo].[Thana] ([Id], [ThanaNameEng], [ThanaNameBng], [BBSCode], [DistrictId], [CreateDate], [CreatedBy], [EditDate], [EditedBy], [Status]) VALUES (103, N'Chauddagram', N'??????????', N'31', 11, NULL, NULL, NULL, NULL, 1)
--INSERT [dbo].[Thana] ([Id], [ThanaNameEng], [ThanaNameBng], [BBSCode], [DistrictId], [CreateDate], [CreatedBy], [EditDate], [EditedBy], [Status]) VALUES (104, N'Comilla Sadar Dakshin', N'???????? ??? ??????', N'33', 11, NULL, NULL, NULL, NULL, 1)
--INSERT [dbo].[Thana] ([Id], [ThanaNameEng], [ThanaNameBng], [BBSCode], [DistrictId], [CreateDate], [CreatedBy], [EditDate], [EditedBy], [Status]) VALUES (105, N'Daudkandi', N'??????????', N'36', 11, NULL, NULL, NULL, NULL, 1)
--INSERT [dbo].[Thana] ([Id], [ThanaNameEng], [ThanaNameBng], [BBSCode], [DistrictId], [CreateDate], [CreatedBy], [EditDate], [EditedBy], [Status]) VALUES (106, N'Debidwar', N'?????????', N'40', 11, NULL, NULL, NULL, NULL, 1)
--INSERT [dbo].[Thana] ([Id], [ThanaNameEng], [ThanaNameBng], [BBSCode], [DistrictId], [CreateDate], [CreatedBy], [EditDate], [EditedBy], [Status]) VALUES (107, N'Homna', N'?????', N'54', 11, NULL, NULL, NULL, NULL, 1)
--INSERT [dbo].[Thana] ([Id], [ThanaNameEng], [ThanaNameBng], [BBSCode], [DistrictId], [CreateDate], [CreatedBy], [EditDate], [EditedBy], [Status]) VALUES (108, N'Comilla Adarsha Sadar', N'???????? ????? ???', N'67', 11, NULL, NULL, NULL, NULL, 1)
--INSERT [dbo].[Thana] ([Id], [ThanaNameEng], [ThanaNameBng], [BBSCode], [DistrictId], [CreateDate], [CreatedBy], [EditDate], [EditedBy], [Status]) VALUES (109, N'Laksam', N'??????', N'72', 11, NULL, NULL, NULL, NULL, 1)
--INSERT [dbo].[Thana] ([Id], [ThanaNameEng], [ThanaNameBng], [BBSCode], [DistrictId], [CreateDate], [CreatedBy], [EditDate], [EditedBy], [Status]) VALUES (110, N'Manoharganj', N'?????????', N'74', 11, NULL, NULL, NULL, NULL, 1)
--INSERT [dbo].[Thana] ([Id], [ThanaNameEng], [ThanaNameBng], [BBSCode], [DistrictId], [CreateDate], [CreatedBy], [EditDate], [EditedBy], [Status]) VALUES (111, N'Meghna', N'?????', N'75', 11, NULL, NULL, NULL, NULL, 1)
--INSERT [dbo].[Thana] ([Id], [ThanaNameEng], [ThanaNameBng], [BBSCode], [DistrictId], [CreateDate], [CreatedBy], [EditDate], [EditedBy], [Status]) VALUES (112, N'Muradnagar', N'????????', N'81', 11, NULL, NULL, NULL, NULL, 1)
--INSERT [dbo].[Thana] ([Id], [ThanaNameEng], [ThanaNameBng], [BBSCode], [DistrictId], [CreateDate], [CreatedBy], [EditDate], [EditedBy], [Status]) VALUES (113, N'Nangalkot', N'?????????', N'87', 11, NULL, NULL, NULL, NULL, 1)
--INSERT [dbo].[Thana] ([Id], [ThanaNameEng], [ThanaNameBng], [BBSCode], [DistrictId], [CreateDate], [CreatedBy], [EditDate], [EditedBy], [Status]) VALUES (114, N'Titas', N'?????', N'94', 11, NULL, NULL, NULL, NULL, 1)
--INSERT [dbo].[Thana] ([Id], [ThanaNameEng], [ThanaNameBng], [BBSCode], [DistrictId], [CreateDate], [CreatedBy], [EditDate], [EditedBy], [Status]) VALUES (115, N'Chakaria', N'??????', N'16', 12, NULL, NULL, NULL, NULL, 1)
--INSERT [dbo].[Thana] ([Id], [ThanaNameEng], [ThanaNameBng], [BBSCode], [DistrictId], [CreateDate], [CreatedBy], [EditDate], [EditedBy], [Status]) VALUES (116, N'Cox''s Bazar Sadar', N'????????? ???', N'24', 12, NULL, NULL, NULL, NULL, 1)
--INSERT [dbo].[Thana] ([Id], [ThanaNameEng], [ThanaNameBng], [BBSCode], [DistrictId], [CreateDate], [CreatedBy], [EditDate], [EditedBy], [Status]) VALUES (117, N'Kutubdia', N'?????????', N'45', 12, NULL, NULL, NULL, NULL, 1)
--INSERT [dbo].[Thana] ([Id], [ThanaNameEng], [ThanaNameBng], [BBSCode], [DistrictId], [CreateDate], [CreatedBy], [EditDate], [EditedBy], [Status]) VALUES (118, N'Maheshkhali', N'????????', N'49', 12, NULL, NULL, NULL, NULL, 1)
--INSERT [dbo].[Thana] ([Id], [ThanaNameEng], [ThanaNameBng], [BBSCode], [DistrictId], [CreateDate], [CreatedBy], [EditDate], [EditedBy], [Status]) VALUES (119, N'Pekua', N'??????', N'56', 12, NULL, NULL, NULL, NULL, 1)
--INSERT [dbo].[Thana] ([Id], [ThanaNameEng], [ThanaNameBng], [BBSCode], [DistrictId], [CreateDate], [CreatedBy], [EditDate], [EditedBy], [Status]) VALUES (120, N'Ramu', N'????', N'66', 12, NULL, NULL, NULL, NULL, 1)
--INSERT [dbo].[Thana] ([Id], [ThanaNameEng], [ThanaNameBng], [BBSCode], [DistrictId], [CreateDate], [CreatedBy], [EditDate], [EditedBy], [Status]) VALUES (121, N'Teknaf', N'????????', N'90', 12, NULL, NULL, NULL, NULL, 1)
--INSERT [dbo].[Thana] ([Id], [ThanaNameEng], [ThanaNameBng], [BBSCode], [DistrictId], [CreateDate], [CreatedBy], [EditDate], [EditedBy], [Status]) VALUES (122, N'Ukhia', N'?????', N'94', 12, NULL, NULL, NULL, NULL, 1)
--INSERT [dbo].[Thana] ([Id], [ThanaNameEng], [ThanaNameBng], [BBSCode], [DistrictId], [CreateDate], [CreatedBy], [EditDate], [EditedBy], [Status]) VALUES (123, N'Adabor', N'?????', N'2', 18, NULL, NULL, NULL, NULL, 1)
--INSERT [dbo].[Thana] ([Id], [ThanaNameEng], [ThanaNameBng], [BBSCode], [DistrictId], [CreateDate], [CreatedBy], [EditDate], [EditedBy], [Status]) VALUES (124, N'Badda', N'??????', N'4', 18, NULL, NULL, NULL, NULL, 1)
--INSERT [dbo].[Thana] ([Id], [ThanaNameEng], [ThanaNameBng], [BBSCode], [DistrictId], [CreateDate], [CreatedBy], [EditDate], [EditedBy], [Status]) VALUES (125, N'Bangshal', N'?????', N'5', 18, NULL, NULL, NULL, NULL, 1)
--INSERT [dbo].[Thana] ([Id], [ThanaNameEng], [ThanaNameBng], [BBSCode], [DistrictId], [CreateDate], [CreatedBy], [EditDate], [EditedBy], [Status]) VALUES (126, N'Biman Bandar', N'????? ?????', N'6', 18, NULL, NULL, NULL, NULL, 1)
--INSERT [dbo].[Thana] ([Id], [ThanaNameEng], [ThanaNameBng], [BBSCode], [DistrictId], [CreateDate], [CreatedBy], [EditDate], [EditedBy], [Status]) VALUES (127, N'Banani', N'', N'7', 18, NULL, NULL, NULL, NULL, 1)
--INSERT [dbo].[Thana] ([Id], [ThanaNameEng], [ThanaNameBng], [BBSCode], [DistrictId], [CreateDate], [CreatedBy], [EditDate], [EditedBy], [Status]) VALUES (128, N'Cantonment', N'?????????????', N'8', 18, NULL, NULL, NULL, NULL, 1)
--INSERT [dbo].[Thana] ([Id], [ThanaNameEng], [ThanaNameBng], [BBSCode], [DistrictId], [CreateDate], [CreatedBy], [EditDate], [EditedBy], [Status]) VALUES (129, N'Chak Bazar', N'?? ?????', N'9', 18, NULL, NULL, NULL, NULL, 1)
--INSERT [dbo].[Thana] ([Id], [ThanaNameEng], [ThanaNameBng], [BBSCode], [DistrictId], [CreateDate], [CreatedBy], [EditDate], [EditedBy], [Status]) VALUES (130, N'Dakshinkhan', N'?????????', N'10', 18, NULL, NULL, NULL, NULL, 1)
--INSERT [dbo].[Thana] ([Id], [ThanaNameEng], [ThanaNameBng], [BBSCode], [DistrictId], [CreateDate], [CreatedBy], [EditDate], [EditedBy], [Status]) VALUES (131, N'Darus Salam', N'????? ?????', N'11', 18, NULL, NULL, NULL, NULL, 1)
--INSERT [dbo].[Thana] ([Id], [ThanaNameEng], [ThanaNameBng], [BBSCode], [DistrictId], [CreateDate], [CreatedBy], [EditDate], [EditedBy], [Status]) VALUES (132, N'Demra', N'?????', N'12', 18, NULL, NULL, NULL, NULL, 1)
--INSERT [dbo].[Thana] ([Id], [ThanaNameEng], [ThanaNameBng], [BBSCode], [DistrictId], [CreateDate], [CreatedBy], [EditDate], [EditedBy], [Status]) VALUES (133, N'Dhanmondi', N'????????', N'16', 18, NULL, NULL, NULL, NULL, 1)
--INSERT [dbo].[Thana] ([Id], [ThanaNameEng], [ThanaNameBng], [BBSCode], [DistrictId], [CreateDate], [CreatedBy], [EditDate], [EditedBy], [Status]) VALUES (134, N'Hazaribagh', N'?????????', N'28', 18, NULL, NULL, NULL, NULL, 1)
--INSERT [dbo].[Thana] ([Id], [ThanaNameEng], [ThanaNameBng], [BBSCode], [DistrictId], [CreateDate], [CreatedBy], [EditDate], [EditedBy], [Status]) VALUES (135, N'Dhamrai', N'??????', N'14', 18, NULL, NULL, NULL, NULL, 1)
--INSERT [dbo].[Thana] ([Id], [ThanaNameEng], [ThanaNameBng], [BBSCode], [DistrictId], [CreateDate], [CreatedBy], [EditDate], [EditedBy], [Status]) VALUES (136, N'Dohar', N'?????', N'18', 18, NULL, NULL, NULL, NULL, 1)
--INSERT [dbo].[Thana] ([Id], [ThanaNameEng], [ThanaNameBng], [BBSCode], [DistrictId], [CreateDate], [CreatedBy], [EditDate], [EditedBy], [Status]) VALUES (137, N'Bhasan Tek', N'', N'21', 18, NULL, NULL, NULL, NULL, 1)
--INSERT [dbo].[Thana] ([Id], [ThanaNameEng], [ThanaNameBng], [BBSCode], [DistrictId], [CreateDate], [CreatedBy], [EditDate], [EditedBy], [Status]) VALUES (138, N'Bhatara', N'', N'22', 18, NULL, NULL, NULL, NULL, 1)
--INSERT [dbo].[Thana] ([Id], [ThanaNameEng], [ThanaNameBng], [BBSCode], [DistrictId], [CreateDate], [CreatedBy], [EditDate], [EditedBy], [Status]) VALUES (139, N'Gendaria', N'??????????', N'24', 18, NULL, NULL, NULL, NULL, 1)
--INSERT [dbo].[Thana] ([Id], [ThanaNameEng], [ThanaNameBng], [BBSCode], [DistrictId], [CreateDate], [CreatedBy], [EditDate], [EditedBy], [Status]) VALUES (140, N'Gulshan', N'??????', N'26', 18, NULL, NULL, NULL, NULL, 1)
--INSERT [dbo].[Thana] ([Id], [ThanaNameEng], [ThanaNameBng], [BBSCode], [DistrictId], [CreateDate], [CreatedBy], [EditDate], [EditedBy], [Status]) VALUES (141, N'Jatrabari', N'??????????', N'29', 18, NULL, NULL, NULL, NULL, 1)
--INSERT [dbo].[Thana] ([Id], [ThanaNameEng], [ThanaNameBng], [BBSCode], [DistrictId], [CreateDate], [CreatedBy], [EditDate], [EditedBy], [Status]) VALUES (142, N'Kafrul', N'??????', N'30', 18, NULL, NULL, NULL, NULL, 1)
--INSERT [dbo].[Thana] ([Id], [ThanaNameEng], [ThanaNameBng], [BBSCode], [DistrictId], [CreateDate], [CreatedBy], [EditDate], [EditedBy], [Status]) VALUES (143, N'Kadamtali', N'??????', N'32', 18, NULL, NULL, NULL, NULL, 1)
--INSERT [dbo].[Thana] ([Id], [ThanaNameEng], [ThanaNameBng], [BBSCode], [DistrictId], [CreateDate], [CreatedBy], [EditDate], [EditedBy], [Status]) VALUES (144, N'Kalabagan', N'????????', N'33', 18, NULL, NULL, NULL, NULL, 1)
--INSERT [dbo].[Thana] ([Id], [ThanaNameEng], [ThanaNameBng], [BBSCode], [DistrictId], [CreateDate], [CreatedBy], [EditDate], [EditedBy], [Status]) VALUES (145, N'Kamrangir Char', N'?????????? ??', N'34', 18, NULL, NULL, NULL, NULL, 1)
--INSERT [dbo].[Thana] ([Id], [ThanaNameEng], [ThanaNameBng], [BBSCode], [DistrictId], [CreateDate], [CreatedBy], [EditDate], [EditedBy], [Status]) VALUES (146, N'Khilgaon', N'??????', N'36', 18, NULL, NULL, NULL, NULL, 1)
--INSERT [dbo].[Thana] ([Id], [ThanaNameEng], [ThanaNameBng], [BBSCode], [DistrictId], [CreateDate], [CreatedBy], [EditDate], [EditedBy], [Status]) VALUES (147, N'Khilkhet', N'????????', N'37', 18, NULL, NULL, NULL, NULL, 1)
--INSERT [dbo].[Thana] ([Id], [ThanaNameEng], [ThanaNameBng], [BBSCode], [DistrictId], [CreateDate], [CreatedBy], [EditDate], [EditedBy], [Status]) VALUES (148, N'Keraniganj', N'??????????', N'38', 18, NULL, NULL, NULL, NULL, 1)
--INSERT [dbo].[Thana] ([Id], [ThanaNameEng], [ThanaNameBng], [BBSCode], [DistrictId], [CreateDate], [CreatedBy], [EditDate], [EditedBy], [Status]) VALUES (149, N'Kotwali', N'???????', N'40', 18, NULL, NULL, NULL, NULL, 1)
--INSERT [dbo].[Thana] ([Id], [ThanaNameEng], [ThanaNameBng], [BBSCode], [DistrictId], [CreateDate], [CreatedBy], [EditDate], [EditedBy], [Status]) VALUES (150, N'Lalbagh', N'??????', N'42', 18, NULL, NULL, NULL, NULL, 1)
--INSERT [dbo].[Thana] ([Id], [ThanaNameEng], [ThanaNameBng], [BBSCode], [DistrictId], [CreateDate], [CreatedBy], [EditDate], [EditedBy], [Status]) VALUES (151, N'Mohammadpur', N'???????????', N'50', 18, NULL, NULL, NULL, NULL, 1)
--INSERT [dbo].[Thana] ([Id], [ThanaNameEng], [ThanaNameBng], [BBSCode], [DistrictId], [CreateDate], [CreatedBy], [EditDate], [EditedBy], [Status]) VALUES (152, N'Ramna', N'????', N'66', 18, NULL, NULL, NULL, NULL, 1)
--INSERT [dbo].[Thana] ([Id], [ThanaNameEng], [ThanaNameBng], [BBSCode], [DistrictId], [CreateDate], [CreatedBy], [EditDate], [EditedBy], [Status]) VALUES (153, N'Mirpur', N'??????', N'48', 18, NULL, NULL, NULL, NULL, 1)
--INSERT [dbo].[Thana] ([Id], [ThanaNameEng], [ThanaNameBng], [BBSCode], [DistrictId], [CreateDate], [CreatedBy], [EditDate], [EditedBy], [Status]) VALUES (154, N'Motijheel', N'??????', N'54', 18, NULL, NULL, NULL, NULL, 1)
--INSERT [dbo].[Thana] ([Id], [ThanaNameEng], [ThanaNameBng], [BBSCode], [DistrictId], [CreateDate], [CreatedBy], [EditDate], [EditedBy], [Status]) VALUES (155, N'Mugda Para', N'', N'57', 18, NULL, NULL, NULL, NULL, 1)
--INSERT [dbo].[Thana] ([Id], [ThanaNameEng], [ThanaNameBng], [BBSCode], [DistrictId], [CreateDate], [CreatedBy], [EditDate], [EditedBy], [Status]) VALUES (156, N'Nawabganj', N'????????', N'62', 18, NULL, NULL, NULL, NULL, 1)
--INSERT [dbo].[Thana] ([Id], [ThanaNameEng], [ThanaNameBng], [BBSCode], [DistrictId], [CreateDate], [CreatedBy], [EditDate], [EditedBy], [Status]) VALUES (157, N'New Market', N'??? ???????', N'63', 18, NULL, NULL, NULL, NULL, 1)
--INSERT [dbo].[Thana] ([Id], [ThanaNameEng], [ThanaNameBng], [BBSCode], [DistrictId], [CreateDate], [CreatedBy], [EditDate], [EditedBy], [Status]) VALUES (158, N'Pallabi', N'??????', N'64', 18, NULL, NULL, NULL, NULL, 1)
--INSERT [dbo].[Thana] ([Id], [ThanaNameEng], [ThanaNameBng], [BBSCode], [DistrictId], [CreateDate], [CreatedBy], [EditDate], [EditedBy], [Status]) VALUES (159, N'Paltan', N'?????', N'65', 18, NULL, NULL, NULL, NULL, 1)
--INSERT [dbo].[Thana] ([Id], [ThanaNameEng], [ThanaNameBng], [BBSCode], [DistrictId], [CreateDate], [CreatedBy], [EditDate], [EditedBy], [Status]) VALUES (160, N'Rampura', N'???????', N'67', 18, NULL, NULL, NULL, NULL, 1)
--INSERT [dbo].[Thana] ([Id], [ThanaNameEng], [ThanaNameBng], [BBSCode], [DistrictId], [CreateDate], [CreatedBy], [EditDate], [EditedBy], [Status]) VALUES (161, N'Sabujbagh', N'???????', N'68', 18, NULL, NULL, NULL, NULL, 1)
--INSERT [dbo].[Thana] ([Id], [ThanaNameEng], [ThanaNameBng], [BBSCode], [DistrictId], [CreateDate], [CreatedBy], [EditDate], [EditedBy], [Status]) VALUES (162, N'Rupnagar', N'', N'70', 18, NULL, NULL, NULL, NULL, 1)
--INSERT [dbo].[Thana] ([Id], [ThanaNameEng], [ThanaNameBng], [BBSCode], [DistrictId], [CreateDate], [CreatedBy], [EditDate], [EditedBy], [Status]) VALUES (163, N'Savar', N'?????', N'72', 18, NULL, NULL, NULL, NULL, 1)
--INSERT [dbo].[Thana] ([Id], [ThanaNameEng], [ThanaNameBng], [BBSCode], [DistrictId], [CreateDate], [CreatedBy], [EditDate], [EditedBy], [Status]) VALUES (164, N'Shahjahanpur', N'', N'73', 18, NULL, NULL, NULL, NULL, 1)
--INSERT [dbo].[Thana] ([Id], [ThanaNameEng], [ThanaNameBng], [BBSCode], [DistrictId], [CreateDate], [CreatedBy], [EditDate], [EditedBy], [Status]) VALUES (165, N'Shah Ali', N'????? ???', N'74', 18, NULL, NULL, NULL, NULL, 1)
--INSERT [dbo].[Thana] ([Id], [ThanaNameEng], [ThanaNameBng], [BBSCode], [DistrictId], [CreateDate], [CreatedBy], [EditDate], [EditedBy], [Status]) VALUES (166, N'Shahbagh', N'??????', N'75', 18, NULL, NULL, NULL, NULL, 1)
--INSERT [dbo].[Thana] ([Id], [ThanaNameEng], [ThanaNameBng], [BBSCode], [DistrictId], [CreateDate], [CreatedBy], [EditDate], [EditedBy], [Status]) VALUES (167, N'Shyampur', N'????????', N'76', 18, NULL, NULL, NULL, NULL, 1)
--INSERT [dbo].[Thana] ([Id], [ThanaNameEng], [ThanaNameBng], [BBSCode], [DistrictId], [CreateDate], [CreatedBy], [EditDate], [EditedBy], [Status]) VALUES (168, N'Sher-E-Bangla Nagar', N'???-?-????? ???', N'80', 18, NULL, NULL, NULL, NULL, 1)
--INSERT [dbo].[Thana] ([Id], [ThanaNameEng], [ThanaNameBng], [BBSCode], [DistrictId], [CreateDate], [CreatedBy], [EditDate], [EditedBy], [Status]) VALUES (169, N'Sutrapur', N'?????????', N'88', 18, NULL, NULL, NULL, NULL, 1)
--INSERT [dbo].[Thana] ([Id], [ThanaNameEng], [ThanaNameBng], [BBSCode], [DistrictId], [CreateDate], [CreatedBy], [EditDate], [EditedBy], [Status]) VALUES (170, N'Tejgaon', N'???????', N'90', 18, NULL, NULL, NULL, NULL, 1)
--INSERT [dbo].[Thana] ([Id], [ThanaNameEng], [ThanaNameBng], [BBSCode], [DistrictId], [CreateDate], [CreatedBy], [EditDate], [EditedBy], [Status]) VALUES (171, N'Tejgaon Ind. Area', N'??????? ????? ?????', N'92', 18, NULL, NULL, NULL, NULL, 1)
--INSERT [dbo].[Thana] ([Id], [ThanaNameEng], [ThanaNameBng], [BBSCode], [DistrictId], [CreateDate], [CreatedBy], [EditDate], [EditedBy], [Status]) VALUES (172, N'Turag', N'?????', N'93', 18, NULL, NULL, NULL, NULL, 1)
--INSERT [dbo].[Thana] ([Id], [ThanaNameEng], [ThanaNameBng], [BBSCode], [DistrictId], [CreateDate], [CreatedBy], [EditDate], [EditedBy], [Status]) VALUES (173, N'Uttara  Paschim', N'??????', N'94', 18, NULL, NULL, NULL, NULL, 1)
--INSERT [dbo].[Thana] ([Id], [ThanaNameEng], [ThanaNameBng], [BBSCode], [DistrictId], [CreateDate], [CreatedBy], [EditDate], [EditedBy], [Status]) VALUES (174, N'Uttara  Purba', N'', N'95', 18, NULL, NULL, NULL, NULL, 1)
--INSERT [dbo].[Thana] ([Id], [ThanaNameEng], [ThanaNameBng], [BBSCode], [DistrictId], [CreateDate], [CreatedBy], [EditDate], [EditedBy], [Status]) VALUES (175, N'Uttar Khan', N'????? ???', N'96', 18, NULL, NULL, NULL, NULL, 1)
--INSERT [dbo].[Thana] ([Id], [ThanaNameEng], [ThanaNameBng], [BBSCode], [DistrictId], [CreateDate], [CreatedBy], [EditDate], [EditedBy], [Status]) VALUES (176, N'Wari', N'', N'98', 18, NULL, NULL, NULL, NULL, 1)
--INSERT [dbo].[Thana] ([Id], [ThanaNameEng], [ThanaNameBng], [BBSCode], [DistrictId], [CreateDate], [CreatedBy], [EditDate], [EditedBy], [Status]) VALUES (177, N'Birampur', N'????????', N'10', 53, NULL, NULL, NULL, NULL, 1)
--INSERT [dbo].[Thana] ([Id], [ThanaNameEng], [ThanaNameBng], [BBSCode], [DistrictId], [CreateDate], [CreatedBy], [EditDate], [EditedBy], [Status]) VALUES (178, N'Birganj', N'???????', N'12', 53, NULL, NULL, NULL, NULL, 1)
--INSERT [dbo].[Thana] ([Id], [ThanaNameEng], [ThanaNameBng], [BBSCode], [DistrictId], [CreateDate], [CreatedBy], [EditDate], [EditedBy], [Status]) VALUES (179, N'Biral', N'????', N'17', 53, NULL, NULL, NULL, NULL, 1)
--INSERT [dbo].[Thana] ([Id], [ThanaNameEng], [ThanaNameBng], [BBSCode], [DistrictId], [CreateDate], [CreatedBy], [EditDate], [EditedBy], [Status]) VALUES (180, N'Bochaganj', N'????????', N'21', 53, NULL, NULL, NULL, NULL, 1)
--INSERT [dbo].[Thana] ([Id], [ThanaNameEng], [ThanaNameBng], [BBSCode], [DistrictId], [CreateDate], [CreatedBy], [EditDate], [EditedBy], [Status]) VALUES (181, N'Chirirbandar', N'??????????', N'30', 53, NULL, NULL, NULL, NULL, 1)
--INSERT [dbo].[Thana] ([Id], [ThanaNameEng], [ThanaNameBng], [BBSCode], [DistrictId], [CreateDate], [CreatedBy], [EditDate], [EditedBy], [Status]) VALUES (182, N'Fulbari', N'???????', N'38', 53, NULL, NULL, NULL, NULL, 1)
--INSERT [dbo].[Thana] ([Id], [ThanaNameEng], [ThanaNameBng], [BBSCode], [DistrictId], [CreateDate], [CreatedBy], [EditDate], [EditedBy], [Status]) VALUES (183, N'Ghoraghat', N'???????', N'43', 53, NULL, NULL, NULL, NULL, 1)
--INSERT [dbo].[Thana] ([Id], [ThanaNameEng], [ThanaNameBng], [BBSCode], [DistrictId], [CreateDate], [CreatedBy], [EditDate], [EditedBy], [Status]) VALUES (184, N'Hakimpur', N'????????', N'47', 53, NULL, NULL, NULL, NULL, 1)
--INSERT [dbo].[Thana] ([Id], [ThanaNameEng], [ThanaNameBng], [BBSCode], [DistrictId], [CreateDate], [CreatedBy], [EditDate], [EditedBy], [Status]) VALUES (185, N'Kaharole', N'???????', N'56', 53, NULL, NULL, NULL, NULL, 1)
--INSERT [dbo].[Thana] ([Id], [ThanaNameEng], [ThanaNameBng], [BBSCode], [DistrictId], [CreateDate], [CreatedBy], [EditDate], [EditedBy], [Status]) VALUES (186, N'Khansama', N'?????????', N'60', 53, NULL, NULL, NULL, NULL, 1)
--INSERT [dbo].[Thana] ([Id], [ThanaNameEng], [ThanaNameBng], [BBSCode], [DistrictId], [CreateDate], [CreatedBy], [EditDate], [EditedBy], [Status]) VALUES (187, N'Dinajpur Sadar', N'???????? ???', N'64', 53, NULL, NULL, NULL, NULL, 1)
--INSERT [dbo].[Thana] ([Id], [ThanaNameEng], [ThanaNameBng], [BBSCode], [DistrictId], [CreateDate], [CreatedBy], [EditDate], [EditedBy], [Status]) VALUES (188, N'Nawabganj', N'????????', N'69', 53, NULL, NULL, NULL, NULL, 1)
--INSERT [dbo].[Thana] ([Id], [ThanaNameEng], [ThanaNameBng], [BBSCode], [DistrictId], [CreateDate], [CreatedBy], [EditDate], [EditedBy], [Status]) VALUES (189, N'Parbatipur', N'??????????', N'77', 53, NULL, NULL, NULL, NULL, 1)
--INSERT [dbo].[Thana] ([Id], [ThanaNameEng], [ThanaNameBng], [BBSCode], [DistrictId], [CreateDate], [CreatedBy], [EditDate], [EditedBy], [Status]) VALUES (190, N'Alfadanga', N'????????????', N'3', 19, NULL, NULL, NULL, NULL, 1)
--INSERT [dbo].[Thana] ([Id], [ThanaNameEng], [ThanaNameBng], [BBSCode], [DistrictId], [CreateDate], [CreatedBy], [EditDate], [EditedBy], [Status]) VALUES (191, N'Bhanga', N'?????', N'10', 19, NULL, NULL, NULL, NULL, 1)
--INSERT [dbo].[Thana] ([Id], [ThanaNameEng], [ThanaNameBng], [BBSCode], [DistrictId], [CreateDate], [CreatedBy], [EditDate], [EditedBy], [Status]) VALUES (192, N'Boalmari', N'?????????', N'18', 19, NULL, NULL, NULL, NULL, 1)
--INSERT [dbo].[Thana] ([Id], [ThanaNameEng], [ThanaNameBng], [BBSCode], [DistrictId], [CreateDate], [CreatedBy], [EditDate], [EditedBy], [Status]) VALUES (193, N'Char Bhadrasan', N'?? ???????', N'21', 19, NULL, NULL, NULL, NULL, 1)
--INSERT [dbo].[Thana] ([Id], [ThanaNameEng], [ThanaNameBng], [BBSCode], [DistrictId], [CreateDate], [CreatedBy], [EditDate], [EditedBy], [Status]) VALUES (194, N'Faridpur Sadar', N'??????? ???', N'47', 19, NULL, NULL, NULL, NULL, 1)
--INSERT [dbo].[Thana] ([Id], [ThanaNameEng], [ThanaNameBng], [BBSCode], [DistrictId], [CreateDate], [CreatedBy], [EditDate], [EditedBy], [Status]) VALUES (195, N'Madhukhali', N'???????', N'56', 19, NULL, NULL, NULL, NULL, 1)
--INSERT [dbo].[Thana] ([Id], [ThanaNameEng], [ThanaNameBng], [BBSCode], [DistrictId], [CreateDate], [CreatedBy], [EditDate], [EditedBy], [Status]) VALUES (196, N'Nagarkanda', N'?????????', N'62', 19, NULL, NULL, NULL, NULL, 1)
--INSERT [dbo].[Thana] ([Id], [ThanaNameEng], [ThanaNameBng], [BBSCode], [DistrictId], [CreateDate], [CreatedBy], [EditDate], [EditedBy], [Status]) VALUES (197, N'Sadarpur', N'??????', N'84', 19, NULL, NULL, NULL, NULL, 1)
--INSERT [dbo].[Thana] ([Id], [ThanaNameEng], [ThanaNameBng], [BBSCode], [DistrictId], [CreateDate], [CreatedBy], [EditDate], [EditedBy], [Status]) VALUES (198, N'Saltha', N'?????', N'90', 19, NULL, NULL, NULL, NULL, 1)
--INSERT [dbo].[Thana] ([Id], [ThanaNameEng], [ThanaNameBng], [BBSCode], [DistrictId], [CreateDate], [CreatedBy], [EditDate], [EditedBy], [Status]) VALUES (199, N'Chhagalnaiya', N'?????????', N'14', 13, NULL, NULL, NULL, NULL, 1)
--INSERT [dbo].[Thana] ([Id], [ThanaNameEng], [ThanaNameBng], [BBSCode], [DistrictId], [CreateDate], [CreatedBy], [EditDate], [EditedBy], [Status]) VALUES (200, N'Daganbhuiyan', N'?????????', N'25', 13, NULL, NULL, NULL, NULL, 1)
--INSERT [dbo].[Thana] ([Id], [ThanaNameEng], [ThanaNameBng], [BBSCode], [DistrictId], [CreateDate], [CreatedBy], [EditDate], [EditedBy], [Status]) VALUES (201, N'Feni Sadar', N'???? ???', N'29', 13, NULL, NULL, NULL, NULL, 1)
--INSERT [dbo].[Thana] ([Id], [ThanaNameEng], [ThanaNameBng], [BBSCode], [DistrictId], [CreateDate], [CreatedBy], [EditDate], [EditedBy], [Status]) VALUES (202, N'Fulgazi', N'???????', N'41', 13, NULL, NULL, NULL, NULL, 1)
--INSERT [dbo].[Thana] ([Id], [ThanaNameEng], [ThanaNameBng], [BBSCode], [DistrictId], [CreateDate], [CreatedBy], [EditDate], [EditedBy], [Status]) VALUES (203, N'Parshuram', N'???????', N'51', 13, NULL, NULL, NULL, NULL, 1)
--INSERT [dbo].[Thana] ([Id], [ThanaNameEng], [ThanaNameBng], [BBSCode], [DistrictId], [CreateDate], [CreatedBy], [EditDate], [EditedBy], [Status]) VALUES (204, N'Sonagazi', N'????????', N'94', 13, NULL, NULL, NULL, NULL, 1)
--INSERT [dbo].[Thana] ([Id], [ThanaNameEng], [ThanaNameBng], [BBSCode], [DistrictId], [CreateDate], [CreatedBy], [EditDate], [EditedBy], [Status]) VALUES (205, N'Fulchhari', N'??????', N'21', 54, NULL, NULL, NULL, NULL, 1)
--INSERT [dbo].[Thana] ([Id], [ThanaNameEng], [ThanaNameBng], [BBSCode], [DistrictId], [CreateDate], [CreatedBy], [EditDate], [EditedBy], [Status]) VALUES (206, N'Gaibandha Sadar', N'????????? ???', N'24', 54, NULL, NULL, NULL, NULL, 1)
--INSERT [dbo].[Thana] ([Id], [ThanaNameEng], [ThanaNameBng], [BBSCode], [DistrictId], [CreateDate], [CreatedBy], [EditDate], [EditedBy], [Status]) VALUES (207, N'Gobindaganj', N'???????????', N'30', 54, NULL, NULL, NULL, NULL, 1)
--INSERT [dbo].[Thana] ([Id], [ThanaNameEng], [ThanaNameBng], [BBSCode], [DistrictId], [CreateDate], [CreatedBy], [EditDate], [EditedBy], [Status]) VALUES (208, N'Palashbari', N'????????', N'67', 54, NULL, NULL, NULL, NULL, 1)
--INSERT [dbo].[Thana] ([Id], [ThanaNameEng], [ThanaNameBng], [BBSCode], [DistrictId], [CreateDate], [CreatedBy], [EditDate], [EditedBy], [Status]) VALUES (209, N'Sadullapur', N'???????????', N'82', 54, NULL, NULL, NULL, NULL, 1)
--INSERT [dbo].[Thana] ([Id], [ThanaNameEng], [ThanaNameBng], [BBSCode], [DistrictId], [CreateDate], [CreatedBy], [EditDate], [EditedBy], [Status]) VALUES (210, N'Saghata', N'??????', N'88', 54, NULL, NULL, NULL, NULL, 1)
--INSERT [dbo].[Thana] ([Id], [ThanaNameEng], [ThanaNameBng], [BBSCode], [DistrictId], [CreateDate], [CreatedBy], [EditDate], [EditedBy], [Status]) VALUES (211, N'Sundarganj', N'??????????', N'91', 54, NULL, NULL, NULL, NULL, 1)
--INSERT [dbo].[Thana] ([Id], [ThanaNameEng], [ThanaNameBng], [BBSCode], [DistrictId], [CreateDate], [CreatedBy], [EditDate], [EditedBy], [Status]) VALUES (212, N'Gazipur Sadar', N'??????? ???', N'30', 20, NULL, NULL, NULL, NULL, 1)
--INSERT [dbo].[Thana] ([Id], [ThanaNameEng], [ThanaNameBng], [BBSCode], [DistrictId], [CreateDate], [CreatedBy], [EditDate], [EditedBy], [Status]) VALUES (213, N'Kaliakair', N'?????????', N'32', 20, NULL, NULL, NULL, NULL, 1)
--INSERT [dbo].[Thana] ([Id], [ThanaNameEng], [ThanaNameBng], [BBSCode], [DistrictId], [CreateDate], [CreatedBy], [EditDate], [EditedBy], [Status]) VALUES (214, N'Kaliganj', N'????????', N'34', 20, NULL, NULL, NULL, NULL, 1)
--INSERT [dbo].[Thana] ([Id], [ThanaNameEng], [ThanaNameBng], [BBSCode], [DistrictId], [CreateDate], [CreatedBy], [EditDate], [EditedBy], [Status]) VALUES (215, N'Kapasia', N'????????', N'36', 20, NULL, NULL, NULL, NULL, 1)
--INSERT [dbo].[Thana] ([Id], [ThanaNameEng], [ThanaNameBng], [BBSCode], [DistrictId], [CreateDate], [CreatedBy], [EditDate], [EditedBy], [Status]) VALUES (216, N'Sreepur', N'???????', N'86', 20, NULL, NULL, NULL, NULL, 1)
--INSERT [dbo].[Thana] ([Id], [ThanaNameEng], [ThanaNameBng], [BBSCode], [DistrictId], [CreateDate], [CreatedBy], [EditDate], [EditedBy], [Status]) VALUES (217, N'Gopalganj Sadar', N'????????? ???', N'32', 21, NULL, NULL, NULL, NULL, 1)
--INSERT [dbo].[Thana] ([Id], [ThanaNameEng], [ThanaNameBng], [BBSCode], [DistrictId], [CreateDate], [CreatedBy], [EditDate], [EditedBy], [Status]) VALUES (218, N'Kashiani', N'????????', N'43', 21, NULL, NULL, NULL, NULL, 1)
--INSERT [dbo].[Thana] ([Id], [ThanaNameEng], [ThanaNameBng], [BBSCode], [DistrictId], [CreateDate], [CreatedBy], [EditDate], [EditedBy], [Status]) VALUES (219, N'Kotalipara', N'??????????', N'51', 21, NULL, NULL, NULL, NULL, 1)
--INSERT [dbo].[Thana] ([Id], [ThanaNameEng], [ThanaNameBng], [BBSCode], [DistrictId], [CreateDate], [CreatedBy], [EditDate], [EditedBy], [Status]) VALUES (220, N'Muksudpur', N'?????????', N'58', 21, NULL, NULL, NULL, NULL, 1)
--INSERT [dbo].[Thana] ([Id], [ThanaNameEng], [ThanaNameBng], [BBSCode], [DistrictId], [CreateDate], [CreatedBy], [EditDate], [EditedBy], [Status]) VALUES (221, N'Tungipara', N'????????', N'91', 21, NULL, NULL, NULL, NULL, 1)
--INSERT [dbo].[Thana] ([Id], [ThanaNameEng], [ThanaNameBng], [BBSCode], [DistrictId], [CreateDate], [CreatedBy], [EditDate], [EditedBy], [Status]) VALUES (222, N'Ajmiriganj', N'??????????', N'2', 61, NULL, NULL, NULL, NULL, 1)
--INSERT [dbo].[Thana] ([Id], [ThanaNameEng], [ThanaNameBng], [BBSCode], [DistrictId], [CreateDate], [CreatedBy], [EditDate], [EditedBy], [Status]) VALUES (223, N'Bahubal', N'??????', N'5', 61, NULL, NULL, NULL, NULL, 1)
--INSERT [dbo].[Thana] ([Id], [ThanaNameEng], [ThanaNameBng], [BBSCode], [DistrictId], [CreateDate], [CreatedBy], [EditDate], [EditedBy], [Status]) VALUES (224, N'Baniachong', N'????????', N'11', 61, NULL, NULL, NULL, NULL, 1)
--INSERT [dbo].[Thana] ([Id], [ThanaNameEng], [ThanaNameBng], [BBSCode], [DistrictId], [CreateDate], [CreatedBy], [EditDate], [EditedBy], [Status]) VALUES (225, N'Chunarughat', N'?????????', N'26', 61, NULL, NULL, NULL, NULL, 1)
--INSERT [dbo].[Thana] ([Id], [ThanaNameEng], [ThanaNameBng], [BBSCode], [DistrictId], [CreateDate], [CreatedBy], [EditDate], [EditedBy], [Status]) VALUES (226, N'Habiganj Sadar', N'??????? ???', N'44', 61, NULL, NULL, NULL, NULL, 1)
--INSERT [dbo].[Thana] ([Id], [ThanaNameEng], [ThanaNameBng], [BBSCode], [DistrictId], [CreateDate], [CreatedBy], [EditDate], [EditedBy], [Status]) VALUES (227, N'Lakhai', N'?????', N'68', 61, NULL, NULL, NULL, NULL, 1)
--INSERT [dbo].[Thana] ([Id], [ThanaNameEng], [ThanaNameBng], [BBSCode], [DistrictId], [CreateDate], [CreatedBy], [EditDate], [EditedBy], [Status]) VALUES (228, N'Madhabpur', N'???????', N'71', 61, NULL, NULL, NULL, NULL, 1)
--INSERT [dbo].[Thana] ([Id], [ThanaNameEng], [ThanaNameBng], [BBSCode], [DistrictId], [CreateDate], [CreatedBy], [EditDate], [EditedBy], [Status]) VALUES (229, N'Nabiganj', N'???????', N'77', 61, NULL, NULL, NULL, NULL, 1)
--INSERT [dbo].[Thana] ([Id], [ThanaNameEng], [ThanaNameBng], [BBSCode], [DistrictId], [CreateDate], [CreatedBy], [EditDate], [EditedBy], [Status]) VALUES (230, N'Akkelpur', N'?????????', N'13', 46, NULL, NULL, NULL, NULL, 1)
--INSERT [dbo].[Thana] ([Id], [ThanaNameEng], [ThanaNameBng], [BBSCode], [DistrictId], [CreateDate], [CreatedBy], [EditDate], [EditedBy], [Status]) VALUES (231, N'Joypurhat Sadar', N'???????? ???', N'47', 46, NULL, NULL, NULL, NULL, 1)
--INSERT [dbo].[Thana] ([Id], [ThanaNameEng], [ThanaNameBng], [BBSCode], [DistrictId], [CreateDate], [CreatedBy], [EditDate], [EditedBy], [Status]) VALUES (232, N'Kalai', N'?????', N'58', 46, NULL, NULL, NULL, NULL, 1)
--INSERT [dbo].[Thana] ([Id], [ThanaNameEng], [ThanaNameBng], [BBSCode], [DistrictId], [CreateDate], [CreatedBy], [EditDate], [EditedBy], [Status]) VALUES (233, N'Khetlal', N'????????', N'61', 46, NULL, NULL, NULL, NULL, 1)
--INSERT [dbo].[Thana] ([Id], [ThanaNameEng], [ThanaNameBng], [BBSCode], [DistrictId], [CreateDate], [CreatedBy], [EditDate], [EditedBy], [Status]) VALUES (234, N'Panchbibi', N'????????', N'74', 46, NULL, NULL, NULL, NULL, 1)
--INSERT [dbo].[Thana] ([Id], [ThanaNameEng], [ThanaNameBng], [BBSCode], [DistrictId], [CreateDate], [CreatedBy], [EditDate], [EditedBy], [Status]) VALUES (235, N'Bakshiganj', N'????????', N'7', 22, NULL, NULL, NULL, NULL, 1)
--INSERT [dbo].[Thana] ([Id], [ThanaNameEng], [ThanaNameBng], [BBSCode], [DistrictId], [CreateDate], [CreatedBy], [EditDate], [EditedBy], [Status]) VALUES (236, N'Dewanganj', N'??????????', N'15', 22, NULL, NULL, NULL, NULL, 1)
--INSERT [dbo].[Thana] ([Id], [ThanaNameEng], [ThanaNameBng], [BBSCode], [DistrictId], [CreateDate], [CreatedBy], [EditDate], [EditedBy], [Status]) VALUES (237, N'Islampur', N'????????', N'29', 22, NULL, NULL, NULL, NULL, 1)
--INSERT [dbo].[Thana] ([Id], [ThanaNameEng], [ThanaNameBng], [BBSCode], [DistrictId], [CreateDate], [CreatedBy], [EditDate], [EditedBy], [Status]) VALUES (238, N'Jamalpur Sadar', N'???????? ???', N'36', 22, NULL, NULL, NULL, NULL, 1)
--INSERT [dbo].[Thana] ([Id], [ThanaNameEng], [ThanaNameBng], [BBSCode], [DistrictId], [CreateDate], [CreatedBy], [EditDate], [EditedBy], [Status]) VALUES (239, N'Madarganj', N'?????????', N'58', 22, NULL, NULL, NULL, NULL, 1)
--INSERT [dbo].[Thana] ([Id], [ThanaNameEng], [ThanaNameBng], [BBSCode], [DistrictId], [CreateDate], [CreatedBy], [EditDate], [EditedBy], [Status]) VALUES (240, N'Melandaha', N'????????', N'61', 22, NULL, NULL, NULL, NULL, 1)
--INSERT [dbo].[Thana] ([Id], [ThanaNameEng], [ThanaNameBng], [BBSCode], [DistrictId], [CreateDate], [CreatedBy], [EditDate], [EditedBy], [Status]) VALUES (241, N'Sarishabari Upazila', N'?????????', N'85', 22, NULL, NULL, NULL, NULL, 1)
--INSERT [dbo].[Thana] ([Id], [ThanaNameEng], [ThanaNameBng], [BBSCode], [DistrictId], [CreateDate], [CreatedBy], [EditDate], [EditedBy], [Status]) VALUES (242, N'Abhaynagar', N'??????', N'4', 37, NULL, NULL, NULL, NULL, 1)
--INSERT [dbo].[Thana] ([Id], [ThanaNameEng], [ThanaNameBng], [BBSCode], [DistrictId], [CreateDate], [CreatedBy], [EditDate], [EditedBy], [Status]) VALUES (243, N'Bagher Para', N'?????????', N'9', 37, NULL, NULL, NULL, NULL, 1)
--INSERT [dbo].[Thana] ([Id], [ThanaNameEng], [ThanaNameBng], [BBSCode], [DistrictId], [CreateDate], [CreatedBy], [EditDate], [EditedBy], [Status]) VALUES (244, N'Chaugachha', N'??????', N'11', 37, NULL, NULL, NULL, NULL, 1)
--INSERT [dbo].[Thana] ([Id], [ThanaNameEng], [ThanaNameBng], [BBSCode], [DistrictId], [CreateDate], [CreatedBy], [EditDate], [EditedBy], [Status]) VALUES (245, N'Jhikargachha', N'????????', N'23', 37, NULL, NULL, NULL, NULL, 1)
--INSERT [dbo].[Thana] ([Id], [ThanaNameEng], [ThanaNameBng], [BBSCode], [DistrictId], [CreateDate], [CreatedBy], [EditDate], [EditedBy], [Status]) VALUES (246, N'Keshabpur', N'???????', N'38', 37, NULL, NULL, NULL, NULL, 1)
--INSERT [dbo].[Thana] ([Id], [ThanaNameEng], [ThanaNameBng], [BBSCode], [DistrictId], [CreateDate], [CreatedBy], [EditDate], [EditedBy], [Status]) VALUES (247, N'Jessore Sadar', N'???? ???', N'47', 37, NULL, NULL, NULL, NULL, 1)
--INSERT [dbo].[Thana] ([Id], [ThanaNameEng], [ThanaNameBng], [BBSCode], [DistrictId], [CreateDate], [CreatedBy], [EditDate], [EditedBy], [Status]) VALUES (248, N'Manirampur', N'?????????', N'61', 37, NULL, NULL, NULL, NULL, 1)
--INSERT [dbo].[Thana] ([Id], [ThanaNameEng], [ThanaNameBng], [BBSCode], [DistrictId], [CreateDate], [CreatedBy], [EditDate], [EditedBy], [Status]) VALUES (249, N'Sharsha', N'??????', N'90', 37, NULL, NULL, NULL, NULL, 1)
--INSERT [dbo].[Thana] ([Id], [ThanaNameEng], [ThanaNameBng], [BBSCode], [DistrictId], [CreateDate], [CreatedBy], [EditDate], [EditedBy], [Status]) VALUES (250, N'Jhalokati Sadar', N'??????? ???', N'40', 4, NULL, NULL, NULL, NULL, 1)
--INSERT [dbo].[Thana] ([Id], [ThanaNameEng], [ThanaNameBng], [BBSCode], [DistrictId], [CreateDate], [CreatedBy], [EditDate], [EditedBy], [Status]) VALUES (251, N'Kanthalia', N'????????', N'43', 4, NULL, NULL, NULL, NULL, 1)
--INSERT [dbo].[Thana] ([Id], [ThanaNameEng], [ThanaNameBng], [BBSCode], [DistrictId], [CreateDate], [CreatedBy], [EditDate], [EditedBy], [Status]) VALUES (252, N'Nalchity', N'??????', N'73', 4, NULL, NULL, NULL, NULL, 1)
--INSERT [dbo].[Thana] ([Id], [ThanaNameEng], [ThanaNameBng], [BBSCode], [DistrictId], [CreateDate], [CreatedBy], [EditDate], [EditedBy], [Status]) VALUES (253, N'Rajapur', N'???????', N'84', 4, NULL, NULL, NULL, NULL, 1)
--INSERT [dbo].[Thana] ([Id], [ThanaNameEng], [ThanaNameBng], [BBSCode], [DistrictId], [CreateDate], [CreatedBy], [EditDate], [EditedBy], [Status]) VALUES (254, N'Harinakunda', N'???????????', N'14', 38, NULL, NULL, NULL, NULL, 1)
--INSERT [dbo].[Thana] ([Id], [ThanaNameEng], [ThanaNameBng], [BBSCode], [DistrictId], [CreateDate], [CreatedBy], [EditDate], [EditedBy], [Status]) VALUES (255, N'Jhenaidah Sadar', N'??????? ???', N'19', 38, NULL, NULL, NULL, NULL, 1)
--INSERT [dbo].[Thana] ([Id], [ThanaNameEng], [ThanaNameBng], [BBSCode], [DistrictId], [CreateDate], [CreatedBy], [EditDate], [EditedBy], [Status]) VALUES (256, N'Kaliganj', N'????????', N'33', 38, NULL, NULL, NULL, NULL, 1)
--INSERT [dbo].[Thana] ([Id], [ThanaNameEng], [ThanaNameBng], [BBSCode], [DistrictId], [CreateDate], [CreatedBy], [EditDate], [EditedBy], [Status]) VALUES (257, N'Kotchandpur', N'??????????', N'42', 38, NULL, NULL, NULL, NULL, 1)
--INSERT [dbo].[Thana] ([Id], [ThanaNameEng], [ThanaNameBng], [BBSCode], [DistrictId], [CreateDate], [CreatedBy], [EditDate], [EditedBy], [Status]) VALUES (258, N'Maheshpur', N'???????', N'71', 38, NULL, NULL, NULL, NULL, 1)
--INSERT [dbo].[Thana] ([Id], [ThanaNameEng], [ThanaNameBng], [BBSCode], [DistrictId], [CreateDate], [CreatedBy], [EditDate], [EditedBy], [Status]) VALUES (259, N'Shailkupa', N'???????', N'80', 38, NULL, NULL, NULL, NULL, 1)
--INSERT [dbo].[Thana] ([Id], [ThanaNameEng], [ThanaNameBng], [BBSCode], [DistrictId], [CreateDate], [CreatedBy], [EditDate], [EditedBy], [Status]) VALUES (260, N'Dighinala', N'????????', N'43', 14, NULL, NULL, NULL, NULL, 1)
--INSERT [dbo].[Thana] ([Id], [ThanaNameEng], [ThanaNameBng], [BBSCode], [DistrictId], [CreateDate], [CreatedBy], [EditDate], [EditedBy], [Status]) VALUES (261, N'Khagrachhari Sadar', N'???????? ???', N'49', 14, NULL, NULL, NULL, NULL, 1)
--INSERT [dbo].[Thana] ([Id], [ThanaNameEng], [ThanaNameBng], [BBSCode], [DistrictId], [CreateDate], [CreatedBy], [EditDate], [EditedBy], [Status]) VALUES (262, N'Lakshmichhari', N'????????', N'61', 14, NULL, NULL, NULL, NULL, 1)
--INSERT [dbo].[Thana] ([Id], [ThanaNameEng], [ThanaNameBng], [BBSCode], [DistrictId], [CreateDate], [CreatedBy], [EditDate], [EditedBy], [Status]) VALUES (263, N'Mahalchhari', N'???????', N'65', 14, NULL, NULL, NULL, NULL, 1)
--INSERT [dbo].[Thana] ([Id], [ThanaNameEng], [ThanaNameBng], [BBSCode], [DistrictId], [CreateDate], [CreatedBy], [EditDate], [EditedBy], [Status]) VALUES (264, N'Manikchhari', N'????????', N'67', 14, NULL, NULL, NULL, NULL, 1)
--INSERT [dbo].[Thana] ([Id], [ThanaNameEng], [ThanaNameBng], [BBSCode], [DistrictId], [CreateDate], [CreatedBy], [EditDate], [EditedBy], [Status]) VALUES (265, N'Matiranga', N'?????????', N'70', 14, NULL, NULL, NULL, NULL, 1)
--INSERT [dbo].[Thana] ([Id], [ThanaNameEng], [ThanaNameBng], [BBSCode], [DistrictId], [CreateDate], [CreatedBy], [EditDate], [EditedBy], [Status]) VALUES (266, N'Panchhari', N'??????', N'77', 14, NULL, NULL, NULL, NULL, 1)
--INSERT [dbo].[Thana] ([Id], [ThanaNameEng], [ThanaNameBng], [BBSCode], [DistrictId], [CreateDate], [CreatedBy], [EditDate], [EditedBy], [Status]) VALUES (267, N'Ramgarh', N'?????', N'80', 14, NULL, NULL, NULL, NULL, 1)
--INSERT [dbo].[Thana] ([Id], [ThanaNameEng], [ThanaNameBng], [BBSCode], [DistrictId], [CreateDate], [CreatedBy], [EditDate], [EditedBy], [Status]) VALUES (268, N'Batiaghata', N'?????????', N'12', 39, NULL, NULL, NULL, NULL, 1)
--INSERT [dbo].[Thana] ([Id], [ThanaNameEng], [ThanaNameBng], [BBSCode], [DistrictId], [CreateDate], [CreatedBy], [EditDate], [EditedBy], [Status]) VALUES (269, N'Dacope', N'?????', N'17', 39, NULL, NULL, NULL, NULL, 1)
--INSERT [dbo].[Thana] ([Id], [ThanaNameEng], [ThanaNameBng], [BBSCode], [DistrictId], [CreateDate], [CreatedBy], [EditDate], [EditedBy], [Status]) VALUES (270, N'Daulatpur', N'???????', N'21', 39, NULL, NULL, NULL, NULL, 1)
--INSERT [dbo].[Thana] ([Id], [ThanaNameEng], [ThanaNameBng], [BBSCode], [DistrictId], [CreateDate], [CreatedBy], [EditDate], [EditedBy], [Status]) VALUES (271, N'Dumuria', N'????????', N'30', 39, NULL, NULL, NULL, NULL, 1)
--INSERT [dbo].[Thana] ([Id], [ThanaNameEng], [ThanaNameBng], [BBSCode], [DistrictId], [CreateDate], [CreatedBy], [EditDate], [EditedBy], [Status]) VALUES (272, N'Dighalia', N'???????', N'40', 39, NULL, NULL, NULL, NULL, 1)
--INSERT [dbo].[Thana] ([Id], [ThanaNameEng], [ThanaNameBng], [BBSCode], [DistrictId], [CreateDate], [CreatedBy], [EditDate], [EditedBy], [Status]) VALUES (273, N'Khalishpur', N'????????', N'45', 39, NULL, NULL, NULL, NULL, 1)
--INSERT [dbo].[Thana] ([Id], [ThanaNameEng], [ThanaNameBng], [BBSCode], [DistrictId], [CreateDate], [CreatedBy], [EditDate], [EditedBy], [Status]) VALUES (274, N'Khan Jahan Ali', N'??? ????? ???', N'48', 39, NULL, NULL, NULL, NULL, 1)
--INSERT [dbo].[Thana] ([Id], [ThanaNameEng], [ThanaNameBng], [BBSCode], [DistrictId], [CreateDate], [CreatedBy], [EditDate], [EditedBy], [Status]) VALUES (275, N'Khulna Sadar', N'????? ???', N'51', 39, NULL, NULL, NULL, NULL, 1)
--INSERT [dbo].[Thana] ([Id], [ThanaNameEng], [ThanaNameBng], [BBSCode], [DistrictId], [CreateDate], [CreatedBy], [EditDate], [EditedBy], [Status]) VALUES (276, N'Koyra', N'????', N'53', 39, NULL, NULL, NULL, NULL, 1)
--INSERT [dbo].[Thana] ([Id], [ThanaNameEng], [ThanaNameBng], [BBSCode], [DistrictId], [CreateDate], [CreatedBy], [EditDate], [EditedBy], [Status]) VALUES (277, N'Paikgachha', N'????????', N'64', 39, NULL, NULL, NULL, NULL, 1)
--INSERT [dbo].[Thana] ([Id], [ThanaNameEng], [ThanaNameBng], [BBSCode], [DistrictId], [CreateDate], [CreatedBy], [EditDate], [EditedBy], [Status]) VALUES (278, N'Phultala', N'??????', N'69', 39, NULL, NULL, NULL, NULL, 1)
--INSERT [dbo].[Thana] ([Id], [ThanaNameEng], [ThanaNameBng], [BBSCode], [DistrictId], [CreateDate], [CreatedBy], [EditDate], [EditedBy], [Status]) VALUES (279, N'Rupsa', N'?????', N'75', 39, NULL, NULL, NULL, NULL, 1)
--INSERT [dbo].[Thana] ([Id], [ThanaNameEng], [ThanaNameBng], [BBSCode], [DistrictId], [CreateDate], [CreatedBy], [EditDate], [EditedBy], [Status]) VALUES (280, N'Sonadanga', N'??????????', N'85', 39, NULL, NULL, NULL, NULL, 1)
--INSERT [dbo].[Thana] ([Id], [ThanaNameEng], [ThanaNameBng], [BBSCode], [DistrictId], [CreateDate], [CreatedBy], [EditDate], [EditedBy], [Status]) VALUES (281, N'Terokhada', N'???????', N'94', 39, NULL, NULL, NULL, NULL, 1)
--INSERT [dbo].[Thana] ([Id], [ThanaNameEng], [ThanaNameBng], [BBSCode], [DistrictId], [CreateDate], [CreatedBy], [EditDate], [EditedBy], [Status]) VALUES (282, N'Austagram', N'?????????', N'2', 23, NULL, NULL, NULL, NULL, 1)
--INSERT [dbo].[Thana] ([Id], [ThanaNameEng], [ThanaNameBng], [BBSCode], [DistrictId], [CreateDate], [CreatedBy], [EditDate], [EditedBy], [Status]) VALUES (283, N'Bajitpur', N'????????', N'6', 23, NULL, NULL, NULL, NULL, 1)
--INSERT [dbo].[Thana] ([Id], [ThanaNameEng], [ThanaNameBng], [BBSCode], [DistrictId], [CreateDate], [CreatedBy], [EditDate], [EditedBy], [Status]) VALUES (284, N'Bhairab', N'????', N'11', 23, NULL, NULL, NULL, NULL, 1)
--INSERT [dbo].[Thana] ([Id], [ThanaNameEng], [ThanaNameBng], [BBSCode], [DistrictId], [CreateDate], [CreatedBy], [EditDate], [EditedBy], [Status]) VALUES (285, N'Hossainpur', N'????????', N'27', 23, NULL, NULL, NULL, NULL, 1)
--INSERT [dbo].[Thana] ([Id], [ThanaNameEng], [ThanaNameBng], [BBSCode], [DistrictId], [CreateDate], [CreatedBy], [EditDate], [EditedBy], [Status]) VALUES (286, N'Itna', N'????', N'33', 23, NULL, NULL, NULL, NULL, 1)
--INSERT [dbo].[Thana] ([Id], [ThanaNameEng], [ThanaNameBng], [BBSCode], [DistrictId], [CreateDate], [CreatedBy], [EditDate], [EditedBy], [Status]) VALUES (287, N'Karimganj', N'????????', N'42', 23, NULL, NULL, NULL, NULL, 1)
--INSERT [dbo].[Thana] ([Id], [ThanaNameEng], [ThanaNameBng], [BBSCode], [DistrictId], [CreateDate], [CreatedBy], [EditDate], [EditedBy], [Status]) VALUES (288, N'Katiadi', N'???????', N'45', 23, NULL, NULL, NULL, NULL, 1)
--INSERT [dbo].[Thana] ([Id], [ThanaNameEng], [ThanaNameBng], [BBSCode], [DistrictId], [CreateDate], [CreatedBy], [EditDate], [EditedBy], [Status]) VALUES (289, N'Kishoreganj Sadar', N'????????? ???', N'49', 23, NULL, NULL, NULL, NULL, 1)
--INSERT [dbo].[Thana] ([Id], [ThanaNameEng], [ThanaNameBng], [BBSCode], [DistrictId], [CreateDate], [CreatedBy], [EditDate], [EditedBy], [Status]) VALUES (290, N'Kuliar Char', N'??????? ??', N'54', 23, NULL, NULL, NULL, NULL, 1)
--INSERT [dbo].[Thana] ([Id], [ThanaNameEng], [ThanaNameBng], [BBSCode], [DistrictId], [CreateDate], [CreatedBy], [EditDate], [EditedBy], [Status]) VALUES (291, N'Mithamain', N'???????', N'59', 23, NULL, NULL, NULL, NULL, 1)
--INSERT [dbo].[Thana] ([Id], [ThanaNameEng], [ThanaNameBng], [BBSCode], [DistrictId], [CreateDate], [CreatedBy], [EditDate], [EditedBy], [Status]) VALUES (292, N'Nikli', N'???????', N'76', 23, NULL, NULL, NULL, NULL, 1)
--INSERT [dbo].[Thana] ([Id], [ThanaNameEng], [ThanaNameBng], [BBSCode], [DistrictId], [CreateDate], [CreatedBy], [EditDate], [EditedBy], [Status]) VALUES (293, N'Pakundia', N'??????????', N'79', 23, NULL, NULL, NULL, NULL, 1)
--INSERT [dbo].[Thana] ([Id], [ThanaNameEng], [ThanaNameBng], [BBSCode], [DistrictId], [CreateDate], [CreatedBy], [EditDate], [EditedBy], [Status]) VALUES (294, N'Tarail', N'??????', N'92', 23, NULL, NULL, NULL, NULL, 1)
--INSERT [dbo].[Thana] ([Id], [ThanaNameEng], [ThanaNameBng], [BBSCode], [DistrictId], [CreateDate], [CreatedBy], [EditDate], [EditedBy], [Status]) VALUES (295, N'Bhurungamari', N'???????????', N'6', 55, NULL, NULL, NULL, NULL, 1)
--INSERT [dbo].[Thana] ([Id], [ThanaNameEng], [ThanaNameBng], [BBSCode], [DistrictId], [CreateDate], [CreatedBy], [EditDate], [EditedBy], [Status]) VALUES (296, N'Char Rajibpur', N'????????', N'8', 55, NULL, NULL, NULL, NULL, 1)
--INSERT [dbo].[Thana] ([Id], [ThanaNameEng], [ThanaNameBng], [BBSCode], [DistrictId], [CreateDate], [CreatedBy], [EditDate], [EditedBy], [Status]) VALUES (297, N'Chilmari', N'???????', N'9', 55, NULL, NULL, NULL, NULL, 1)
--INSERT [dbo].[Thana] ([Id], [ThanaNameEng], [ThanaNameBng], [BBSCode], [DistrictId], [CreateDate], [CreatedBy], [EditDate], [EditedBy], [Status]) VALUES (298, N'Phulbari', N'???????', N'18', 55, NULL, NULL, NULL, NULL, 1)
--INSERT [dbo].[Thana] ([Id], [ThanaNameEng], [ThanaNameBng], [BBSCode], [DistrictId], [CreateDate], [CreatedBy], [EditDate], [EditedBy], [Status]) VALUES (299, N'Kurigram Sadar', N'????????? ???', N'52', 55, NULL, NULL, NULL, NULL, 1)
--INSERT [dbo].[Thana] ([Id], [ThanaNameEng], [ThanaNameBng], [BBSCode], [DistrictId], [CreateDate], [CreatedBy], [EditDate], [EditedBy], [Status]) VALUES (300, N'Nageshwari', N'?????????', N'61', 55, NULL, NULL, NULL, NULL, 1)
--INSERT [dbo].[Thana] ([Id], [ThanaNameEng], [ThanaNameBng], [BBSCode], [DistrictId], [CreateDate], [CreatedBy], [EditDate], [EditedBy], [Status]) VALUES (301, N'Rajarhat', N'????????', N'77', 55, NULL, NULL, NULL, NULL, 1)
--INSERT [dbo].[Thana] ([Id], [ThanaNameEng], [ThanaNameBng], [BBSCode], [DistrictId], [CreateDate], [CreatedBy], [EditDate], [EditedBy], [Status]) VALUES (302, N'Raumari', N'??????', N'79', 55, NULL, NULL, NULL, NULL, 1)
--INSERT [dbo].[Thana] ([Id], [ThanaNameEng], [ThanaNameBng], [BBSCode], [DistrictId], [CreateDate], [CreatedBy], [EditDate], [EditedBy], [Status]) VALUES (303, N'Ulipur', N'??????', N'94', 55, NULL, NULL, NULL, NULL, 1)
--INSERT [dbo].[Thana] ([Id], [ThanaNameEng], [ThanaNameBng], [BBSCode], [DistrictId], [CreateDate], [CreatedBy], [EditDate], [EditedBy], [Status]) VALUES (304, N'Bheramara', N'????????', N'15', 40, NULL, NULL, NULL, NULL, 1)
--INSERT [dbo].[Thana] ([Id], [ThanaNameEng], [ThanaNameBng], [BBSCode], [DistrictId], [CreateDate], [CreatedBy], [EditDate], [EditedBy], [Status]) VALUES (305, N'Daulatpur', N'???????', N'39', 40, NULL, NULL, NULL, NULL, 1)
--INSERT [dbo].[Thana] ([Id], [ThanaNameEng], [ThanaNameBng], [BBSCode], [DistrictId], [CreateDate], [CreatedBy], [EditDate], [EditedBy], [Status]) VALUES (306, N'Khoksa', N'???????', N'63', 40, NULL, NULL, NULL, NULL, 1)
--INSERT [dbo].[Thana] ([Id], [ThanaNameEng], [ThanaNameBng], [BBSCode], [DistrictId], [CreateDate], [CreatedBy], [EditDate], [EditedBy], [Status]) VALUES (307, N'Kumarkhali', N'?????????', N'71', 40, NULL, NULL, NULL, NULL, 1)
--INSERT [dbo].[Thana] ([Id], [ThanaNameEng], [ThanaNameBng], [BBSCode], [DistrictId], [CreateDate], [CreatedBy], [EditDate], [EditedBy], [Status]) VALUES (308, N'Kushtia Sadar', N'???????? ???', N'79', 40, NULL, NULL, NULL, NULL, 1)
--INSERT [dbo].[Thana] ([Id], [ThanaNameEng], [ThanaNameBng], [BBSCode], [DistrictId], [CreateDate], [CreatedBy], [EditDate], [EditedBy], [Status]) VALUES (309, N'Mirpur', N'??????', N'94', 40, NULL, NULL, NULL, NULL, 1)
--INSERT [dbo].[Thana] ([Id], [ThanaNameEng], [ThanaNameBng], [BBSCode], [DistrictId], [CreateDate], [CreatedBy], [EditDate], [EditedBy], [Status]) VALUES (310, N'Kamalnagar', N'??????', N'33', 15, NULL, NULL, NULL, NULL, 1)
--INSERT [dbo].[Thana] ([Id], [ThanaNameEng], [ThanaNameBng], [BBSCode], [DistrictId], [CreateDate], [CreatedBy], [EditDate], [EditedBy], [Status]) VALUES (311, N'Lakshmipur Sadar', N'?????????? ???', N'43', 15, NULL, NULL, NULL, NULL, 1)
--INSERT [dbo].[Thana] ([Id], [ThanaNameEng], [ThanaNameBng], [BBSCode], [DistrictId], [CreateDate], [CreatedBy], [EditDate], [EditedBy], [Status]) VALUES (312, N'Roypur', N'??????', N'58', 15, NULL, NULL, NULL, NULL, 1)
--INSERT [dbo].[Thana] ([Id], [ThanaNameEng], [ThanaNameBng], [BBSCode], [DistrictId], [CreateDate], [CreatedBy], [EditDate], [EditedBy], [Status]) VALUES (313, N'Ramganj', N'???????', N'65', 15, NULL, NULL, NULL, NULL, 1)
--INSERT [dbo].[Thana] ([Id], [ThanaNameEng], [ThanaNameBng], [BBSCode], [DistrictId], [CreateDate], [CreatedBy], [EditDate], [EditedBy], [Status]) VALUES (314, N'Ramgati', N'??????', N'73', 15, NULL, NULL, NULL, NULL, 1)
--INSERT [dbo].[Thana] ([Id], [ThanaNameEng], [ThanaNameBng], [BBSCode], [DistrictId], [CreateDate], [CreatedBy], [EditDate], [EditedBy], [Status]) VALUES (315, N'Aditmari', N'????????', N'2', 56, NULL, NULL, NULL, NULL, 1)
--INSERT [dbo].[Thana] ([Id], [ThanaNameEng], [ThanaNameBng], [BBSCode], [DistrictId], [CreateDate], [CreatedBy], [EditDate], [EditedBy], [Status]) VALUES (316, N'Hatibandha', N'??????????', N'33', 56, NULL, NULL, NULL, NULL, 1)
--INSERT [dbo].[Thana] ([Id], [ThanaNameEng], [ThanaNameBng], [BBSCode], [DistrictId], [CreateDate], [CreatedBy], [EditDate], [EditedBy], [Status]) VALUES (317, N'Kaliganj', N'????????', N'39', 56, NULL, NULL, NULL, NULL, 1)
--INSERT [dbo].[Thana] ([Id], [ThanaNameEng], [ThanaNameBng], [BBSCode], [DistrictId], [CreateDate], [CreatedBy], [EditDate], [EditedBy], [Status]) VALUES (318, N'Lalmonirhat Sadar', N'?????????? ???', N'55', 56, NULL, NULL, NULL, NULL, 1)
--INSERT [dbo].[Thana] ([Id], [ThanaNameEng], [ThanaNameBng], [BBSCode], [DistrictId], [CreateDate], [CreatedBy], [EditDate], [EditedBy], [Status]) VALUES (319, N'Patgram', N'????????', N'70', 56, NULL, NULL, NULL, NULL, 1)
--INSERT [dbo].[Thana] ([Id], [ThanaNameEng], [ThanaNameBng], [BBSCode], [DistrictId], [CreateDate], [CreatedBy], [EditDate], [EditedBy], [Status]) VALUES (320, N'Kalkini', N'???????', N'40', 24, NULL, NULL, NULL, NULL, 1)
--INSERT [dbo].[Thana] ([Id], [ThanaNameEng], [ThanaNameBng], [BBSCode], [DistrictId], [CreateDate], [CreatedBy], [EditDate], [EditedBy], [Status]) VALUES (321, N'Madaripur Sadar', N'????????? ???', N'54', 24, NULL, NULL, NULL, NULL, 1)
--INSERT [dbo].[Thana] ([Id], [ThanaNameEng], [ThanaNameBng], [BBSCode], [DistrictId], [CreateDate], [CreatedBy], [EditDate], [EditedBy], [Status]) VALUES (322, N'Rajoir', N'?????', N'80', 24, NULL, NULL, NULL, NULL, 1)
--INSERT [dbo].[Thana] ([Id], [ThanaNameEng], [ThanaNameBng], [BBSCode], [DistrictId], [CreateDate], [CreatedBy], [EditDate], [EditedBy], [Status]) VALUES (323, N'Shibchar', N'????? ??', N'87', 24, NULL, NULL, NULL, NULL, 1)
--INSERT [dbo].[Thana] ([Id], [ThanaNameEng], [ThanaNameBng], [BBSCode], [DistrictId], [CreateDate], [CreatedBy], [EditDate], [EditedBy], [Status]) VALUES (324, N'Magura Sadar', N'?????? ???', N'57', 41, NULL, NULL, NULL, NULL, 1)
--INSERT [dbo].[Thana] ([Id], [ThanaNameEng], [ThanaNameBng], [BBSCode], [DistrictId], [CreateDate], [CreatedBy], [EditDate], [EditedBy], [Status]) VALUES (325, N'Mohammadpur', N'???????????', N'66', 41, NULL, NULL, NULL, NULL, 1)
--INSERT [dbo].[Thana] ([Id], [ThanaNameEng], [ThanaNameBng], [BBSCode], [DistrictId], [CreateDate], [CreatedBy], [EditDate], [EditedBy], [Status]) VALUES (326, N'Shalikha', N'??????', N'85', 41, NULL, NULL, NULL, NULL, 1)
--INSERT [dbo].[Thana] ([Id], [ThanaNameEng], [ThanaNameBng], [BBSCode], [DistrictId], [CreateDate], [CreatedBy], [EditDate], [EditedBy], [Status]) VALUES (327, N'Sreepur', N'???????', N'95', 41, NULL, NULL, NULL, NULL, 1)
--INSERT [dbo].[Thana] ([Id], [ThanaNameEng], [ThanaNameBng], [BBSCode], [DistrictId], [CreateDate], [CreatedBy], [EditDate], [EditedBy], [Status]) VALUES (328, N'Daulatpur', N'???????', N'10', 25, NULL, NULL, NULL, NULL, 1)
--INSERT [dbo].[Thana] ([Id], [ThanaNameEng], [ThanaNameBng], [BBSCode], [DistrictId], [CreateDate], [CreatedBy], [EditDate], [EditedBy], [Status]) VALUES (329, N'Ghior', N'????', N'22', 25, NULL, NULL, NULL, NULL, 1)
--INSERT [dbo].[Thana] ([Id], [ThanaNameEng], [ThanaNameBng], [BBSCode], [DistrictId], [CreateDate], [CreatedBy], [EditDate], [EditedBy], [Status]) VALUES (330, N'Harirampur', N'?????????', N'28', 25, NULL, NULL, NULL, NULL, 1)
--INSERT [dbo].[Thana] ([Id], [ThanaNameEng], [ThanaNameBng], [BBSCode], [DistrictId], [CreateDate], [CreatedBy], [EditDate], [EditedBy], [Status]) VALUES (331, N'Manikganj Sadar', N'????????? ???', N'46', 25, NULL, NULL, NULL, NULL, 1)
--INSERT [dbo].[Thana] ([Id], [ThanaNameEng], [ThanaNameBng], [BBSCode], [DistrictId], [CreateDate], [CreatedBy], [EditDate], [EditedBy], [Status]) VALUES (332, N'Saturia', N'????????', N'70', 25, NULL, NULL, NULL, NULL, 1)
--INSERT [dbo].[Thana] ([Id], [ThanaNameEng], [ThanaNameBng], [BBSCode], [DistrictId], [CreateDate], [CreatedBy], [EditDate], [EditedBy], [Status]) VALUES (333, N'Shibalaya', N'??????', N'78', 25, NULL, NULL, NULL, NULL, 1)
--INSERT [dbo].[Thana] ([Id], [ThanaNameEng], [ThanaNameBng], [BBSCode], [DistrictId], [CreateDate], [CreatedBy], [EditDate], [EditedBy], [Status]) VALUES (334, N'Singair', N'???????', N'82', 25, NULL, NULL, NULL, NULL, 1)
--INSERT [dbo].[Thana] ([Id], [ThanaNameEng], [ThanaNameBng], [BBSCode], [DistrictId], [CreateDate], [CreatedBy], [EditDate], [EditedBy], [Status]) VALUES (335, N'Gangni', N'?????', N'47', 42, NULL, NULL, NULL, NULL, 1)
--INSERT [dbo].[Thana] ([Id], [ThanaNameEng], [ThanaNameBng], [BBSCode], [DistrictId], [CreateDate], [CreatedBy], [EditDate], [EditedBy], [Status]) VALUES (336, N'Mujib Nagar', N'???? ???', N'60', 42, NULL, NULL, NULL, NULL, 1)
--INSERT [dbo].[Thana] ([Id], [ThanaNameEng], [ThanaNameBng], [BBSCode], [DistrictId], [CreateDate], [CreatedBy], [EditDate], [EditedBy], [Status]) VALUES (337, N'Meherpur Sadar', N'???????? ???', N'87', 42, NULL, NULL, NULL, NULL, 1)
--INSERT [dbo].[Thana] ([Id], [ThanaNameEng], [ThanaNameBng], [BBSCode], [DistrictId], [CreateDate], [CreatedBy], [EditDate], [EditedBy], [Status]) VALUES (338, N'Barlekha', N'??????', N'14', 62, NULL, NULL, NULL, NULL, 1)
--INSERT [dbo].[Thana] ([Id], [ThanaNameEng], [ThanaNameBng], [BBSCode], [DistrictId], [CreateDate], [CreatedBy], [EditDate], [EditedBy], [Status]) VALUES (339, N'Juri', N'????', N'35', 62, NULL, NULL, NULL, NULL, 1)
--INSERT [dbo].[Thana] ([Id], [ThanaNameEng], [ThanaNameBng], [BBSCode], [DistrictId], [CreateDate], [CreatedBy], [EditDate], [EditedBy], [Status]) VALUES (340, N'Kamalganj', N'???????', N'56', 62, NULL, NULL, NULL, NULL, 1)
--INSERT [dbo].[Thana] ([Id], [ThanaNameEng], [ThanaNameBng], [BBSCode], [DistrictId], [CreateDate], [CreatedBy], [EditDate], [EditedBy], [Status]) VALUES (341, N'Kulaura', N'???????', N'65', 62, NULL, NULL, NULL, NULL, 1)
--INSERT [dbo].[Thana] ([Id], [ThanaNameEng], [ThanaNameBng], [BBSCode], [DistrictId], [CreateDate], [CreatedBy], [EditDate], [EditedBy], [Status]) VALUES (342, N'Maulvibazar Sadar', N'?????????? ???', N'74', 62, NULL, NULL, NULL, NULL, 1)
--INSERT [dbo].[Thana] ([Id], [ThanaNameEng], [ThanaNameBng], [BBSCode], [DistrictId], [CreateDate], [CreatedBy], [EditDate], [EditedBy], [Status]) VALUES (343, N'Rajnagar', N'??????', N'80', 62, NULL, NULL, NULL, NULL, 1)
--INSERT [dbo].[Thana] ([Id], [ThanaNameEng], [ThanaNameBng], [BBSCode], [DistrictId], [CreateDate], [CreatedBy], [EditDate], [EditedBy], [Status]) VALUES (344, N'Sreemangal', N'?????????', N'83', 62, NULL, NULL, NULL, NULL, 1)
--INSERT [dbo].[Thana] ([Id], [ThanaNameEng], [ThanaNameBng], [BBSCode], [DistrictId], [CreateDate], [CreatedBy], [EditDate], [EditedBy], [Status]) VALUES (345, N'Gazaria', N'???????', N'24', 26, NULL, NULL, NULL, NULL, 1)
--INSERT [dbo].[Thana] ([Id], [ThanaNameEng], [ThanaNameBng], [BBSCode], [DistrictId], [CreateDate], [CreatedBy], [EditDate], [EditedBy], [Status]) VALUES (346, N'Lohajang', N'?????', N'44', 26, NULL, NULL, NULL, NULL, 1)
--INSERT [dbo].[Thana] ([Id], [ThanaNameEng], [ThanaNameBng], [BBSCode], [DistrictId], [CreateDate], [CreatedBy], [EditDate], [EditedBy], [Status]) VALUES (347, N'Munshiganj Sadar', N'?????????? ???', N'56', 26, NULL, NULL, NULL, NULL, 1)
--INSERT [dbo].[Thana] ([Id], [ThanaNameEng], [ThanaNameBng], [BBSCode], [DistrictId], [CreateDate], [CreatedBy], [EditDate], [EditedBy], [Status]) VALUES (348, N'Serajdikhan', N'??????????', N'74', 26, NULL, NULL, NULL, NULL, 1)
--INSERT [dbo].[Thana] ([Id], [ThanaNameEng], [ThanaNameBng], [BBSCode], [DistrictId], [CreateDate], [CreatedBy], [EditDate], [EditedBy], [Status]) VALUES (349, N'Sreenagar', N'???????', N'84', 26, NULL, NULL, NULL, NULL, 1)
--INSERT [dbo].[Thana] ([Id], [ThanaNameEng], [ThanaNameBng], [BBSCode], [DistrictId], [CreateDate], [CreatedBy], [EditDate], [EditedBy], [Status]) VALUES (350, N'Tongibari', N'??????????', N'94', 26, NULL, NULL, NULL, NULL, 1)
--INSERT [dbo].[Thana] ([Id], [ThanaNameEng], [ThanaNameBng], [BBSCode], [DistrictId], [CreateDate], [CreatedBy], [EditDate], [EditedBy], [Status]) VALUES (351, N'Bhaluka', N'??????', N'13', 27, NULL, NULL, NULL, NULL, 1)
--INSERT [dbo].[Thana] ([Id], [ThanaNameEng], [ThanaNameBng], [BBSCode], [DistrictId], [CreateDate], [CreatedBy], [EditDate], [EditedBy], [Status]) VALUES (352, N'Dhobaura', N'???????', N'16', 27, NULL, NULL, NULL, NULL, 1)
--INSERT [dbo].[Thana] ([Id], [ThanaNameEng], [ThanaNameBng], [BBSCode], [DistrictId], [CreateDate], [CreatedBy], [EditDate], [EditedBy], [Status]) VALUES (353, N'Fulbaria', N'?????????', N'20', 27, NULL, NULL, NULL, NULL, 1)
--INSERT [dbo].[Thana] ([Id], [ThanaNameEng], [ThanaNameBng], [BBSCode], [DistrictId], [CreateDate], [CreatedBy], [EditDate], [EditedBy], [Status]) VALUES (354, N'Gaffargaon', N'???????', N'22', 27, NULL, NULL, NULL, NULL, 1)
--INSERT [dbo].[Thana] ([Id], [ThanaNameEng], [ThanaNameBng], [BBSCode], [DistrictId], [CreateDate], [CreatedBy], [EditDate], [EditedBy], [Status]) VALUES (355, N'Gauripur', N'???????', N'23', 27, NULL, NULL, NULL, NULL, 1)
--INSERT [dbo].[Thana] ([Id], [ThanaNameEng], [ThanaNameBng], [BBSCode], [DistrictId], [CreateDate], [CreatedBy], [EditDate], [EditedBy], [Status]) VALUES (356, N'Haluaghat', N'?????????', N'24', 27, NULL, NULL, NULL, NULL, 1)
--INSERT [dbo].[Thana] ([Id], [ThanaNameEng], [ThanaNameBng], [BBSCode], [DistrictId], [CreateDate], [CreatedBy], [EditDate], [EditedBy], [Status]) VALUES (357, N'Ishwarganj', N'?????????', N'31', 27, NULL, NULL, NULL, NULL, 1)
--INSERT [dbo].[Thana] ([Id], [ThanaNameEng], [ThanaNameBng], [BBSCode], [DistrictId], [CreateDate], [CreatedBy], [EditDate], [EditedBy], [Status]) VALUES (358, N'Mymensingh Sadar', N'???????? ???', N'52', 27, NULL, NULL, NULL, NULL, 1)
--INSERT [dbo].[Thana] ([Id], [ThanaNameEng], [ThanaNameBng], [BBSCode], [DistrictId], [CreateDate], [CreatedBy], [EditDate], [EditedBy], [Status]) VALUES (359, N'Muktagachha', N'??????????', N'65', 27, NULL, NULL, NULL, NULL, 1)
--INSERT [dbo].[Thana] ([Id], [ThanaNameEng], [ThanaNameBng], [BBSCode], [DistrictId], [CreateDate], [CreatedBy], [EditDate], [EditedBy], [Status]) VALUES (360, N'Nandail', N'????????', N'72', 27, NULL, NULL, NULL, NULL, 1)
--INSERT [dbo].[Thana] ([Id], [ThanaNameEng], [ThanaNameBng], [BBSCode], [DistrictId], [CreateDate], [CreatedBy], [EditDate], [EditedBy], [Status]) VALUES (361, N'Phulpur', N'??????', N'81', 27, NULL, NULL, NULL, NULL, 1)
--INSERT [dbo].[Thana] ([Id], [ThanaNameEng], [ThanaNameBng], [BBSCode], [DistrictId], [CreateDate], [CreatedBy], [EditDate], [EditedBy], [Status]) VALUES (362, N'Tarakanda', N'??????????', N'88', 27, NULL, NULL, NULL, NULL, 1)
--INSERT [dbo].[Thana] ([Id], [ThanaNameEng], [ThanaNameBng], [BBSCode], [DistrictId], [CreateDate], [CreatedBy], [EditDate], [EditedBy], [Status]) VALUES (363, N'Trishal', N'???????', N'94', 27, NULL, NULL, NULL, NULL, 1)
--INSERT [dbo].[Thana] ([Id], [ThanaNameEng], [ThanaNameBng], [BBSCode], [DistrictId], [CreateDate], [CreatedBy], [EditDate], [EditedBy], [Status]) VALUES (364, N'Atrai', N'??????', N'3', 47, NULL, NULL, NULL, NULL, 1)
--INSERT [dbo].[Thana] ([Id], [ThanaNameEng], [ThanaNameBng], [BBSCode], [DistrictId], [CreateDate], [CreatedBy], [EditDate], [EditedBy], [Status]) VALUES (365, N'Badalgachhi', N'???????', N'6', 47, NULL, NULL, NULL, NULL, 1)
--INSERT [dbo].[Thana] ([Id], [ThanaNameEng], [ThanaNameBng], [BBSCode], [DistrictId], [CreateDate], [CreatedBy], [EditDate], [EditedBy], [Status]) VALUES (366, N'Dhamoirhat', N'?????????', N'28', 47, NULL, NULL, NULL, NULL, 1)
--INSERT [dbo].[Thana] ([Id], [ThanaNameEng], [ThanaNameBng], [BBSCode], [DistrictId], [CreateDate], [CreatedBy], [EditDate], [EditedBy], [Status]) VALUES (367, N'Manda', N'??????', N'47', 47, NULL, NULL, NULL, NULL, 1)
--INSERT [dbo].[Thana] ([Id], [ThanaNameEng], [ThanaNameBng], [BBSCode], [DistrictId], [CreateDate], [CreatedBy], [EditDate], [EditedBy], [Status]) VALUES (368, N'Mahadebpur', N'?????????', N'50', 47, NULL, NULL, NULL, NULL, 1)
--INSERT [dbo].[Thana] ([Id], [ThanaNameEng], [ThanaNameBng], [BBSCode], [DistrictId], [CreateDate], [CreatedBy], [EditDate], [EditedBy], [Status]) VALUES (369, N'Naogaon Sadar', N'????? ???', N'60', 47, NULL, NULL, NULL, NULL, 1)
--INSERT [dbo].[Thana] ([Id], [ThanaNameEng], [ThanaNameBng], [BBSCode], [DistrictId], [CreateDate], [CreatedBy], [EditDate], [EditedBy], [Status]) VALUES (370, N'Niamatpur', N'?????????', N'69', 47, NULL, NULL, NULL, NULL, 1)
--INSERT [dbo].[Thana] ([Id], [ThanaNameEng], [ThanaNameBng], [BBSCode], [DistrictId], [CreateDate], [CreatedBy], [EditDate], [EditedBy], [Status]) VALUES (371, N'Patnitala', N'????????', N'75', 47, NULL, NULL, NULL, NULL, 1)
--INSERT [dbo].[Thana] ([Id], [ThanaNameEng], [ThanaNameBng], [BBSCode], [DistrictId], [CreateDate], [CreatedBy], [EditDate], [EditedBy], [Status]) VALUES (372, N'Porsha', N'?????', N'79', 47, NULL, NULL, NULL, NULL, 1)
--INSERT [dbo].[Thana] ([Id], [ThanaNameEng], [ThanaNameBng], [BBSCode], [DistrictId], [CreateDate], [CreatedBy], [EditDate], [EditedBy], [Status]) VALUES (373, N'Raninagar', N'???????', N'85', 47, NULL, NULL, NULL, NULL, 1)
--INSERT [dbo].[Thana] ([Id], [ThanaNameEng], [ThanaNameBng], [BBSCode], [DistrictId], [CreateDate], [CreatedBy], [EditDate], [EditedBy], [Status]) VALUES (374, N'Sapahar', N'???????', N'86', 47, NULL, NULL, NULL, NULL, 1)
--INSERT [dbo].[Thana] ([Id], [ThanaNameEng], [ThanaNameBng], [BBSCode], [DistrictId], [CreateDate], [CreatedBy], [EditDate], [EditedBy], [Status]) VALUES (375, N'Kalia', N'??????', N'28', 43, NULL, NULL, NULL, NULL, 1)
--INSERT [dbo].[Thana] ([Id], [ThanaNameEng], [ThanaNameBng], [BBSCode], [DistrictId], [CreateDate], [CreatedBy], [EditDate], [EditedBy], [Status]) VALUES (376, N'Lohagara', N'???????', N'52', 43, NULL, NULL, NULL, NULL, 1)
--INSERT [dbo].[Thana] ([Id], [ThanaNameEng], [ThanaNameBng], [BBSCode], [DistrictId], [CreateDate], [CreatedBy], [EditDate], [EditedBy], [Status]) VALUES (377, N'Narail Sadar', N'????? ???', N'76', 43, NULL, NULL, NULL, NULL, 1)
--INSERT [dbo].[Thana] ([Id], [ThanaNameEng], [ThanaNameBng], [BBSCode], [DistrictId], [CreateDate], [CreatedBy], [EditDate], [EditedBy], [Status]) VALUES (378, N'Araihazar', N'?????????', N'2', 28, NULL, NULL, NULL, NULL, 1)
--INSERT [dbo].[Thana] ([Id], [ThanaNameEng], [ThanaNameBng], [BBSCode], [DistrictId], [CreateDate], [CreatedBy], [EditDate], [EditedBy], [Status]) VALUES (379, N'Sonargaon', N'?????????', N'4', 28, NULL, NULL, NULL, NULL, 1)
--INSERT [dbo].[Thana] ([Id], [ThanaNameEng], [ThanaNameBng], [BBSCode], [DistrictId], [CreateDate], [CreatedBy], [EditDate], [EditedBy], [Status]) VALUES (380, N'Bandar', N'?????', N'6', 28, NULL, NULL, NULL, NULL, 1)
--INSERT [dbo].[Thana] ([Id], [ThanaNameEng], [ThanaNameBng], [BBSCode], [DistrictId], [CreateDate], [CreatedBy], [EditDate], [EditedBy], [Status]) VALUES (381, N'Narayanganj Sadar', N'?????????? ???', N'58', 28, NULL, NULL, NULL, NULL, 1)
--INSERT [dbo].[Thana] ([Id], [ThanaNameEng], [ThanaNameBng], [BBSCode], [DistrictId], [CreateDate], [CreatedBy], [EditDate], [EditedBy], [Status]) VALUES (382, N'Rupganj', N'???????', N'68', 28, NULL, NULL, NULL, NULL, 1)
--INSERT [dbo].[Thana] ([Id], [ThanaNameEng], [ThanaNameBng], [BBSCode], [DistrictId], [CreateDate], [CreatedBy], [EditDate], [EditedBy], [Status]) VALUES (383, N'Belabo', N'??????', N'7', 29, NULL, NULL, NULL, NULL, 1)
--INSERT [dbo].[Thana] ([Id], [ThanaNameEng], [ThanaNameBng], [BBSCode], [DistrictId], [CreateDate], [CreatedBy], [EditDate], [EditedBy], [Status]) VALUES (384, N'Manohardi', N'???????', N'52', 29, NULL, NULL, NULL, NULL, 1)
--INSERT [dbo].[Thana] ([Id], [ThanaNameEng], [ThanaNameBng], [BBSCode], [DistrictId], [CreateDate], [CreatedBy], [EditDate], [EditedBy], [Status]) VALUES (385, N'Narsingdi Sadar', N'??????? ???', N'60', 29, NULL, NULL, NULL, NULL, 1)
--INSERT [dbo].[Thana] ([Id], [ThanaNameEng], [ThanaNameBng], [BBSCode], [DistrictId], [CreateDate], [CreatedBy], [EditDate], [EditedBy], [Status]) VALUES (386, N'Palash', N'????', N'63', 29, NULL, NULL, NULL, NULL, 1)
--INSERT [dbo].[Thana] ([Id], [ThanaNameEng], [ThanaNameBng], [BBSCode], [DistrictId], [CreateDate], [CreatedBy], [EditDate], [EditedBy], [Status]) VALUES (387, N'Roypura', N'???????', N'64', 29, NULL, NULL, NULL, NULL, 1)
--INSERT [dbo].[Thana] ([Id], [ThanaNameEng], [ThanaNameBng], [BBSCode], [DistrictId], [CreateDate], [CreatedBy], [EditDate], [EditedBy], [Status]) VALUES (388, N'Shibpur', N'??????', N'76', 29, NULL, NULL, NULL, NULL, 1)
--INSERT [dbo].[Thana] ([Id], [ThanaNameEng], [ThanaNameBng], [BBSCode], [DistrictId], [CreateDate], [CreatedBy], [EditDate], [EditedBy], [Status]) VALUES (389, N'Bagatipara', N'??????????', N'9', 48, NULL, NULL, NULL, NULL, 1)
--INSERT [dbo].[Thana] ([Id], [ThanaNameEng], [ThanaNameBng], [BBSCode], [DistrictId], [CreateDate], [CreatedBy], [EditDate], [EditedBy], [Status]) VALUES (390, N'Baraigram', N'????????', N'15', 48, NULL, NULL, NULL, NULL, 1)
--INSERT [dbo].[Thana] ([Id], [ThanaNameEng], [ThanaNameBng], [BBSCode], [DistrictId], [CreateDate], [CreatedBy], [EditDate], [EditedBy], [Status]) VALUES (391, N'Gurudaspur', N'??????????', N'41', 48, NULL, NULL, NULL, NULL, 1)
--INSERT [dbo].[Thana] ([Id], [ThanaNameEng], [ThanaNameBng], [BBSCode], [DistrictId], [CreateDate], [CreatedBy], [EditDate], [EditedBy], [Status]) VALUES (392, N'Lalpur', N'??????', N'44', 48, NULL, NULL, NULL, NULL, 1)
--INSERT [dbo].[Thana] ([Id], [ThanaNameEng], [ThanaNameBng], [BBSCode], [DistrictId], [CreateDate], [CreatedBy], [EditDate], [EditedBy], [Status]) VALUES (393, N'Naldanga', N'', N'55', 48, NULL, NULL, NULL, NULL, 1)
--INSERT [dbo].[Thana] ([Id], [ThanaNameEng], [ThanaNameBng], [BBSCode], [DistrictId], [CreateDate], [CreatedBy], [EditDate], [EditedBy], [Status]) VALUES (394, N'Natore Sadar', N'????? ???', N'63', 48, NULL, NULL, NULL, NULL, 1)
--INSERT [dbo].[Thana] ([Id], [ThanaNameEng], [ThanaNameBng], [BBSCode], [DistrictId], [CreateDate], [CreatedBy], [EditDate], [EditedBy], [Status]) VALUES (395, N'Singra', N'?????', N'91', 48, NULL, NULL, NULL, NULL, 1)
--INSERT [dbo].[Thana] ([Id], [ThanaNameEng], [ThanaNameBng], [BBSCode], [DistrictId], [CreateDate], [CreatedBy], [EditDate], [EditedBy], [Status]) VALUES (396, N'Bholahat', N'???????', N'18', 49, NULL, NULL, NULL, NULL, 1)
--INSERT [dbo].[Thana] ([Id], [ThanaNameEng], [ThanaNameBng], [BBSCode], [DistrictId], [CreateDate], [CreatedBy], [EditDate], [EditedBy], [Status]) VALUES (397, N'Gomastapur', N'??????????', N'37', 49, NULL, NULL, NULL, NULL, 1)
--INSERT [dbo].[Thana] ([Id], [ThanaNameEng], [ThanaNameBng], [BBSCode], [DistrictId], [CreateDate], [CreatedBy], [EditDate], [EditedBy], [Status]) VALUES (398, N'Nachole', N'?????', N'56', 49, NULL, NULL, NULL, NULL, 1)
--INSERT [dbo].[Thana] ([Id], [ThanaNameEng], [ThanaNameBng], [BBSCode], [DistrictId], [CreateDate], [CreatedBy], [EditDate], [EditedBy], [Status]) VALUES (399, N'Chapai Nababganj Sadar', N'?????? ???????? ???', N'66', 49, NULL, NULL, NULL, NULL, 1)
--INSERT [dbo].[Thana] ([Id], [ThanaNameEng], [ThanaNameBng], [BBSCode], [DistrictId], [CreateDate], [CreatedBy], [EditDate], [EditedBy], [Status]) VALUES (400, N'Shibganj', N'???????', N'88', 49, NULL, NULL, NULL, NULL, 1)
--INSERT [dbo].[Thana] ([Id], [ThanaNameEng], [ThanaNameBng], [BBSCode], [DistrictId], [CreateDate], [CreatedBy], [EditDate], [EditedBy], [Status]) VALUES (401, N'Atpara', N'??????', N'4', 30, NULL, NULL, NULL, NULL, 1)
--INSERT [dbo].[Thana] ([Id], [ThanaNameEng], [ThanaNameBng], [BBSCode], [DistrictId], [CreateDate], [CreatedBy], [EditDate], [EditedBy], [Status]) VALUES (402, N'Barhatta', N'?????????', N'9', 30, NULL, NULL, NULL, NULL, 1)
--INSERT [dbo].[Thana] ([Id], [ThanaNameEng], [ThanaNameBng], [BBSCode], [DistrictId], [CreateDate], [CreatedBy], [EditDate], [EditedBy], [Status]) VALUES (403, N'Durgapur', N'?????????', N'18', 30, NULL, NULL, NULL, NULL, 1)
--INSERT [dbo].[Thana] ([Id], [ThanaNameEng], [ThanaNameBng], [BBSCode], [DistrictId], [CreateDate], [CreatedBy], [EditDate], [EditedBy], [Status]) VALUES (404, N'Khaliajuri', N'?????????', N'38', 30, NULL, NULL, NULL, NULL, 1)
--INSERT [dbo].[Thana] ([Id], [ThanaNameEng], [ThanaNameBng], [BBSCode], [DistrictId], [CreateDate], [CreatedBy], [EditDate], [EditedBy], [Status]) VALUES (405, N'Kalmakanda', N'??????????', N'40', 30, NULL, NULL, NULL, NULL, 1)
--INSERT [dbo].[Thana] ([Id], [ThanaNameEng], [ThanaNameBng], [BBSCode], [DistrictId], [CreateDate], [CreatedBy], [EditDate], [EditedBy], [Status]) VALUES (406, N'Kendua', N'????????', N'47', 30, NULL, NULL, NULL, NULL, 1)
--INSERT [dbo].[Thana] ([Id], [ThanaNameEng], [ThanaNameBng], [BBSCode], [DistrictId], [CreateDate], [CreatedBy], [EditDate], [EditedBy], [Status]) VALUES (407, N'Madan', N'??? ', N'56', 30, NULL, NULL, NULL, NULL, 1)
--INSERT [dbo].[Thana] ([Id], [ThanaNameEng], [ThanaNameBng], [BBSCode], [DistrictId], [CreateDate], [CreatedBy], [EditDate], [EditedBy], [Status]) VALUES (408, N'Mohanganj', N'????????', N'63', 30, NULL, NULL, NULL, NULL, 1)
--INSERT [dbo].[Thana] ([Id], [ThanaNameEng], [ThanaNameBng], [BBSCode], [DistrictId], [CreateDate], [CreatedBy], [EditDate], [EditedBy], [Status]) VALUES (409, N'Netrokona Sadar', N'????????? ???', N'74', 30, NULL, NULL, NULL, NULL, 1)
--INSERT [dbo].[Thana] ([Id], [ThanaNameEng], [ThanaNameBng], [BBSCode], [DistrictId], [CreateDate], [CreatedBy], [EditDate], [EditedBy], [Status]) VALUES (410, N'Purbadhala', N'????????', N'83', 30, NULL, NULL, NULL, NULL, 1)
--INSERT [dbo].[Thana] ([Id], [ThanaNameEng], [ThanaNameBng], [BBSCode], [DistrictId], [CreateDate], [CreatedBy], [EditDate], [EditedBy], [Status]) VALUES (411, N'Dimla', N'?????', N'12', 57, NULL, NULL, NULL, NULL, 1)
--INSERT [dbo].[Thana] ([Id], [ThanaNameEng], [ThanaNameBng], [BBSCode], [DistrictId], [CreateDate], [CreatedBy], [EditDate], [EditedBy], [Status]) VALUES (412, N'Domar Upazila', N'?????', N'15', 57, NULL, NULL, NULL, NULL, 1)
--INSERT [dbo].[Thana] ([Id], [ThanaNameEng], [ThanaNameBng], [BBSCode], [DistrictId], [CreateDate], [CreatedBy], [EditDate], [EditedBy], [Status]) VALUES (413, N'Jaldhaka', N'??????', N'36', 57, NULL, NULL, NULL, NULL, 1)
--INSERT [dbo].[Thana] ([Id], [ThanaNameEng], [ThanaNameBng], [BBSCode], [DistrictId], [CreateDate], [CreatedBy], [EditDate], [EditedBy], [Status]) VALUES (414, N'Kishoreganj', N'?????????', N'45', 57, NULL, NULL, NULL, NULL, 1)
--INSERT [dbo].[Thana] ([Id], [ThanaNameEng], [ThanaNameBng], [BBSCode], [DistrictId], [CreateDate], [CreatedBy], [EditDate], [EditedBy], [Status]) VALUES (415, N'Nilphamari Sadar', N'????????? ???', N'64', 57, NULL, NULL, NULL, NULL, 1)
--INSERT [dbo].[Thana] ([Id], [ThanaNameEng], [ThanaNameBng], [BBSCode], [DistrictId], [CreateDate], [CreatedBy], [EditDate], [EditedBy], [Status]) VALUES (416, N'Saidpur Upazila', N'???????', N'85', 57, NULL, NULL, NULL, NULL, 1)
--INSERT [dbo].[Thana] ([Id], [ThanaNameEng], [ThanaNameBng], [BBSCode], [DistrictId], [CreateDate], [CreatedBy], [EditDate], [EditedBy], [Status]) VALUES (417, N'Begumganj', N'????????', N'7', 16, NULL, NULL, NULL, NULL, 1)
--INSERT [dbo].[Thana] ([Id], [ThanaNameEng], [ThanaNameBng], [BBSCode], [DistrictId], [CreateDate], [CreatedBy], [EditDate], [EditedBy], [Status]) VALUES (418, N'Chatkhil', N'????????', N'10', 16, NULL, NULL, NULL, NULL, 1)
--INSERT [dbo].[Thana] ([Id], [ThanaNameEng], [ThanaNameBng], [BBSCode], [DistrictId], [CreateDate], [CreatedBy], [EditDate], [EditedBy], [Status]) VALUES (419, N'Companiganj', N'????????????', N'21', 16, NULL, NULL, NULL, NULL, 1)
--INSERT [dbo].[Thana] ([Id], [ThanaNameEng], [ThanaNameBng], [BBSCode], [DistrictId], [CreateDate], [CreatedBy], [EditDate], [EditedBy], [Status]) VALUES (420, N'Hatiya', N'??????', N'36', 16, NULL, NULL, NULL, NULL, 1)
--INSERT [dbo].[Thana] ([Id], [ThanaNameEng], [ThanaNameBng], [BBSCode], [DistrictId], [CreateDate], [CreatedBy], [EditDate], [EditedBy], [Status]) VALUES (421, N'Kabirhat', N'???????', N'47', 16, NULL, NULL, NULL, NULL, 1)
--INSERT [dbo].[Thana] ([Id], [ThanaNameEng], [ThanaNameBng], [BBSCode], [DistrictId], [CreateDate], [CreatedBy], [EditDate], [EditedBy], [Status]) VALUES (422, N'Senbagh', N'??????', N'80', 16, NULL, NULL, NULL, NULL, 1)
--INSERT [dbo].[Thana] ([Id], [ThanaNameEng], [ThanaNameBng], [BBSCode], [DistrictId], [CreateDate], [CreatedBy], [EditDate], [EditedBy], [Status]) VALUES (423, N'Sonaimuri', N'?????????', N'83', 16, NULL, NULL, NULL, NULL, 1)
--INSERT [dbo].[Thana] ([Id], [ThanaNameEng], [ThanaNameBng], [BBSCode], [DistrictId], [CreateDate], [CreatedBy], [EditDate], [EditedBy], [Status]) VALUES (424, N'Subarnachar', N'????????', N'85', 16, NULL, NULL, NULL, NULL, 1)
--INSERT [dbo].[Thana] ([Id], [ThanaNameEng], [ThanaNameBng], [BBSCode], [DistrictId], [CreateDate], [CreatedBy], [EditDate], [EditedBy], [Status]) VALUES (425, N'Noakhali Sadar', N'???????? ???', N'87', 16, NULL, NULL, NULL, NULL, 1)
--INSERT [dbo].[Thana] ([Id], [ThanaNameEng], [ThanaNameBng], [BBSCode], [DistrictId], [CreateDate], [CreatedBy], [EditDate], [EditedBy], [Status]) VALUES (426, N'Atgharia', N'???????', N'5', 50, NULL, NULL, NULL, NULL, 1)
--INSERT [dbo].[Thana] ([Id], [ThanaNameEng], [ThanaNameBng], [BBSCode], [DistrictId], [CreateDate], [CreatedBy], [EditDate], [EditedBy], [Status]) VALUES (427, N'Bera', N'????', N'16', 50, NULL, NULL, NULL, NULL, 1)
--INSERT [dbo].[Thana] ([Id], [ThanaNameEng], [ThanaNameBng], [BBSCode], [DistrictId], [CreateDate], [CreatedBy], [EditDate], [EditedBy], [Status]) VALUES (428, N'Bhangura', N'???????', N'19', 50, NULL, NULL, NULL, NULL, 1)
--INSERT [dbo].[Thana] ([Id], [ThanaNameEng], [ThanaNameBng], [BBSCode], [DistrictId], [CreateDate], [CreatedBy], [EditDate], [EditedBy], [Status]) VALUES (429, N'Chatmohar', N'?????????', N'22', 50, NULL, NULL, NULL, NULL, 1)
--INSERT [dbo].[Thana] ([Id], [ThanaNameEng], [ThanaNameBng], [BBSCode], [DistrictId], [CreateDate], [CreatedBy], [EditDate], [EditedBy], [Status]) VALUES (430, N'Faridpur', N'???????', N'33', 50, NULL, NULL, NULL, NULL, 1)
--INSERT [dbo].[Thana] ([Id], [ThanaNameEng], [ThanaNameBng], [BBSCode], [DistrictId], [CreateDate], [CreatedBy], [EditDate], [EditedBy], [Status]) VALUES (431, N'Ishwardi', N'???????', N'39', 50, NULL, NULL, NULL, NULL, 1)
--INSERT [dbo].[Thana] ([Id], [ThanaNameEng], [ThanaNameBng], [BBSCode], [DistrictId], [CreateDate], [CreatedBy], [EditDate], [EditedBy], [Status]) VALUES (432, N'Pabna Sadar', N'????? ???', N'55', 50, NULL, NULL, NULL, NULL, 1)
--INSERT [dbo].[Thana] ([Id], [ThanaNameEng], [ThanaNameBng], [BBSCode], [DistrictId], [CreateDate], [CreatedBy], [EditDate], [EditedBy], [Status]) VALUES (433, N'Santhia', N'???????', N'72', 50, NULL, NULL, NULL, NULL, 1)
--INSERT [dbo].[Thana] ([Id], [ThanaNameEng], [ThanaNameBng], [BBSCode], [DistrictId], [CreateDate], [CreatedBy], [EditDate], [EditedBy], [Status]) VALUES (434, N'Sujanagar', N'???????', N'83', 50, NULL, NULL, NULL, NULL, 1)
--INSERT [dbo].[Thana] ([Id], [ThanaNameEng], [ThanaNameBng], [BBSCode], [DistrictId], [CreateDate], [CreatedBy], [EditDate], [EditedBy], [Status]) VALUES (435, N'Atwari', N'???????', N'4', 58, NULL, NULL, NULL, NULL, 1)
--INSERT [dbo].[Thana] ([Id], [ThanaNameEng], [ThanaNameBng], [BBSCode], [DistrictId], [CreateDate], [CreatedBy], [EditDate], [EditedBy], [Status]) VALUES (436, N'Boda', N'????', N'25', 58, NULL, NULL, NULL, NULL, 1)
--INSERT [dbo].[Thana] ([Id], [ThanaNameEng], [ThanaNameBng], [BBSCode], [DistrictId], [CreateDate], [CreatedBy], [EditDate], [EditedBy], [Status]) VALUES (437, N'Debiganj', N'????????', N'34', 58, NULL, NULL, NULL, NULL, 1)
--INSERT [dbo].[Thana] ([Id], [ThanaNameEng], [ThanaNameBng], [BBSCode], [DistrictId], [CreateDate], [CreatedBy], [EditDate], [EditedBy], [Status]) VALUES (438, N'Panchagarh Sadar', N'?????? ???', N'73', 58, NULL, NULL, NULL, NULL, 1)
--INSERT [dbo].[Thana] ([Id], [ThanaNameEng], [ThanaNameBng], [BBSCode], [DistrictId], [CreateDate], [CreatedBy], [EditDate], [EditedBy], [Status]) VALUES (439, N'Tentulia', N'?????????', N'90', 58, NULL, NULL, NULL, NULL, 1)
--INSERT [dbo].[Thana] ([Id], [ThanaNameEng], [ThanaNameBng], [BBSCode], [DistrictId], [CreateDate], [CreatedBy], [EditDate], [EditedBy], [Status]) VALUES (440, N'Bauphal', N'?????', N'38', 5, NULL, NULL, NULL, NULL, 1)
--INSERT [dbo].[Thana] ([Id], [ThanaNameEng], [ThanaNameBng], [BBSCode], [DistrictId], [CreateDate], [CreatedBy], [EditDate], [EditedBy], [Status]) VALUES (441, N'Dashmina', N'??????', N'52', 5, NULL, NULL, NULL, NULL, 1)
--INSERT [dbo].[Thana] ([Id], [ThanaNameEng], [ThanaNameBng], [BBSCode], [DistrictId], [CreateDate], [CreatedBy], [EditDate], [EditedBy], [Status]) VALUES (442, N'Dumki', N'???????', N'55', 5, NULL, NULL, NULL, NULL, 1)
--INSERT [dbo].[Thana] ([Id], [ThanaNameEng], [ThanaNameBng], [BBSCode], [DistrictId], [CreateDate], [CreatedBy], [EditDate], [EditedBy], [Status]) VALUES (443, N'Galachipa', N'???????', N'57', 5, NULL, NULL, NULL, NULL, 1)
--INSERT [dbo].[Thana] ([Id], [ThanaNameEng], [ThanaNameBng], [BBSCode], [DistrictId], [CreateDate], [CreatedBy], [EditDate], [EditedBy], [Status]) VALUES (444, N'Kalapara', N'???????', N'66', 5, NULL, NULL, NULL, NULL, 1)
--INSERT [dbo].[Thana] ([Id], [ThanaNameEng], [ThanaNameBng], [BBSCode], [DistrictId], [CreateDate], [CreatedBy], [EditDate], [EditedBy], [Status]) VALUES (445, N'Mirzaganj', N'??????????', N'76', 5, NULL, NULL, NULL, NULL, 1)
--INSERT [dbo].[Thana] ([Id], [ThanaNameEng], [ThanaNameBng], [BBSCode], [DistrictId], [CreateDate], [CreatedBy], [EditDate], [EditedBy], [Status]) VALUES (446, N'Patuakhali Sadar', N'????????? ???', N'95', 5, NULL, NULL, NULL, NULL, 1)
--INSERT [dbo].[Thana] ([Id], [ThanaNameEng], [ThanaNameBng], [BBSCode], [DistrictId], [CreateDate], [CreatedBy], [EditDate], [EditedBy], [Status]) VALUES (447, N'Rangabali', N'??????????', N'97', 5, NULL, NULL, NULL, NULL, 1)
--INSERT [dbo].[Thana] ([Id], [ThanaNameEng], [ThanaNameBng], [BBSCode], [DistrictId], [CreateDate], [CreatedBy], [EditDate], [EditedBy], [Status]) VALUES (448, N'Bhandaria', N'??????????', N'14', 6, NULL, NULL, NULL, NULL, 1)
--INSERT [dbo].[Thana] ([Id], [ThanaNameEng], [ThanaNameBng], [BBSCode], [DistrictId], [CreateDate], [CreatedBy], [EditDate], [EditedBy], [Status]) VALUES (449, N'Kawkhali', N'???????', N'47', 6, NULL, NULL, NULL, NULL, 1)
--INSERT [dbo].[Thana] ([Id], [ThanaNameEng], [ThanaNameBng], [BBSCode], [DistrictId], [CreateDate], [CreatedBy], [EditDate], [EditedBy], [Status]) VALUES (450, N'Mathbaria', N'????????', N'58', 6, NULL, NULL, NULL, NULL, 1)
--INSERT [dbo].[Thana] ([Id], [ThanaNameEng], [ThanaNameBng], [BBSCode], [DistrictId], [CreateDate], [CreatedBy], [EditDate], [EditedBy], [Status]) VALUES (451, N'Nazirpur', N'????????', N'76', 6, NULL, NULL, NULL, NULL, 1)
--INSERT [dbo].[Thana] ([Id], [ThanaNameEng], [ThanaNameBng], [BBSCode], [DistrictId], [CreateDate], [CreatedBy], [EditDate], [EditedBy], [Status]) VALUES (452, N'Pirojpur Sadar', N'???????? ???', N'80', 6, NULL, NULL, NULL, NULL, 1)
--INSERT [dbo].[Thana] ([Id], [ThanaNameEng], [ThanaNameBng], [BBSCode], [DistrictId], [CreateDate], [CreatedBy], [EditDate], [EditedBy], [Status]) VALUES (453, N'Nesarabad (Swarupkati)', N'?????????(??????????)', N'87', 6, NULL, NULL, NULL, NULL, 1)
--INSERT [dbo].[Thana] ([Id], [ThanaNameEng], [ThanaNameBng], [BBSCode], [DistrictId], [CreateDate], [CreatedBy], [EditDate], [EditedBy], [Status]) VALUES (454, N'Zianagar', N'???????', N'90', 6, NULL, NULL, NULL, NULL, 1)
--INSERT [dbo].[Thana] ([Id], [ThanaNameEng], [ThanaNameBng], [BBSCode], [DistrictId], [CreateDate], [CreatedBy], [EditDate], [EditedBy], [Status]) VALUES (455, N'Bagha', N'????', N'10', 51, NULL, NULL, NULL, NULL, 1)
--INSERT [dbo].[Thana] ([Id], [ThanaNameEng], [ThanaNameBng], [BBSCode], [DistrictId], [CreateDate], [CreatedBy], [EditDate], [EditedBy], [Status]) VALUES (456, N'Baghmara', N'???????', N'12', 51, NULL, NULL, NULL, NULL, 1)
--INSERT [dbo].[Thana] ([Id], [ThanaNameEng], [ThanaNameBng], [BBSCode], [DistrictId], [CreateDate], [CreatedBy], [EditDate], [EditedBy], [Status]) VALUES (457, N'Boalia', N'????????', N'22', 51, NULL, NULL, NULL, NULL, 1)
--INSERT [dbo].[Thana] ([Id], [ThanaNameEng], [ThanaNameBng], [BBSCode], [DistrictId], [CreateDate], [CreatedBy], [EditDate], [EditedBy], [Status]) VALUES (458, N'Charghat', N'??????', N'25', 51, NULL, NULL, NULL, NULL, 1)
--INSERT [dbo].[Thana] ([Id], [ThanaNameEng], [ThanaNameBng], [BBSCode], [DistrictId], [CreateDate], [CreatedBy], [EditDate], [EditedBy], [Status]) VALUES (459, N'Durgapur', N'?????????', N'31', 51, NULL, NULL, NULL, NULL, 1)
--INSERT [dbo].[Thana] ([Id], [ThanaNameEng], [ThanaNameBng], [BBSCode], [DistrictId], [CreateDate], [CreatedBy], [EditDate], [EditedBy], [Status]) VALUES (460, N'Godagari', N'????????', N'34', 51, NULL, NULL, NULL, NULL, 1)
--INSERT [dbo].[Thana] ([Id], [ThanaNameEng], [ThanaNameBng], [BBSCode], [DistrictId], [CreateDate], [CreatedBy], [EditDate], [EditedBy], [Status]) VALUES (461, N'Matihar', N'??????', N'40', 51, NULL, NULL, NULL, NULL, 1)
--INSERT [dbo].[Thana] ([Id], [ThanaNameEng], [ThanaNameBng], [BBSCode], [DistrictId], [CreateDate], [CreatedBy], [EditDate], [EditedBy], [Status]) VALUES (462, N'Mohanpur', N'???????', N'53', 51, NULL, NULL, NULL, NULL, 1)
--INSERT [dbo].[Thana] ([Id], [ThanaNameEng], [ThanaNameBng], [BBSCode], [DistrictId], [CreateDate], [CreatedBy], [EditDate], [EditedBy], [Status]) VALUES (463, N'Paba', N'???', N'72', 51, NULL, NULL, NULL, NULL, 1)
--INSERT [dbo].[Thana] ([Id], [ThanaNameEng], [ThanaNameBng], [BBSCode], [DistrictId], [CreateDate], [CreatedBy], [EditDate], [EditedBy], [Status]) VALUES (464, N'Puthia', N'??????', N'82', 51, NULL, NULL, NULL, NULL, 1)
--INSERT [dbo].[Thana] ([Id], [ThanaNameEng], [ThanaNameBng], [BBSCode], [DistrictId], [CreateDate], [CreatedBy], [EditDate], [EditedBy], [Status]) VALUES (465, N'Rajpara', N'???????', N'85', 51, NULL, NULL, NULL, NULL, 1)
--INSERT [dbo].[Thana] ([Id], [ThanaNameEng], [ThanaNameBng], [BBSCode], [DistrictId], [CreateDate], [CreatedBy], [EditDate], [EditedBy], [Status]) VALUES (466, N'Shah Makhdum', N'????? ?????', N'90', 51, NULL, NULL, NULL, NULL, 1)
--INSERT [dbo].[Thana] ([Id], [ThanaNameEng], [ThanaNameBng], [BBSCode], [DistrictId], [CreateDate], [CreatedBy], [EditDate], [EditedBy], [Status]) VALUES (467, N'Tanore', N'?????', N'94', 51, NULL, NULL, NULL, NULL, 1)
--INSERT [dbo].[Thana] ([Id], [ThanaNameEng], [ThanaNameBng], [BBSCode], [DistrictId], [CreateDate], [CreatedBy], [EditDate], [EditedBy], [Status]) VALUES (468, N'Baliakandi', N'????????????', N'7', 31, NULL, NULL, NULL, NULL, 1)
--INSERT [dbo].[Thana] ([Id], [ThanaNameEng], [ThanaNameBng], [BBSCode], [DistrictId], [CreateDate], [CreatedBy], [EditDate], [EditedBy], [Status]) VALUES (469, N'Goalanda', N'????????', N'29', 31, NULL, NULL, NULL, NULL, 1)
--INSERT [dbo].[Thana] ([Id], [ThanaNameEng], [ThanaNameBng], [BBSCode], [DistrictId], [CreateDate], [CreatedBy], [EditDate], [EditedBy], [Status]) VALUES (470, N'Kalukhali', N'????????', N'47', 31, NULL, NULL, NULL, NULL, 1)
--INSERT [dbo].[Thana] ([Id], [ThanaNameEng], [ThanaNameBng], [BBSCode], [DistrictId], [CreateDate], [CreatedBy], [EditDate], [EditedBy], [Status]) VALUES (471, N'Pangsha', N'?????', N'73', 31, NULL, NULL, NULL, NULL, 1)
--INSERT [dbo].[Thana] ([Id], [ThanaNameEng], [ThanaNameBng], [BBSCode], [DistrictId], [CreateDate], [CreatedBy], [EditDate], [EditedBy], [Status]) VALUES (472, N'Rajbari Sadar', N'??????? ???', N'76', 31, NULL, NULL, NULL, NULL, 1)
--INSERT [dbo].[Thana] ([Id], [ThanaNameEng], [ThanaNameBng], [BBSCode], [DistrictId], [CreateDate], [CreatedBy], [EditDate], [EditedBy], [Status]) VALUES (473, N'Baghaichhari', N'????????', N'7', 17, NULL, NULL, NULL, NULL, 1)
--INSERT [dbo].[Thana] ([Id], [ThanaNameEng], [ThanaNameBng], [BBSCode], [DistrictId], [CreateDate], [CreatedBy], [EditDate], [EditedBy], [Status]) VALUES (474, N'Barkal Upazila', N'????', N'21', 17, NULL, NULL, NULL, NULL, 1)
--INSERT [dbo].[Thana] ([Id], [ThanaNameEng], [ThanaNameBng], [BBSCode], [DistrictId], [CreateDate], [CreatedBy], [EditDate], [EditedBy], [Status]) VALUES (475, N'Kawkhali (Betbunia)', N'???????', N'25', 17, NULL, NULL, NULL, NULL, 1)
--INSERT [dbo].[Thana] ([Id], [ThanaNameEng], [ThanaNameBng], [BBSCode], [DistrictId], [CreateDate], [CreatedBy], [EditDate], [EditedBy], [Status]) VALUES (476, N'Belai Chhari  Upazi', N'????????', N'29', 17, NULL, NULL, NULL, NULL, 1)
--INSERT [dbo].[Thana] ([Id], [ThanaNameEng], [ThanaNameBng], [BBSCode], [DistrictId], [CreateDate], [CreatedBy], [EditDate], [EditedBy], [Status]) VALUES (477, N'Kaptai  Upazila', N'???????', N'36', 17, NULL, NULL, NULL, NULL, 1)
--INSERT [dbo].[Thana] ([Id], [ThanaNameEng], [ThanaNameBng], [BBSCode], [DistrictId], [CreateDate], [CreatedBy], [EditDate], [EditedBy], [Status]) VALUES (478, N'Jurai Chhari Upazil', N'????????', N'47', 17, NULL, NULL, NULL, NULL, 1)
--INSERT [dbo].[Thana] ([Id], [ThanaNameEng], [ThanaNameBng], [BBSCode], [DistrictId], [CreateDate], [CreatedBy], [EditDate], [EditedBy], [Status]) VALUES (479, N'Langadu  Upazila', N'?????', N'58', 17, NULL, NULL, NULL, NULL, 1)
--INSERT [dbo].[Thana] ([Id], [ThanaNameEng], [ThanaNameBng], [BBSCode], [DistrictId], [CreateDate], [CreatedBy], [EditDate], [EditedBy], [Status]) VALUES (480, N'Naniarchar  Upazila', N'?????????', N'75', 17, NULL, NULL, NULL, NULL, 1)
--INSERT [dbo].[Thana] ([Id], [ThanaNameEng], [ThanaNameBng], [BBSCode], [DistrictId], [CreateDate], [CreatedBy], [EditDate], [EditedBy], [Status]) VALUES (481, N'Rajasthali  Upazila', N'?????????', N'78', 17, NULL, NULL, NULL, NULL, 1)
--INSERT [dbo].[Thana] ([Id], [ThanaNameEng], [ThanaNameBng], [BBSCode], [DistrictId], [CreateDate], [CreatedBy], [EditDate], [EditedBy], [Status]) VALUES (482, N'Rangamati Sadar  Up', N'?????????? ???', N'87', 17, NULL, NULL, NULL, NULL, 1)
--INSERT [dbo].[Thana] ([Id], [ThanaNameEng], [ThanaNameBng], [BBSCode], [DistrictId], [CreateDate], [CreatedBy], [EditDate], [EditedBy], [Status]) VALUES (483, N'Badarganj', N'???????', N'3', 59, NULL, NULL, NULL, NULL, 1)
--INSERT [dbo].[Thana] ([Id], [ThanaNameEng], [ThanaNameBng], [BBSCode], [DistrictId], [CreateDate], [CreatedBy], [EditDate], [EditedBy], [Status]) VALUES (484, N'Gangachara', N'???????', N'27', 59, NULL, NULL, NULL, NULL, 1)
--INSERT [dbo].[Thana] ([Id], [ThanaNameEng], [ThanaNameBng], [BBSCode], [DistrictId], [CreateDate], [CreatedBy], [EditDate], [EditedBy], [Status]) VALUES (485, N'Kaunia', N'???????', N'42', 59, NULL, NULL, NULL, NULL, 1)
--INSERT [dbo].[Thana] ([Id], [ThanaNameEng], [ThanaNameBng], [BBSCode], [DistrictId], [CreateDate], [CreatedBy], [EditDate], [EditedBy], [Status]) VALUES (486, N'Rangpur Sadar', N'????? ???', N'49', 59, NULL, NULL, NULL, NULL, 1)
--INSERT [dbo].[Thana] ([Id], [ThanaNameEng], [ThanaNameBng], [BBSCode], [DistrictId], [CreateDate], [CreatedBy], [EditDate], [EditedBy], [Status]) VALUES (487, N'Mitha Pukur', N'?????????', N'58', 59, NULL, NULL, NULL, NULL, 1)
--INSERT [dbo].[Thana] ([Id], [ThanaNameEng], [ThanaNameBng], [BBSCode], [DistrictId], [CreateDate], [CreatedBy], [EditDate], [EditedBy], [Status]) VALUES (488, N'Pirgachha', N'???????', N'73', 59, NULL, NULL, NULL, NULL, 1)
--INSERT [dbo].[Thana] ([Id], [ThanaNameEng], [ThanaNameBng], [BBSCode], [DistrictId], [CreateDate], [CreatedBy], [EditDate], [EditedBy], [Status]) VALUES (489, N'Pirganj', N'???????', N'76', 59, NULL, NULL, NULL, NULL, 1)
--INSERT [dbo].[Thana] ([Id], [ThanaNameEng], [ThanaNameBng], [BBSCode], [DistrictId], [CreateDate], [CreatedBy], [EditDate], [EditedBy], [Status]) VALUES (490, N'Taraganj', N'????????', N'92', 59, NULL, NULL, NULL, NULL, 1)
--INSERT [dbo].[Thana] ([Id], [ThanaNameEng], [ThanaNameBng], [BBSCode], [DistrictId], [CreateDate], [CreatedBy], [EditDate], [EditedBy], [Status]) VALUES (491, N'Bhedarganj', N'????????', N'14', 32, NULL, NULL, NULL, NULL, 1)
--INSERT [dbo].[Thana] ([Id], [ThanaNameEng], [ThanaNameBng], [BBSCode], [DistrictId], [CreateDate], [CreatedBy], [EditDate], [EditedBy], [Status]) VALUES (492, N'Damudya', N'????????', N'25', 32, NULL, NULL, NULL, NULL, 1)
--INSERT [dbo].[Thana] ([Id], [ThanaNameEng], [ThanaNameBng], [BBSCode], [DistrictId], [CreateDate], [CreatedBy], [EditDate], [EditedBy], [Status]) VALUES (493, N'Gosairhat', N'?????????', N'36', 32, NULL, NULL, NULL, NULL, 1)
--INSERT [dbo].[Thana] ([Id], [ThanaNameEng], [ThanaNameBng], [BBSCode], [DistrictId], [CreateDate], [CreatedBy], [EditDate], [EditedBy], [Status]) VALUES (494, N'Naria', N'?????', N'65', 32, NULL, NULL, NULL, NULL, 1)
--INSERT [dbo].[Thana] ([Id], [ThanaNameEng], [ThanaNameBng], [BBSCode], [DistrictId], [CreateDate], [CreatedBy], [EditDate], [EditedBy], [Status]) VALUES (495, N'Shariatpur Sadar', N'???????? ???', N'69', 32, NULL, NULL, NULL, NULL, 1)
--INSERT [dbo].[Thana] ([Id], [ThanaNameEng], [ThanaNameBng], [BBSCode], [DistrictId], [CreateDate], [CreatedBy], [EditDate], [EditedBy], [Status]) VALUES (496, N'Zanjira', N'??????', N'94', 32, NULL, NULL, NULL, NULL, 1)
--INSERT [dbo].[Thana] ([Id], [ThanaNameEng], [ThanaNameBng], [BBSCode], [DistrictId], [CreateDate], [CreatedBy], [EditDate], [EditedBy], [Status]) VALUES (497, N'Assasuni', N'???????', N'4', 44, NULL, NULL, NULL, NULL, 1)
--INSERT [dbo].[Thana] ([Id], [ThanaNameEng], [ThanaNameBng], [BBSCode], [DistrictId], [CreateDate], [CreatedBy], [EditDate], [EditedBy], [Status]) VALUES (498, N'Debhata', N'???????', N'25', 44, NULL, NULL, NULL, NULL, 1)
--INSERT [dbo].[Thana] ([Id], [ThanaNameEng], [ThanaNameBng], [BBSCode], [DistrictId], [CreateDate], [CreatedBy], [EditDate], [EditedBy], [Status]) VALUES (499, N'Kalaroa', N'???????', N'43', 44, NULL, NULL, NULL, NULL, 1)
--INSERT [dbo].[Thana] ([Id], [ThanaNameEng], [ThanaNameBng], [BBSCode], [DistrictId], [CreateDate], [CreatedBy], [EditDate], [EditedBy], [Status]) VALUES (500, N'Kaliganj', N'????????', N'47', 44, NULL, NULL, NULL, NULL, 1)
--INSERT [dbo].[Thana] ([Id], [ThanaNameEng], [ThanaNameBng], [BBSCode], [DistrictId], [CreateDate], [CreatedBy], [EditDate], [EditedBy], [Status]) VALUES (501, N'Satkhira Sadar', N'????????? ???', N'82', 44, NULL, NULL, NULL, NULL, 1)
--INSERT [dbo].[Thana] ([Id], [ThanaNameEng], [ThanaNameBng], [BBSCode], [DistrictId], [CreateDate], [CreatedBy], [EditDate], [EditedBy], [Status]) VALUES (502, N'Shyamnagar', N'????????', N'86', 44, NULL, NULL, NULL, NULL, 1)
--INSERT [dbo].[Thana] ([Id], [ThanaNameEng], [ThanaNameBng], [BBSCode], [DistrictId], [CreateDate], [CreatedBy], [EditDate], [EditedBy], [Status]) VALUES (503, N'Tala', N'????', N'90', 44, NULL, NULL, NULL, NULL, 1)
--INSERT [dbo].[Thana] ([Id], [ThanaNameEng], [ThanaNameBng], [BBSCode], [DistrictId], [CreateDate], [CreatedBy], [EditDate], [EditedBy], [Status]) VALUES (504, N'Belkuchi', N'???????', N'11', 52, NULL, NULL, NULL, NULL, 1)
--INSERT [dbo].[Thana] ([Id], [ThanaNameEng], [ThanaNameBng], [BBSCode], [DistrictId], [CreateDate], [CreatedBy], [EditDate], [EditedBy], [Status]) VALUES (505, N'Chauhali', N'??????', N'27', 52, NULL, NULL, NULL, NULL, 1)
--INSERT [dbo].[Thana] ([Id], [ThanaNameEng], [ThanaNameBng], [BBSCode], [DistrictId], [CreateDate], [CreatedBy], [EditDate], [EditedBy], [Status]) VALUES (506, N'Kamarkhanda', N'?????????', N'44', 52, NULL, NULL, NULL, NULL, 1)
--INSERT [dbo].[Thana] ([Id], [ThanaNameEng], [ThanaNameBng], [BBSCode], [DistrictId], [CreateDate], [CreatedBy], [EditDate], [EditedBy], [Status]) VALUES (507, N'Kazipur', N'???????', N'50', 52, NULL, NULL, NULL, NULL, 1)
--INSERT [dbo].[Thana] ([Id], [ThanaNameEng], [ThanaNameBng], [BBSCode], [DistrictId], [CreateDate], [CreatedBy], [EditDate], [EditedBy], [Status]) VALUES (508, N'Royganj', N'???????', N'61', 52, NULL, NULL, NULL, NULL, 1)
--INSERT [dbo].[Thana] ([Id], [ThanaNameEng], [ThanaNameBng], [BBSCode], [DistrictId], [CreateDate], [CreatedBy], [EditDate], [EditedBy], [Status]) VALUES (509, N'Shahjadpur', N'??????????', N'67', 52, NULL, NULL, NULL, NULL, 1)
--INSERT [dbo].[Thana] ([Id], [ThanaNameEng], [ThanaNameBng], [BBSCode], [DistrictId], [CreateDate], [CreatedBy], [EditDate], [EditedBy], [Status]) VALUES (510, N'Sirajganj Sadar', N'????????? ???', N'78', 52, NULL, NULL, NULL, NULL, 1)
--INSERT [dbo].[Thana] ([Id], [ThanaNameEng], [ThanaNameBng], [BBSCode], [DistrictId], [CreateDate], [CreatedBy], [EditDate], [EditedBy], [Status]) VALUES (511, N'Tarash', N'?????', N'89', 52, NULL, NULL, NULL, NULL, 1)
--INSERT [dbo].[Thana] ([Id], [ThanaNameEng], [ThanaNameBng], [BBSCode], [DistrictId], [CreateDate], [CreatedBy], [EditDate], [EditedBy], [Status]) VALUES (512, N'Ullah Para', N'????? ????', N'94', 52, NULL, NULL, NULL, NULL, 1)
--INSERT [dbo].[Thana] ([Id], [ThanaNameEng], [ThanaNameBng], [BBSCode], [DistrictId], [CreateDate], [CreatedBy], [EditDate], [EditedBy], [Status]) VALUES (513, N'Jhenaigati', N'?????????', N'37', 33, NULL, NULL, NULL, NULL, 1)
--INSERT [dbo].[Thana] ([Id], [ThanaNameEng], [ThanaNameBng], [BBSCode], [DistrictId], [CreateDate], [CreatedBy], [EditDate], [EditedBy], [Status]) VALUES (514, N'Nakla', N'????', N'67', 33, NULL, NULL, NULL, NULL, 1)
--INSERT [dbo].[Thana] ([Id], [ThanaNameEng], [ThanaNameBng], [BBSCode], [DistrictId], [CreateDate], [CreatedBy], [EditDate], [EditedBy], [Status]) VALUES (515, N'Nalitabari', N'??????????', N'70', 33, NULL, NULL, NULL, NULL, 1)
--INSERT [dbo].[Thana] ([Id], [ThanaNameEng], [ThanaNameBng], [BBSCode], [DistrictId], [CreateDate], [CreatedBy], [EditDate], [EditedBy], [Status]) VALUES (516, N'Sherpur Sadar', N'?????? ???', N'88', 33, NULL, NULL, NULL, NULL, 1)
--INSERT [dbo].[Thana] ([Id], [ThanaNameEng], [ThanaNameBng], [BBSCode], [DistrictId], [CreateDate], [CreatedBy], [EditDate], [EditedBy], [Status]) VALUES (517, N'Sreebardi', N'?????????', N'90', 33, NULL, NULL, NULL, NULL, 1)
--INSERT [dbo].[Thana] ([Id], [ThanaNameEng], [ThanaNameBng], [BBSCode], [DistrictId], [CreateDate], [CreatedBy], [EditDate], [EditedBy], [Status]) VALUES (518, N'Bishwambarpur', N'????????????', N'18', 63, NULL, NULL, NULL, NULL, 1)
--INSERT [dbo].[Thana] ([Id], [ThanaNameEng], [ThanaNameBng], [BBSCode], [DistrictId], [CreateDate], [CreatedBy], [EditDate], [EditedBy], [Status]) VALUES (519, N'Chhatak', N'????', N'23', 63, NULL, NULL, NULL, NULL, 1)
--INSERT [dbo].[Thana] ([Id], [ThanaNameEng], [ThanaNameBng], [BBSCode], [DistrictId], [CreateDate], [CreatedBy], [EditDate], [EditedBy], [Status]) VALUES (520, N'Dakshin Sunamganj', N'?????? ?????????', N'27', 63, NULL, NULL, NULL, NULL, 1)
--INSERT [dbo].[Thana] ([Id], [ThanaNameEng], [ThanaNameBng], [BBSCode], [DistrictId], [CreateDate], [CreatedBy], [EditDate], [EditedBy], [Status]) VALUES (521, N'Derai', N'?????', N'29', 63, NULL, NULL, NULL, NULL, 1)
--INSERT [dbo].[Thana] ([Id], [ThanaNameEng], [ThanaNameBng], [BBSCode], [DistrictId], [CreateDate], [CreatedBy], [EditDate], [EditedBy], [Status]) VALUES (522, N'Dharampasha', N'????????', N'32', 63, NULL, NULL, NULL, NULL, 1)
--INSERT [dbo].[Thana] ([Id], [ThanaNameEng], [ThanaNameBng], [BBSCode], [DistrictId], [CreateDate], [CreatedBy], [EditDate], [EditedBy], [Status]) VALUES (523, N'Dowarabazar', N'???????????', N'33', 63, NULL, NULL, NULL, NULL, 1)
--INSERT [dbo].[Thana] ([Id], [ThanaNameEng], [ThanaNameBng], [BBSCode], [DistrictId], [CreateDate], [CreatedBy], [EditDate], [EditedBy], [Status]) VALUES (524, N'Jagannathpur', N'??????????', N'47', 63, NULL, NULL, NULL, NULL, 1)
--INSERT [dbo].[Thana] ([Id], [ThanaNameEng], [ThanaNameBng], [BBSCode], [DistrictId], [CreateDate], [CreatedBy], [EditDate], [EditedBy], [Status]) VALUES (525, N'Jamalganj', N'?????????', N'50', 63, NULL, NULL, NULL, NULL, 1)
--INSERT [dbo].[Thana] ([Id], [ThanaNameEng], [ThanaNameBng], [BBSCode], [DistrictId], [CreateDate], [CreatedBy], [EditDate], [EditedBy], [Status]) VALUES (526, N'Sulla', N'??????', N'86', 63, NULL, NULL, NULL, NULL, 1)
--INSERT [dbo].[Thana] ([Id], [ThanaNameEng], [ThanaNameBng], [BBSCode], [DistrictId], [CreateDate], [CreatedBy], [EditDate], [EditedBy], [Status]) VALUES (527, N'Sunamganj Sadar', N'????????? ???', N'89', 63, NULL, NULL, NULL, NULL, 1)
--INSERT [dbo].[Thana] ([Id], [ThanaNameEng], [ThanaNameBng], [BBSCode], [DistrictId], [CreateDate], [CreatedBy], [EditDate], [EditedBy], [Status]) VALUES (528, N'Tahirpur', N'????????', N'92', 63, NULL, NULL, NULL, NULL, 1)
--INSERT [dbo].[Thana] ([Id], [ThanaNameEng], [ThanaNameBng], [BBSCode], [DistrictId], [CreateDate], [CreatedBy], [EditDate], [EditedBy], [Status]) VALUES (529, N'Balaganj', N'????????', N'8', 64, NULL, NULL, NULL, NULL, 1)
--INSERT [dbo].[Thana] ([Id], [ThanaNameEng], [ThanaNameBng], [BBSCode], [DistrictId], [CreateDate], [CreatedBy], [EditDate], [EditedBy], [Status]) VALUES (530, N'Beani Bazar', N'?????? ?????', N'17', 64, NULL, NULL, NULL, NULL, 1)
--INSERT [dbo].[Thana] ([Id], [ThanaNameEng], [ThanaNameBng], [BBSCode], [DistrictId], [CreateDate], [CreatedBy], [EditDate], [EditedBy], [Status]) VALUES (531, N'Bishwanath', N'????????', N'20', 64, NULL, NULL, NULL, NULL, 1)
--INSERT [dbo].[Thana] ([Id], [ThanaNameEng], [ThanaNameBng], [BBSCode], [DistrictId], [CreateDate], [CreatedBy], [EditDate], [EditedBy], [Status]) VALUES (532, N'Companiganj', N'????????????', N'27', 64, NULL, NULL, NULL, NULL, 1)
--INSERT [dbo].[Thana] ([Id], [ThanaNameEng], [ThanaNameBng], [BBSCode], [DistrictId], [CreateDate], [CreatedBy], [EditDate], [EditedBy], [Status]) VALUES (533, N'Dakshin Surma', N'?????? ?????', N'31', 64, NULL, NULL, NULL, NULL, 1)
--INSERT [dbo].[Thana] ([Id], [ThanaNameEng], [ThanaNameBng], [BBSCode], [DistrictId], [CreateDate], [CreatedBy], [EditDate], [EditedBy], [Status]) VALUES (534, N'Fenchuganj', N'??????????', N'35', 64, NULL, NULL, NULL, NULL, 1)
--INSERT [dbo].[Thana] ([Id], [ThanaNameEng], [ThanaNameBng], [BBSCode], [DistrictId], [CreateDate], [CreatedBy], [EditDate], [EditedBy], [Status]) VALUES (535, N'Golapganj', N'?????????', N'38', 64, NULL, NULL, NULL, NULL, 1)
--INSERT [dbo].[Thana] ([Id], [ThanaNameEng], [ThanaNameBng], [BBSCode], [DistrictId], [CreateDate], [CreatedBy], [EditDate], [EditedBy], [Status]) VALUES (536, N'Gowainghat', N'?????????', N'41', 64, NULL, NULL, NULL, NULL, 1)
--INSERT [dbo].[Thana] ([Id], [ThanaNameEng], [ThanaNameBng], [BBSCode], [DistrictId], [CreateDate], [CreatedBy], [EditDate], [EditedBy], [Status]) VALUES (537, N'Jaintiapur', N'?????????', N'53', 64, NULL, NULL, NULL, NULL, 1)
--INSERT [dbo].[Thana] ([Id], [ThanaNameEng], [ThanaNameBng], [BBSCode], [DistrictId], [CreateDate], [CreatedBy], [EditDate], [EditedBy], [Status]) VALUES (538, N'Kanaighat', N'????????', N'59', 64, NULL, NULL, NULL, NULL, 1)
--INSERT [dbo].[Thana] ([Id], [ThanaNameEng], [ThanaNameBng], [BBSCode], [DistrictId], [CreateDate], [CreatedBy], [EditDate], [EditedBy], [Status]) VALUES (539, N'Sylhet Sadar', N'????? ???', N'62', 64, NULL, NULL, NULL, NULL, 1)
--INSERT [dbo].[Thana] ([Id], [ThanaNameEng], [ThanaNameBng], [BBSCode], [DistrictId], [CreateDate], [CreatedBy], [EditDate], [EditedBy], [Status]) VALUES (540, N'Zakiganj', N'???????', N'94', 64, NULL, NULL, NULL, NULL, 1)
--INSERT [dbo].[Thana] ([Id], [ThanaNameEng], [ThanaNameBng], [BBSCode], [DistrictId], [CreateDate], [CreatedBy], [EditDate], [EditedBy], [Status]) VALUES (541, N'Basail', N'??????', N'9', 34, NULL, NULL, NULL, NULL, 1)
--INSERT [dbo].[Thana] ([Id], [ThanaNameEng], [ThanaNameBng], [BBSCode], [DistrictId], [CreateDate], [CreatedBy], [EditDate], [EditedBy], [Status]) VALUES (542, N'Bhuapur', N'???????', N'19', 34, NULL, NULL, NULL, NULL, 1)
--INSERT [dbo].[Thana] ([Id], [ThanaNameEng], [ThanaNameBng], [BBSCode], [DistrictId], [CreateDate], [CreatedBy], [EditDate], [EditedBy], [Status]) VALUES (543, N'Delduar', N'????????', N'23', 34, NULL, NULL, NULL, NULL, 1)
--INSERT [dbo].[Thana] ([Id], [ThanaNameEng], [ThanaNameBng], [BBSCode], [DistrictId], [CreateDate], [CreatedBy], [EditDate], [EditedBy], [Status]) VALUES (544, N'Dhanbari', N'??????', N'25', 34, NULL, NULL, NULL, NULL, 1)
--INSERT [dbo].[Thana] ([Id], [ThanaNameEng], [ThanaNameBng], [BBSCode], [DistrictId], [CreateDate], [CreatedBy], [EditDate], [EditedBy], [Status]) VALUES (545, N'Ghatail', N'??????', N'28', 34, NULL, NULL, NULL, NULL, 1)
--INSERT [dbo].[Thana] ([Id], [ThanaNameEng], [ThanaNameBng], [BBSCode], [DistrictId], [CreateDate], [CreatedBy], [EditDate], [EditedBy], [Status]) VALUES (546, N'Gopalpur', N'????????', N'38', 34, NULL, NULL, NULL, NULL, 1)
--INSERT [dbo].[Thana] ([Id], [ThanaNameEng], [ThanaNameBng], [BBSCode], [DistrictId], [CreateDate], [CreatedBy], [EditDate], [EditedBy], [Status]) VALUES (547, N'Kalihati', N'????????', N'47', 34, NULL, NULL, NULL, NULL, 1)
--INSERT [dbo].[Thana] ([Id], [ThanaNameEng], [ThanaNameBng], [BBSCode], [DistrictId], [CreateDate], [CreatedBy], [EditDate], [EditedBy], [Status]) VALUES (548, N'Madhupur', N'??????', N'57', 34, NULL, NULL, NULL, NULL, 1)
--INSERT [dbo].[Thana] ([Id], [ThanaNameEng], [ThanaNameBng], [BBSCode], [DistrictId], [CreateDate], [CreatedBy], [EditDate], [EditedBy], [Status]) VALUES (549, N'Mirzapur', N'?????????', N'66', 34, NULL, NULL, NULL, NULL, 1)
--INSERT [dbo].[Thana] ([Id], [ThanaNameEng], [ThanaNameBng], [BBSCode], [DistrictId], [CreateDate], [CreatedBy], [EditDate], [EditedBy], [Status]) VALUES (550, N'Nagarpur', N'???????', N'76', 34, NULL, NULL, NULL, NULL, 1)
--INSERT [dbo].[Thana] ([Id], [ThanaNameEng], [ThanaNameBng], [BBSCode], [DistrictId], [CreateDate], [CreatedBy], [EditDate], [EditedBy], [Status]) VALUES (551, N'Sakhipur', N'??????', N'85', 34, NULL, NULL, NULL, NULL, 1)
--INSERT [dbo].[Thana] ([Id], [ThanaNameEng], [ThanaNameBng], [BBSCode], [DistrictId], [CreateDate], [CreatedBy], [EditDate], [EditedBy], [Status]) VALUES (552, N'Tangail Sadar', N'???????? ???', N'95', 34, NULL, NULL, NULL, NULL, 1)
--INSERT [dbo].[Thana] ([Id], [ThanaNameEng], [ThanaNameBng], [BBSCode], [DistrictId], [CreateDate], [CreatedBy], [EditDate], [EditedBy], [Status]) VALUES (553, N'Baliadangi', N'???????????', N'8', 60, NULL, NULL, NULL, NULL, 1)
--INSERT [dbo].[Thana] ([Id], [ThanaNameEng], [ThanaNameBng], [BBSCode], [DistrictId], [CreateDate], [CreatedBy], [EditDate], [EditedBy], [Status]) VALUES (554, N'Haripur', N'??????', N'51', 60, NULL, NULL, NULL, NULL, 1)
--INSERT [dbo].[Thana] ([Id], [ThanaNameEng], [ThanaNameBng], [BBSCode], [DistrictId], [CreateDate], [CreatedBy], [EditDate], [EditedBy], [Status]) VALUES (555, N'Pirganj', N'???????', N'82', 60, NULL, NULL, NULL, NULL, 1)
--INSERT [dbo].[Thana] ([Id], [ThanaNameEng], [ThanaNameBng], [BBSCode], [DistrictId], [CreateDate], [CreatedBy], [EditDate], [EditedBy], [Status]) VALUES (556, N'Ranisankail', N'??????????', N'86', 60, NULL, NULL, NULL, NULL, 1)
--INSERT [dbo].[Thana] ([Id], [ThanaNameEng], [ThanaNameBng], [BBSCode], [DistrictId], [CreateDate], [CreatedBy], [EditDate], [EditedBy], [Status]) VALUES (557, N'Thakurgaon Sadar', N'????????? ???', N'94', 60, NULL, NULL, NULL, NULL, 1)
--SET IDENTITY_INSERT [dbo].[Thana] OFF

--SET IDENTITY_INSERT [dbo].[Area] ON 
--INSERT [dbo].[Area] ([Id], [Name], [ThanaId], [CreateDate], [CreatedBy], [EditDate], [EditedBy], [Status]) VALUES (1, N'Sheker Tek', 123, CAST(N'2018-02-18 17:44:43.210' AS DateTime), 1, CAST(N'2018-02-18 17:45:00.887' AS DateTime), 1, 1)
--SET IDENTITY_INSERT [dbo].[Area] OFF

--SET IDENTITY_INSERT [dbo].[Association] ON 
--INSERT [dbo].[Association] ([Id], [Name], [Description], [CreateDate], [CreatedBy], [EditDate], [EditedBy], [Status]) VALUES (1, N'BAIRA', NULL, NULL, NULL, NULL, NULL, 1)
--INSERT [dbo].[Association] ([Id], [Name], [Description], [CreateDate], [CreatedBy], [EditDate], [EditedBy], [Status]) VALUES (2, N'HAAB', NULL, NULL, NULL, NULL, NULL, 1)
--INSERT [dbo].[Association] ([Id], [Name], [Description], [CreateDate], [CreatedBy], [EditDate], [EditedBy], [Status]) VALUES (3, N'TOAB', NULL, NULL, NULL, NULL, NULL, 1)
--INSERT [dbo].[Association] ([Id], [Name], [Description], [CreateDate], [CreatedBy], [EditDate], [EditedBy], [Status]) VALUES (4, N'TDAB', N'test Info', CAST(N'2018-03-21 10:45:16.347' AS DateTime), 1, NULL, NULL, 1)
--SET IDENTITY_INSERT [dbo].[Association] OFF

--SET IDENTITY_INSERT [dbo].[BusinessCategory] ON 
--INSERT [dbo].[BusinessCategory] ([Id], [Name], [Description], [CreateDate], [CreatedBy], [EditDate], [EditedBy], [Status]) VALUES (1, N'Tourism', NULL, NULL, NULL, NULL, NULL, 1)
--INSERT [dbo].[BusinessCategory] ([Id], [Name], [Description], [CreateDate], [CreatedBy], [EditDate], [EditedBy], [Status]) VALUES (2, N'IATA Agent', NULL, NULL, NULL, NULL, NULL, 1)
--INSERT [dbo].[BusinessCategory] ([Id], [Name], [Description], [CreateDate], [CreatedBy], [EditDate], [EditedBy], [Status]) VALUES (3, N'Omra', NULL, NULL, NULL, NULL, NULL, 1)
--INSERT [dbo].[BusinessCategory] ([Id], [Name], [Description], [CreateDate], [CreatedBy], [EditDate], [EditedBy], [Status]) VALUES (4, N'Hazz', NULL, NULL, NULL, NULL, NULL, 1)
--INSERT [dbo].[BusinessCategory] ([Id], [Name], [Description], [CreateDate], [CreatedBy], [EditDate], [EditedBy], [Status]) VALUES (5, N'Inbound', N'inbound', CAST(N'2018-02-18 13:38:59.870' AS DateTime), 1, NULL, NULL, 1)
--SET IDENTITY_INSERT [dbo].[BusinessCategory] OFF

--SET IDENTITY_INSERT [dbo].[Chamber] ON 
--INSERT [dbo].[Chamber] ([Id], [Name], [Description], [CreateDate], [CreatedBy], [EditDate], [EditedBy], [Status]) VALUES (1, N'Vertex', NULL, NULL, NULL, NULL, NULL, 1)
--INSERT [dbo].[Chamber] ([Id], [Name], [Description], [CreateDate], [CreatedBy], [EditDate], [EditedBy], [Status]) VALUES (2, N'The Legal Circle', NULL, NULL, NULL, NULL, NULL, 1)
--INSERT [dbo].[Chamber] ([Id], [Name], [Description], [CreateDate], [CreatedBy], [EditDate], [EditedBy], [Status]) VALUES (3, N'FBCCI', N'Chamber', CAST(N'2018-02-18 13:39:31.557' AS DateTime), 1, NULL, NULL, 1)
--SET IDENTITY_INSERT [dbo].[Chamber] OFF

--SET IDENTITY_INSERT [dbo].[FeeType] ON 
--INSERT [dbo].[FeeType] ([Id], [Name], [Mandatory],[IsQuantitive], [RecuringType], [Amount], [CreateDate], [CreatedBy], [EditDate], [EditedBy], [Status]) VALUES (1, N'Membership', 1, 'false', 1, CAST(20000.00 AS Decimal(18, 2)), NULL, NULL, NULL, NULL, 1)
--INSERT [dbo].[FeeType] ([Id], [Name], [Mandatory],[IsQuantitive], [RecuringType], [Amount], [CreateDate], [CreatedBy], [EditDate], [EditedBy], [Status]) VALUES (2, N'Annual Subscription', 0, 'false', 0, CAST(7500.00 AS Decimal(18, 2)), CAST(N'2018-02-18 13:38:39.813' AS DateTime), 1, NULL, NULL, 1)
--INSERT [dbo].[FeeType] ([Id], [Name], [Mandatory],[IsQuantitive], [RecuringType], [Amount], [CreateDate], [CreatedBy], [EditDate], [EditedBy], [Status]) VALUES (3, N'Marketing Conference', 0,'false', 0, CAST(205000.00 AS Decimal(18, 2)), CAST(N'2018-03-14 16:01:31.183' AS DateTime), 1, NULL, NULL, 1)
--SET IDENTITY_INSERT [dbo].[FeeType] OFF

--SET IDENTITY_INSERT [dbo].[DocumentType] ON 
--INSERT [dbo].[DocumentType] ([Id], [Name], [Description], [CreateDate], [CreatedBy], [EditDate], [EditedBy], [Status]) VALUES (1, N'Passport Copy', N'Scan Copy', CAST(N'2018-02-18 13:29:13.293' AS DateTime), 1, NULL, NULL, 1)
--INSERT [dbo].[DocumentType] ([Id], [Name], [Description], [CreateDate], [CreatedBy], [EditDate], [EditedBy], [Status]) VALUES (2, N'Trade License', N'Photo Copy of Current', CAST(N'2018-02-18 13:32:54.340' AS DateTime), 1, CAST(N'2018-02-18 13:38:18.633' AS DateTime), 1, 1)
--INSERT [dbo].[DocumentType] ([Id], [Name], [Description], [CreateDate], [CreatedBy], [EditDate], [EditedBy], [Status]) VALUES (3, N'Forwarding Letter', N'In Office Pad', CAST(N'2018-02-18 13:33:41.963' AS DateTime), 1, NULL, NULL, 1)
--INSERT [dbo].[DocumentType] ([Id], [Name], [Description], [CreateDate], [CreatedBy], [EditDate], [EditedBy], [Status]) VALUES (4, N'Deed of Partnership', N'Photocopy', CAST(N'2018-02-18 13:34:20.530' AS DateTime), 1, NULL, NULL, 1)
--INSERT [dbo].[DocumentType] ([Id], [Name], [Description], [CreateDate], [CreatedBy], [EditDate], [EditedBy], [Status]) VALUES (5, N'TIN Certificate', N'Photocopy', CAST(N'2018-02-18 13:34:36.137' AS DateTime), 1, NULL, NULL, 1)
--INSERT [dbo].[DocumentType] ([Id], [Name], [Description], [CreateDate], [CreatedBy], [EditDate], [EditedBy], [Status]) VALUES (6, N'Deed of Office Space', N'Photocopy', CAST(N'2018-02-18 13:34:56.083' AS DateTime), 1, NULL, NULL, 1)
--INSERT [dbo].[DocumentType] ([Id], [Name], [Description], [CreateDate], [CreatedBy], [EditDate], [EditedBy], [Status]) VALUES (7, N'NID', N'Photocopy', CAST(N'2018-02-18 13:35:11.307' AS DateTime), 1, NULL, NULL, 1)
--INSERT [dbo].[DocumentType] ([Id], [Name], [Description], [CreateDate], [CreatedBy], [EditDate], [EditedBy], [Status]) VALUES (8, N'Internal-External Photograph', N'Of Office', CAST(N'2018-02-18 13:35:41.727' AS DateTime), 1, NULL, NULL, 1)
--INSERT [dbo].[DocumentType] ([Id], [Name], [Description], [CreateDate], [CreatedBy], [EditDate], [EditedBy], [Status]) VALUES (9, N'Incorporation Certificate', N'For Limited Company', CAST(N'2018-02-18 13:36:53.060' AS DateTime), 1, NULL, NULL, 1)
--INSERT [dbo].[DocumentType] ([Id], [Name], [Description], [CreateDate], [CreatedBy], [EditDate], [EditedBy], [Status]) VALUES (10, N'Renewal Registration Certificate', N'Photocopy', CAST(N'2018-02-18 13:37:44.377' AS DateTime), 1, NULL, NULL, 1)
--SET IDENTITY_INSERT [dbo].[DocumentType] OFF

--SET IDENTITY_INSERT [dbo].[Product] ON 
--INSERT [dbo].[Product] ([Id], [Name], [Description], [CreateDate], [CreatedBy], [EditDate], [EditedBy], [Status]) VALUES (1, N'Calender 2018', N'Calenders for 2018', CAST(N'2018-03-13 00:00:00.000' AS DateTime), 1, NULL, NULL, 1)
--INSERT [dbo].[Product] ([Id], [Name], [Description], [CreateDate], [CreatedBy], [EditDate], [EditedBy], [Status]) VALUES (3, N'ATAB Dairy 2018', NULL, CAST(N'2018-03-13 00:00:00.000' AS DateTime), 1, NULL, NULL, 1)
--SET IDENTITY_INSERT [dbo].[Product] OFF

--SET IDENTITY_INSERT [dbo].[StockPosition] ON 
--INSERT [dbo].[StockPosition] ([Id], [ProductId], [OfficeId], [Balance], [CreateDate], [CreatedBy], [EditDate], [EditedBy], [Status]) VALUES (1, 1, 1, CAST(1000.00 AS Decimal(18, 2)), CAST(N'2018-03-13 18:04:36.913' AS DateTime), 1, CAST(N'2018-03-13 18:04:36.913' AS DateTime), 1, 1)
--INSERT [dbo].[StockPosition] ([Id], [ProductId], [OfficeId], [Balance], [CreateDate], [CreatedBy], [EditDate], [EditedBy], [Status]) VALUES (2, 3, 1, CAST(500.00 AS Decimal(18, 2)), CAST(N'2018-03-13 18:04:36.937' AS DateTime), 1, CAST(N'2018-03-13 18:04:36.937' AS DateTime), 1, 1)
--SET IDENTITY_INSERT [dbo].[StockPosition] OFF

--SET IDENTITY_INSERT [dbo].[StockTran] ON 
--INSERT [dbo].[StockTran] ([Id], [StockTranType], [FromOfficeId], [ToOfficeId], [ChallanNo], [TranDate], [TotalQuantity], [TotalPrice], [Remarks], [CreateDate], [CreatedBy], [EditDate], [EditedBy], [Status]) VALUES (1, 1, 0, 1, N'CLN-00000001', CAST(N'2018-03-13 00:00:00.000' AS DateTime), CAST(1500.00 AS Decimal(18, 2)), CAST(140000.00 AS Decimal(18, 2)), NULL, CAST(N'2018-03-13 18:04:36.903' AS DateTime), 1, NULL, NULL, 1)
--SET IDENTITY_INSERT [dbo].[StockTran] OFF

--SET IDENTITY_INSERT [dbo].[StockTranDetail] ON 
--INSERT [dbo].[StockTranDetail] ([Id], [StockTranId], [ProductId], [Quantity], [UnitPrice], [Price], [CreateDate], [CreatedBy], [EditDate], [EditedBy], [Status]) VALUES (1, 1, 1, CAST(1000.00 AS Decimal(18, 2)), CAST(25.00 AS Decimal(18, 2)), CAST(25000.00 AS Decimal(18, 2)), CAST(N'2018-03-13 18:04:36.903' AS DateTime), 1, NULL, NULL, 1)
--INSERT [dbo].[StockTranDetail] ([Id], [StockTranId], [ProductId], [Quantity], [UnitPrice], [Price], [CreateDate], [CreatedBy], [EditDate], [EditedBy], [Status]) VALUES (2, 1, 3, CAST(500.00 AS Decimal(18, 2)), CAST(230.00 AS Decimal(18, 2)), CAST(115000.00 AS Decimal(18, 2)), CAST(N'2018-03-13 18:04:36.903' AS DateTime), 1, NULL, NULL, 1)
--SET IDENTITY_INSERT [dbo].[StockTranDetail] OFF


--SET IDENTITY_INSERT [dbo].[AccGroupRefTypeMappings] ON 
--INSERT [dbo].[AccGroupRefTypeMappings] ([Id], [RefType], [AccCode], [CreateDate], [CreatedBy], [EditDate], [EditedBy], [Status]) VALUES (1, 1, N'40101', NULL, 1, NULL, NULL, 1)
--INSERT [dbo].[AccGroupRefTypeMappings] ([Id], [RefType], [AccCode], [CreateDate], [CreatedBy], [EditDate], [EditedBy], [Status]) VALUES (2, 2, N'10204', NULL, 1, NULL, NULL, 1)
--INSERT [dbo].[AccGroupRefTypeMappings] ([Id], [RefType], [AccCode], [CreateDate], [CreatedBy], [EditDate], [EditedBy], [Status]) VALUES (3, 5, N'1020202', NULL, 1, NULL, NULL, 1)
--INSERT [dbo].[AccGroupRefTypeMappings] ([Id], [RefType], [AccCode], [CreateDate], [CreatedBy], [EditDate], [EditedBy], [Status]) VALUES (4, 4, N'1020201', NULL, 1, NULL, NULL, 1)
--INSERT [dbo].[AccGroupRefTypeMappings] ([Id], [RefType], [AccCode], [CreateDate], [CreatedBy], [EditDate], [EditedBy], [Status]) VALUES (5, 3, N'20101', NULL, 1, NULL, NULL, 1)
--INSERT [dbo].[AccGroupRefTypeMappings] ([Id], [RefType], [AccCode], [CreateDate], [CreatedBy], [EditDate], [EditedBy], [Status]) VALUES (6, 6, N'40101', NULL, 1, NULL, NULL, 1)
--INSERT [dbo].[AccGroupRefTypeMappings] ([Id], [RefType], [AccCode], [CreateDate], [CreatedBy], [EditDate], [EditedBy], [Status]) VALUES (7, 7, N'10204', NULL, 1, NULL, NULL, 1)
--SET IDENTITY_INSERT [dbo].[AccGroupRefTypeMappings] OFF

--SET IDENTITY_INSERT [dbo].[AccountsMappings] ON 
--INSERT [dbo].[AccountsMappings] ([Id], [RefId], [zone], [RefType], [AccountHeadCode], [CreateDate], [CreatedBy], [EditDate], [EditedBy], [Status]) VALUES (1, 1, NULL, 1, N'4010100007', CAST(N'2018-03-07 16:36:23.930' AS DateTime), 1, NULL, NULL, 1)
--INSERT [dbo].[AccountsMappings] ([Id], [RefId], [zone], [RefType], [AccountHeadCode], [CreateDate], [CreatedBy], [EditDate], [EditedBy], [Status]) VALUES (2, 2, 1, 1, N'4010101002', CAST(N'2018-03-07 16:36:36.853' AS DateTime), 1, NULL, NULL, 1)
--INSERT [dbo].[AccountsMappings] ([Id], [RefId], [zone], [RefType], [AccountHeadCode], [CreateDate], [CreatedBy], [EditDate], [EditedBy], [Status]) VALUES (3, 2, 0, 1, N'4010101001', CAST(N'2018-03-07 16:36:46.010' AS DateTime), 1, NULL, NULL, 1)
--INSERT [dbo].[AccountsMappings] ([Id], [RefId], [zone], [RefType], [AccountHeadCode], [CreateDate], [CreatedBy], [EditDate], [EditedBy], [Status]) VALUES (4, 2, 2, 1, N'4010101003', CAST(N'2018-03-07 16:36:50.123' AS DateTime), 1, NULL, NULL, 1)
--INSERT [dbo].[AccountsMappings] ([Id], [RefId], [zone], [RefType], [AccountHeadCode], [CreateDate], [CreatedBy], [EditDate], [EditedBy], [Status]) VALUES (5, NULL, NULL, 4, N'1020201', CAST(N'2018-03-07 16:38:38.707' AS DateTime), 1, NULL, NULL, 1)
--INSERT [dbo].[AccountsMappings] ([Id], [RefId], [zone], [RefType], [AccountHeadCode], [CreateDate], [CreatedBy], [EditDate], [EditedBy], [Status]) VALUES (6, NULL, NULL, 5, N'1020202', CAST(N'2018-03-07 16:38:44.997' AS DateTime), 1, NULL, NULL, 1)
--INSERT [dbo].[AccountsMappings] ([Id], [RefId], [zone], [RefType], [AccountHeadCode], [CreateDate], [CreatedBy], [EditDate], [EditedBy], [Status]) VALUES (7, NULL, NULL, 6, N'4010100006', CAST(N'2018-03-07 16:38:57.903' AS DateTime), 1, NULL, NULL, 1)
--INSERT [dbo].[AccountsMappings] ([Id], [RefId], [zone], [RefType], [AccountHeadCode], [CreateDate], [CreatedBy], [EditDate], [EditedBy], [Status]) VALUES (10, 1, NULL, 2, N'1020400005', CAST(N'2018-03-07 16:52:55.480' AS DateTime), 1, NULL, NULL, 1)
--INSERT [dbo].[AccountsMappings] ([Id], [RefId], [zone], [RefType], [AccountHeadCode], [CreateDate], [CreatedBy], [EditDate], [EditedBy], [Status]) VALUES (11, 2, NULL, 2, N'1020400001', CAST(N'2018-03-07 16:53:02.780' AS DateTime), 1, NULL, NULL, 1)
--INSERT [dbo].[AccountsMappings] ([Id], [RefId], [zone], [RefType], [AccountHeadCode], [CreateDate], [CreatedBy], [EditDate], [EditedBy], [Status]) VALUES (12, NULL, NULL, 7, N'1020400004', CAST(N'2018-03-07 16:53:51.453' AS DateTime), 1, NULL, NULL, 1)
--INSERT [dbo].[AccountsMappings] ([Id], [RefId], [zone], [RefType], [AccountHeadCode], [CreateDate], [CreatedBy], [EditDate], [EditedBy], [Status]) VALUES (13, 2, NULL, 3, N'2010100001', CAST(N'2018-03-13 13:34:03.307' AS DateTime), 1, NULL, NULL, 1)
--SET IDENTITY_INSERT [dbo].[AccountsMappings] OFF

--SET IDENTITY_INSERT [dbo].[IndexSequencer] ON 
--INSERT [dbo].[IndexSequencer] ([Id], [OfficeId], [MemberNo], [TraineeNo], [MoneyReceiptNo], [BankMoneyReceiptNo], [AdvanceSlipNo], [ChallanNo], [InvoiceNo], [CreateDate], [CreatedBy], [EditDate], [EditedBy], [Status]) VALUES (4, 1, N'00000000', N'00000000', N'00000000', N'00000000', NULL, N'00000000', NULL, NULL, 1, NULL, NULL, 1)
--SET IDENTITY_INSERT [dbo].[IndexSequencer] OFF
