﻿--USE [Finix.ATAB.HRM]

--SET IDENTITY_INSERT [dbo].[CompanyProfile] ON 

--INSERT [dbo].[CompanyProfile] ([Id], [Code], [Name], [CreateDate], [CreatedBy], [EditDate], [EditedBy], [Status]) VALUES (1, N'123', N'Grade-1', NULL, NULL, NULL, NULL, 1)
--INSERT [dbo].[CompanyProfile] ([Id], [Code], [Name], [CreateDate], [CreatedBy], [EditDate], [EditedBy], [Status]) VALUES (2, N'234', N'Grade-2', NULL, NULL, NULL, NULL, 1)
--SET IDENTITY_INSERT [dbo].[CompanyProfile] OFF
--SET IDENTITY_INSERT [dbo].[Grade] ON 

--INSERT [dbo].[Grade] ([Id], [Name], [CreateDate], [CreatedBy], [EditDate], [EditedBy], [Status]) VALUES (14, N'None', CAST(N'2018-03-28T17:40:36.180' AS DateTime), NULL, NULL, NULL, 1)
--INSERT [dbo].[Grade] ([Id], [Name], [CreateDate], [CreatedBy], [EditDate], [EditedBy], [Status]) VALUES (15, N'Grade 1', CAST(N'2018-03-28T17:40:43.330' AS DateTime), NULL, NULL, NULL, 1)
--INSERT [dbo].[Grade] ([Id], [Name], [CreateDate], [CreatedBy], [EditDate], [EditedBy], [Status]) VALUES (16, N'Grade 2', CAST(N'2018-03-28T17:40:51.517' AS DateTime), NULL, NULL, NULL, 1)
--INSERT [dbo].[Grade] ([Id], [Name], [CreateDate], [CreatedBy], [EditDate], [EditedBy], [Status]) VALUES (17, N'Grade 3', CAST(N'2018-03-28T17:40:59.080' AS DateTime), NULL, NULL, NULL, 1)
--INSERT [dbo].[Grade] ([Id], [Name], [CreateDate], [CreatedBy], [EditDate], [EditedBy], [Status]) VALUES (18, N'Grade 4', CAST(N'2018-03-28T17:41:05.927' AS DateTime), NULL, NULL, NULL, 1)
--SET IDENTITY_INSERT [dbo].[Grade] OFF
--SET IDENTITY_INSERT [dbo].[Designation] ON 

--INSERT [dbo].[Designation] ([Id], [GradeId], [Name], [CreateDate], [CreatedBy], [EditDate], [EditedBy], [Status]) VALUES (41, 14, N'Secretary', CAST(N'2018-03-28T17:41:54.917' AS DateTime), NULL, NULL, NULL, 1)
--INSERT [dbo].[Designation] ([Id], [GradeId], [Name], [CreateDate], [CreatedBy], [EditDate], [EditedBy], [Status]) VALUES (42, 14, N'Assistant Secretary', CAST(N'2018-03-28T17:42:23.667' AS DateTime), NULL, NULL, NULL, 1)
--INSERT [dbo].[Designation] ([Id], [GradeId], [Name], [CreateDate], [CreatedBy], [EditDate], [EditedBy], [Status]) VALUES (43, 14, N'Chief Instructor', CAST(N'2018-03-28T17:44:09.103' AS DateTime), NULL, NULL, NULL, 1)
--INSERT [dbo].[Designation] ([Id], [GradeId], [Name], [CreateDate], [CreatedBy], [EditDate], [EditedBy], [Status]) VALUES (44, 15, N'Senior Executive (Admin)', CAST(N'2018-03-28T17:44:54.210' AS DateTime), NULL, NULL, NULL, 1)
--INSERT [dbo].[Designation] ([Id], [GradeId], [Name], [CreateDate], [CreatedBy], [EditDate], [EditedBy], [Status]) VALUES (45, 15, N'Senior Executive (A/C)', CAST(N'2018-03-28T17:45:13.817' AS DateTime), NULL, NULL, NULL, 1)
--INSERT [dbo].[Designation] ([Id], [GradeId], [Name], [CreateDate], [CreatedBy], [EditDate], [EditedBy], [Status]) VALUES (46, 15, N'Instructor', CAST(N'2018-03-28T17:45:31.827' AS DateTime), NULL, NULL, NULL, 1)
--INSERT [dbo].[Designation] ([Id], [GradeId], [Name], [CreateDate], [CreatedBy], [EditDate], [EditedBy], [Status]) VALUES (47, 16, N'Executive Officer', CAST(N'2018-03-28T17:45:49.610' AS DateTime), NULL, NULL, NULL, 1)
--INSERT [dbo].[Designation] ([Id], [GradeId], [Name], [CreateDate], [CreatedBy], [EditDate], [EditedBy], [Status]) VALUES (48, 16, N'Executive Officer Com P.S to President', CAST(N'2018-03-28T17:47:27.490' AS DateTime), NULL, NULL, NULL, 1)
--INSERT [dbo].[Designation] ([Id], [GradeId], [Name], [CreateDate], [CreatedBy], [EditDate], [EditedBy], [Status]) VALUES (49, 16, N'Executive Cum A/C', CAST(N'2018-03-28T17:48:52.167' AS DateTime), NULL, NULL, NULL, 1)
--INSERT [dbo].[Designation] ([Id], [GradeId], [Name], [CreateDate], [CreatedBy], [EditDate], [EditedBy], [Status]) VALUES (50, 16, N'Executive Cum IT', CAST(N'2018-03-28T17:51:50.047' AS DateTime), NULL, NULL, NULL, 1)
--INSERT [dbo].[Designation] ([Id], [GradeId], [Name], [CreateDate], [CreatedBy], [EditDate], [EditedBy], [Status]) VALUES (51, 17, N'Office Assistant', CAST(N'2018-03-28T17:52:09.173' AS DateTime), NULL, NULL, NULL, 1)
--INSERT [dbo].[Designation] ([Id], [GradeId], [Name], [CreateDate], [CreatedBy], [EditDate], [EditedBy], [Status]) VALUES (52, 17, N'Receptionist', CAST(N'2018-03-28T17:52:36.297' AS DateTime), NULL, NULL, NULL, 1)
--INSERT [dbo].[Designation] ([Id], [GradeId], [Name], [CreateDate], [CreatedBy], [EditDate], [EditedBy], [Status]) VALUES (53, 18, N'MLSS', CAST(N'2018-03-28T17:52:52.840' AS DateTime), NULL, NULL, NULL, 1)
--INSERT [dbo].[Designation] ([Id], [GradeId], [Name], [CreateDate], [CreatedBy], [EditDate], [EditedBy], [Status]) VALUES (54, 18, N'Messenger', CAST(N'2018-03-28T17:54:24.980' AS DateTime), NULL, NULL, NULL, 1)
--SET IDENTITY_INSERT [dbo].[Designation] OFF
--SET IDENTITY_INSERT [dbo].[GradeSteps] ON 

--INSERT [dbo].[GradeSteps] ([Id], [GradeId], [StepName], [StepNo], [Description], [CreateDate], [CreatedBy], [EditDate], [EditedBy], [Status]) VALUES (31, 15, N'Senior Exe. (Admin)', 1, N'none', CAST(N'2018-03-28T17:56:18.537' AS DateTime), NULL, NULL, NULL, 1)
--INSERT [dbo].[GradeSteps] ([Id], [GradeId], [StepName], [StepNo], [Description], [CreateDate], [CreatedBy], [EditDate], [EditedBy], [Status]) VALUES (32, 15, N'Senior Exe. (A/C)', 2, N'none', CAST(N'2018-03-28T17:57:12.340' AS DateTime), NULL, NULL, NULL, 1)
--INSERT [dbo].[GradeSteps] ([Id], [GradeId], [StepName], [StepNo], [Description], [CreateDate], [CreatedBy], [EditDate], [EditedBy], [Status]) VALUES (33, 15, N'Instructor', 3, N'none', CAST(N'2018-03-28T17:59:52.157' AS DateTime), NULL, NULL, NULL, 1)
--INSERT [dbo].[GradeSteps] ([Id], [GradeId], [StepName], [StepNo], [Description], [CreateDate], [CreatedBy], [EditDate], [EditedBy], [Status]) VALUES (34, 16, N'Executive Officer', 1, N'none', CAST(N'2018-03-28T18:00:20.830' AS DateTime), NULL, NULL, NULL, 1)
--INSERT [dbo].[GradeSteps] ([Id], [GradeId], [StepName], [StepNo], [Description], [CreateDate], [CreatedBy], [EditDate], [EditedBy], [Status]) VALUES (35, 17, N'Office Assistant', 1, N'none', CAST(N'2018-03-28T18:06:49.697' AS DateTime), NULL, NULL, NULL, 1)
--INSERT [dbo].[GradeSteps] ([Id], [GradeId], [StepName], [StepNo], [Description], [CreateDate], [CreatedBy], [EditDate], [EditedBy], [Status]) VALUES (36, 17, N'Receptionist', 2, N'none', CAST(N'2018-03-28T18:07:10.780' AS DateTime), NULL, NULL, NULL, 1)
--INSERT [dbo].[GradeSteps] ([Id], [GradeId], [StepName], [StepNo], [Description], [CreateDate], [CreatedBy], [EditDate], [EditedBy], [Status]) VALUES (37, 18, N'MLSS', 1, N'none', CAST(N'2018-03-28T18:07:39.043' AS DateTime), NULL, NULL, NULL, 1)
--INSERT [dbo].[GradeSteps] ([Id], [GradeId], [StepName], [StepNo], [Description], [CreateDate], [CreatedBy], [EditDate], [EditedBy], [Status]) VALUES (38, 18, N'Messenger', 2, N'none', CAST(N'2018-03-28T18:08:02.927' AS DateTime), NULL, NULL, NULL, 1)
--SET IDENTITY_INSERT [dbo].[GradeSteps] OFF
--SET IDENTITY_INSERT [dbo].[OfficeLayer] ON 

--INSERT [dbo].[OfficeLayer] ([Id], [Name], [Level], [CreateDate], [CreatedBy], [EditDate], [EditedBy], [Status]) VALUES (1, N'Head Office', 1, CAST(N'2018-01-06T12:57:11.113' AS DateTime), NULL, NULL, NULL, 1)
--INSERT [dbo].[OfficeLayer] ([Id], [Name], [Level], [CreateDate], [CreatedBy], [EditDate], [EditedBy], [Status]) VALUES (2, N'Branch Office', 2, CAST(N'2018-02-25T15:13:11.907' AS DateTime), NULL, NULL, NULL, 1)
--SET IDENTITY_INSERT [dbo].[OfficeLayer] OFF
--SET IDENTITY_INSERT [dbo].[Office] ON 

--INSERT [dbo].[Office] ([Id], [Name], [ParentId], [OfficeLayerId], [CreateDate], [CreatedBy], [EditDate], [EditedBy], [Status]) VALUES (1, N'Atab', NULL, 1, CAST(N'2018-01-06T13:19:38.843' AS DateTime), NULL, NULL, NULL, 1)
--INSERT [dbo].[Office] ([Id], [Name], [ParentId], [OfficeLayerId], [CreateDate], [CreatedBy], [EditDate], [EditedBy], [Status]) VALUES (2, N'ATTI', 1, 1, CAST(N'2018-01-06T13:50:25.507' AS DateTime), NULL, NULL, NULL, 1)
--SET IDENTITY_INSERT [dbo].[Office] OFF
--SET IDENTITY_INSERT [dbo].[OfficeUnit] ON 

--INSERT [dbo].[OfficeUnit] ([Id], [Name], [UnitType], [ParentId], [CreateDate], [CreatedBy], [EditDate], [EditedBy], [Status]) VALUES (1, N'Admin', 1, NULL, NULL, NULL, NULL, NULL, 1)
--INSERT [dbo].[OfficeUnit] ([Id], [Name], [UnitType], [ParentId], [CreateDate], [CreatedBy], [EditDate], [EditedBy], [Status]) VALUES (2, N'Accounts', 3, 2, CAST(N'2018-01-06T14:02:38.540' AS DateTime), NULL, NULL, NULL, 1)
--INSERT [dbo].[OfficeUnit] ([Id], [Name], [UnitType], [ParentId], [CreateDate], [CreatedBy], [EditDate], [EditedBy], [Status]) VALUES (3, N'Production', 2, 1, CAST(N'2018-02-25T17:03:59.007' AS DateTime), NULL, NULL, NULL, 1)
--INSERT [dbo].[OfficeUnit] ([Id], [Name], [UnitType], [ParentId], [CreateDate], [CreatedBy], [EditDate], [EditedBy], [Status]) VALUES (4, N'Chips', 3, 3, CAST(N'2018-02-25T17:06:43.633' AS DateTime), NULL, NULL, NULL, 1)
--SET IDENTITY_INSERT [dbo].[OfficeUnit] OFF
--SET IDENTITY_INSERT [dbo].[Country] ON 

--INSERT [dbo].[Country] ([Id], [Code], [Name], [CreateDate], [CreatedBy], [EditDate], [EditedBy], [Status]) VALUES (1, N'c1', N'Australia', NULL, NULL, NULL, NULL, 1)
--INSERT [dbo].[Country] ([Id], [Code], [Name], [CreateDate], [CreatedBy], [EditDate], [EditedBy], [Status]) VALUES (2, N'c2', N'Bangladesh', NULL, NULL, NULL, NULL, 1)
--INSERT [dbo].[Country] ([Id], [Code], [Name], [CreateDate], [CreatedBy], [EditDate], [EditedBy], [Status]) VALUES (3, N'c3', N'China', NULL, NULL, NULL, NULL, 1)
--INSERT [dbo].[Country] ([Id], [Code], [Name], [CreateDate], [CreatedBy], [EditDate], [EditedBy], [Status]) VALUES (4, N'c4', N'India', NULL, NULL, NULL, NULL, 1)
--INSERT [dbo].[Country] ([Id], [Code], [Name], [CreateDate], [CreatedBy], [EditDate], [EditedBy], [Status]) VALUES (5, N'c5', N'Cuba', NULL, NULL, NULL, NULL, 1)
--INSERT [dbo].[Country] ([Id], [Code], [Name], [CreateDate], [CreatedBy], [EditDate], [EditedBy], [Status]) VALUES (6, N'c6', N'Nepal', NULL, NULL, NULL, NULL, 1)
--INSERT [dbo].[Country] ([Id], [Code], [Name], [CreateDate], [CreatedBy], [EditDate], [EditedBy], [Status]) VALUES (7, N'c7', N'Bhutan', CAST(N'2017-12-30T15:34:23.647' AS DateTime), NULL, NULL, NULL, 1)
--INSERT [dbo].[Country] ([Id], [Code], [Name], [CreateDate], [CreatedBy], [EditDate], [EditedBy], [Status]) VALUES (8, N'c6', N'Bhutan', CAST(N'2017-12-30T16:14:05.193' AS DateTime), NULL, NULL, NULL, 1)
--SET IDENTITY_INSERT [dbo].[Country] OFF
--SET IDENTITY_INSERT [dbo].[Location] ON 

--INSERT [dbo].[Location] ([Id], [Code], [Name], [LocationType], [LocationLevel], [CountryId], [ParentId], [CreateDate], [CreatedBy], [EditDate], [EditedBy], [Status]) VALUES (2, N'cd-2', N'Rajshahi', 0, 1, 2, NULL, NULL, NULL, NULL, NULL, 1)
--INSERT [dbo].[Location] ([Id], [Code], [Name], [LocationType], [LocationLevel], [CountryId], [ParentId], [CreateDate], [CreatedBy], [EditDate], [EditedBy], [Status]) VALUES (4, N'cd-1', N'Dhaka', 0, 1, 2, NULL, NULL, NULL, NULL, NULL, 1)
--INSERT [dbo].[Location] ([Id], [Code], [Name], [LocationType], [LocationLevel], [CountryId], [ParentId], [CreateDate], [CreatedBy], [EditDate], [EditedBy], [Status]) VALUES (5, N'cd-3', N'Khulna', 0, 1, 2, NULL, NULL, NULL, NULL, NULL, 1)
--INSERT [dbo].[Location] ([Id], [Code], [Name], [LocationType], [LocationLevel], [CountryId], [ParentId], [CreateDate], [CreatedBy], [EditDate], [EditedBy], [Status]) VALUES (6, N'cd-4', N'Rangpur', 0, 1, 2, NULL, NULL, NULL, NULL, NULL, 1)
--INSERT [dbo].[Location] ([Id], [Code], [Name], [LocationType], [LocationLevel], [CountryId], [ParentId], [CreateDate], [CreatedBy], [EditDate], [EditedBy], [Status]) VALUES (7, N'cd-5', N'Barishal', 0, 1, 2, NULL, NULL, NULL, NULL, NULL, 1)
--INSERT [dbo].[Location] ([Id], [Code], [Name], [LocationType], [LocationLevel], [CountryId], [ParentId], [CreateDate], [CreatedBy], [EditDate], [EditedBy], [Status]) VALUES (8, N'c4-6', N'Chittang', 0, 1, 2, NULL, NULL, NULL, NULL, NULL, 1)
--INSERT [dbo].[Location] ([Id], [Code], [Name], [LocationType], [LocationLevel], [CountryId], [ParentId], [CreateDate], [CreatedBy], [EditDate], [EditedBy], [Status]) VALUES (9, N'cd-6', N'Sylhet', 0, 1, 2, NULL, NULL, NULL, NULL, NULL, 1)
--INSERT [dbo].[Location] ([Id], [Code], [Name], [LocationType], [LocationLevel], [CountryId], [ParentId], [CreateDate], [CreatedBy], [EditDate], [EditedBy], [Status]) VALUES (10, N'cd-d-1', N'Dhaka', 0, 2, 2, 4, NULL, NULL, NULL, NULL, 1)
--INSERT [dbo].[Location] ([Id], [Code], [Name], [LocationType], [LocationLevel], [CountryId], [ParentId], [CreateDate], [CreatedBy], [EditDate], [EditedBy], [Status]) VALUES (11, N'cd-d-2', N'Sherpur', 0, 2, 2, 4, NULL, NULL, NULL, NULL, 1)
--INSERT [dbo].[Location] ([Id], [Code], [Name], [LocationType], [LocationLevel], [CountryId], [ParentId], [CreateDate], [CreatedBy], [EditDate], [EditedBy], [Status]) VALUES (12, N'cd-d-3', N'Kishoreganj', 0, 2, 2, 4, NULL, NULL, NULL, NULL, 1)
--INSERT [dbo].[Location] ([Id], [Code], [Name], [LocationType], [LocationLevel], [CountryId], [ParentId], [CreateDate], [CreatedBy], [EditDate], [EditedBy], [Status]) VALUES (13, N'cd-d-4', N'Rajbari', 0, 2, 2, 4, NULL, NULL, NULL, NULL, 1)
--INSERT [dbo].[Location] ([Id], [Code], [Name], [LocationType], [LocationLevel], [CountryId], [ParentId], [CreateDate], [CreatedBy], [EditDate], [EditedBy], [Status]) VALUES (14, N'cd-d-5', N'Netrokona', 0, 2, 2, 4, NULL, NULL, NULL, NULL, 1)
--INSERT [dbo].[Location] ([Id], [Code], [Name], [LocationType], [LocationLevel], [CountryId], [ParentId], [CreateDate], [CreatedBy], [EditDate], [EditedBy], [Status]) VALUES (15, N'cd-d-6', N'Barguna', 0, 2, 2, 7, NULL, NULL, NULL, NULL, 1)
--INSERT [dbo].[Location] ([Id], [Code], [Name], [LocationType], [LocationLevel], [CountryId], [ParentId], [CreateDate], [CreatedBy], [EditDate], [EditedBy], [Status]) VALUES (16, N'cd-d-7', N'Jhalkathi', 0, 2, 2, 7, NULL, NULL, NULL, NULL, 1)
--INSERT [dbo].[Location] ([Id], [Code], [Name], [LocationType], [LocationLevel], [CountryId], [ParentId], [CreateDate], [CreatedBy], [EditDate], [EditedBy], [Status]) VALUES (17, N'cd-d-8', N'Bhola', 0, 2, 2, 7, NULL, NULL, NULL, NULL, 1)
--INSERT [dbo].[Location] ([Id], [Code], [Name], [LocationType], [LocationLevel], [CountryId], [ParentId], [CreateDate], [CreatedBy], [EditDate], [EditedBy], [Status]) VALUES (18, N'cd-d-9', N'Patuakhali', 0, 2, 2, 7, NULL, NULL, NULL, NULL, 1)
--INSERT [dbo].[Location] ([Id], [Code], [Name], [LocationType], [LocationLevel], [CountryId], [ParentId], [CreateDate], [CreatedBy], [EditDate], [EditedBy], [Status]) VALUES (19, N'cd-d-10', N'Barishal', 0, 2, 2, 7, NULL, NULL, NULL, NULL, 1)
--INSERT [dbo].[Location] ([Id], [Code], [Name], [LocationType], [LocationLevel], [CountryId], [ParentId], [CreateDate], [CreatedBy], [EditDate], [EditedBy], [Status]) VALUES (20, N'cd-d-12', N'Rangamati', 0, 2, 2, 8, NULL, NULL, NULL, NULL, 1)
--INSERT [dbo].[Location] ([Id], [Code], [Name], [LocationType], [LocationLevel], [CountryId], [ParentId], [CreateDate], [CreatedBy], [EditDate], [EditedBy], [Status]) VALUES (21, N'cd-d-13', N'Chittang', 0, 2, 2, 8, NULL, NULL, NULL, NULL, 1)
--INSERT [dbo].[Location] ([Id], [Code], [Name], [LocationType], [LocationLevel], [CountryId], [ParentId], [CreateDate], [CreatedBy], [EditDate], [EditedBy], [Status]) VALUES (22, N'cd-d-14', N'Lakshmipur', 0, 2, 2, 8, NULL, NULL, NULL, NULL, 1)
--INSERT [dbo].[Location] ([Id], [Code], [Name], [LocationType], [LocationLevel], [CountryId], [ParentId], [CreateDate], [CreatedBy], [EditDate], [EditedBy], [Status]) VALUES (23, N'cd-d-14', N'Feni', 0, 2, 2, 8, NULL, NULL, NULL, NULL, 1)
--INSERT [dbo].[Location] ([Id], [Code], [Name], [LocationType], [LocationLevel], [CountryId], [ParentId], [CreateDate], [CreatedBy], [EditDate], [EditedBy], [Status]) VALUES (24, N'cd-d-15', N'Chandpur', 0, 2, 2, 8, NULL, NULL, NULL, NULL, 1)
--INSERT [dbo].[Location] ([Id], [Code], [Name], [LocationType], [LocationLevel], [CountryId], [ParentId], [CreateDate], [CreatedBy], [EditDate], [EditedBy], [Status]) VALUES (25, N'cd-d-16', N'Narail', 0, 2, 2, 5, NULL, NULL, NULL, NULL, 1)
--INSERT [dbo].[Location] ([Id], [Code], [Name], [LocationType], [LocationLevel], [CountryId], [ParentId], [CreateDate], [CreatedBy], [EditDate], [EditedBy], [Status]) VALUES (26, N'cd-d-17', N'Meherpur', 0, 2, 2, 5, NULL, NULL, NULL, NULL, 1)
--INSERT [dbo].[Location] ([Id], [Code], [Name], [LocationType], [LocationLevel], [CountryId], [ParentId], [CreateDate], [CreatedBy], [EditDate], [EditedBy], [Status]) VALUES (27, N'cd-d-18', N'Kushtia', 0, 2, 2, 5, NULL, NULL, NULL, NULL, 1)
--INSERT [dbo].[Location] ([Id], [Code], [Name], [LocationType], [LocationLevel], [CountryId], [ParentId], [CreateDate], [CreatedBy], [EditDate], [EditedBy], [Status]) VALUES (28, N'cd-d-19', N'Magura', 0, 2, 2, 5, NULL, NULL, NULL, NULL, 1)
--INSERT [dbo].[Location] ([Id], [Code], [Name], [LocationType], [LocationLevel], [CountryId], [ParentId], [CreateDate], [CreatedBy], [EditDate], [EditedBy], [Status]) VALUES (29, N'cd-d-20', N'Satkhira', 0, 2, 2, 5, NULL, NULL, NULL, NULL, 1)
--INSERT [dbo].[Location] ([Id], [Code], [Name], [LocationType], [LocationLevel], [CountryId], [ParentId], [CreateDate], [CreatedBy], [EditDate], [EditedBy], [Status]) VALUES (30, N'cd-d-21', N'Rajshahi', 0, 2, 2, 2, NULL, NULL, NULL, NULL, 1)
--INSERT [dbo].[Location] ([Id], [Code], [Name], [LocationType], [LocationLevel], [CountryId], [ParentId], [CreateDate], [CreatedBy], [EditDate], [EditedBy], [Status]) VALUES (31, N'cd-d-22', N'Pabna', 0, 2, 2, 2, NULL, NULL, NULL, NULL, 1)
--INSERT [dbo].[Location] ([Id], [Code], [Name], [LocationType], [LocationLevel], [CountryId], [ParentId], [CreateDate], [CreatedBy], [EditDate], [EditedBy], [Status]) VALUES (32, N'cd-d-23', N'Natore', 0, 2, 2, 2, NULL, NULL, NULL, NULL, 1)
--INSERT [dbo].[Location] ([Id], [Code], [Name], [LocationType], [LocationLevel], [CountryId], [ParentId], [CreateDate], [CreatedBy], [EditDate], [EditedBy], [Status]) VALUES (33, N'cd-d-24', N'Joypurhat', 0, 2, 2, 2, NULL, NULL, NULL, NULL, 1)
--INSERT [dbo].[Location] ([Id], [Code], [Name], [LocationType], [LocationLevel], [CountryId], [ParentId], [CreateDate], [CreatedBy], [EditDate], [EditedBy], [Status]) VALUES (34, N'cd-d-25', N'Bogra', 0, 2, 2, 2, NULL, NULL, NULL, NULL, 1)
--INSERT [dbo].[Location] ([Id], [Code], [Name], [LocationType], [LocationLevel], [CountryId], [ParentId], [CreateDate], [CreatedBy], [EditDate], [EditedBy], [Status]) VALUES (35, N'cd-d-26', N'Rangpur', 0, 2, 2, 6, NULL, NULL, NULL, NULL, 1)
--INSERT [dbo].[Location] ([Id], [Code], [Name], [LocationType], [LocationLevel], [CountryId], [ParentId], [CreateDate], [CreatedBy], [EditDate], [EditedBy], [Status]) VALUES (36, N'cd-d-26', N'Kurigram', 0, 2, 2, 6, NULL, NULL, NULL, NULL, 1)
--INSERT [dbo].[Location] ([Id], [Code], [Name], [LocationType], [LocationLevel], [CountryId], [ParentId], [CreateDate], [CreatedBy], [EditDate], [EditedBy], [Status]) VALUES (37, N'cd-d-27', N'Nilphamari', 0, 2, 2, 6, NULL, NULL, NULL, NULL, 1)
--INSERT [dbo].[Location] ([Id], [Code], [Name], [LocationType], [LocationLevel], [CountryId], [ParentId], [CreateDate], [CreatedBy], [EditDate], [EditedBy], [Status]) VALUES (38, N'cd-d-27', N'Panchagar', 0, 2, 2, 6, NULL, NULL, NULL, NULL, 1)
--INSERT [dbo].[Location] ([Id], [Code], [Name], [LocationType], [LocationLevel], [CountryId], [ParentId], [CreateDate], [CreatedBy], [EditDate], [EditedBy], [Status]) VALUES (39, N'cd-d-28', N'Dinajpur', 0, 2, 2, 6, NULL, NULL, NULL, NULL, 1)
--INSERT [dbo].[Location] ([Id], [Code], [Name], [LocationType], [LocationLevel], [CountryId], [ParentId], [CreateDate], [CreatedBy], [EditDate], [EditedBy], [Status]) VALUES (40, N'cd-d-28', N'Sylhet', 0, 2, 2, 9, NULL, NULL, NULL, NULL, 1)
--INSERT [dbo].[Location] ([Id], [Code], [Name], [LocationType], [LocationLevel], [CountryId], [ParentId], [CreateDate], [CreatedBy], [EditDate], [EditedBy], [Status]) VALUES (41, N'cd-d-29', N'Habiganj', 0, 2, 2, 9, NULL, NULL, NULL, NULL, 1)
--INSERT [dbo].[Location] ([Id], [Code], [Name], [LocationType], [LocationLevel], [CountryId], [ParentId], [CreateDate], [CreatedBy], [EditDate], [EditedBy], [Status]) VALUES (42, N'cd-d-30', N'Sunamganj', 0, 2, 2, 9, NULL, NULL, NULL, NULL, 1)
--INSERT [dbo].[Location] ([Id], [Code], [Name], [LocationType], [LocationLevel], [CountryId], [ParentId], [CreateDate], [CreatedBy], [EditDate], [EditedBy], [Status]) VALUES (43, N'cd-d-20', N'Moulovibajar', 0, 2, 2, 9, NULL, NULL, NULL, NULL, 1)
--INSERT [dbo].[Location] ([Id], [Code], [Name], [LocationType], [LocationLevel], [CountryId], [ParentId], [CreateDate], [CreatedBy], [EditDate], [EditedBy], [Status]) VALUES (44, N'cd-t-1', N'Adabor', 0, 3, 2, 10, NULL, NULL, NULL, NULL, 1)
--INSERT [dbo].[Location] ([Id], [Code], [Name], [LocationType], [LocationLevel], [CountryId], [ParentId], [CreateDate], [CreatedBy], [EditDate], [EditedBy], [Status]) VALUES (45, N'cd-d-t-1', N'Mohammadpur', 0, 3, 2, 10, NULL, NULL, NULL, NULL, 1)
--INSERT [dbo].[Location] ([Id], [Code], [Name], [LocationType], [LocationLevel], [CountryId], [ParentId], [CreateDate], [CreatedBy], [EditDate], [EditedBy], [Status]) VALUES (46, N'cd-d-t-2', N'Bajitpur', 0, 3, 2, 12, NULL, NULL, NULL, NULL, 1)
--INSERT [dbo].[Location] ([Id], [Code], [Name], [LocationType], [LocationLevel], [CountryId], [ParentId], [CreateDate], [CreatedBy], [EditDate], [EditedBy], [Status]) VALUES (47, N'cd-d-t-3', N'Bhairob', 0, 3, 2, 12, NULL, NULL, NULL, NULL, 1)
--INSERT [dbo].[Location] ([Id], [Code], [Name], [LocationType], [LocationLevel], [CountryId], [ParentId], [CreateDate], [CreatedBy], [EditDate], [EditedBy], [Status]) VALUES (48, N'cd-d-t-4', N'Netrokona', 0, 3, 2, 14, NULL, NULL, NULL, NULL, 1)
--INSERT [dbo].[Location] ([Id], [Code], [Name], [LocationType], [LocationLevel], [CountryId], [ParentId], [CreateDate], [CreatedBy], [EditDate], [EditedBy], [Status]) VALUES (49, N'cd-d-t-1', N'Durgapur', 0, 3, 2, 14, NULL, NULL, NULL, NULL, 1)
--INSERT [dbo].[Location] ([Id], [Code], [Name], [LocationType], [LocationLevel], [CountryId], [ParentId], [CreateDate], [CreatedBy], [EditDate], [EditedBy], [Status]) VALUES (50, N'cd-d-t-5', N'Baliakandi', 0, 3, 2, 13, NULL, NULL, NULL, NULL, 1)
--INSERT [dbo].[Location] ([Id], [Code], [Name], [LocationType], [LocationLevel], [CountryId], [ParentId], [CreateDate], [CreatedBy], [EditDate], [EditedBy], [Status]) VALUES (51, N'cd-d-t-6', N'Kalukhali', 0, 3, 2, 13, NULL, NULL, NULL, NULL, 1)
--INSERT [dbo].[Location] ([Id], [Code], [Name], [LocationType], [LocationLevel], [CountryId], [ParentId], [CreateDate], [CreatedBy], [EditDate], [EditedBy], [Status]) VALUES (52, N'cd-d-t-7', N'Sreebardi', 0, 3, 2, 11, NULL, NULL, NULL, NULL, 1)
--INSERT [dbo].[Location] ([Id], [Code], [Name], [LocationType], [LocationLevel], [CountryId], [ParentId], [CreateDate], [CreatedBy], [EditDate], [EditedBy], [Status]) VALUES (53, N'cd-d-t-8', N'Gabtali', 0, 3, 2, 34, NULL, NULL, NULL, NULL, 1)
--INSERT [dbo].[Location] ([Id], [Code], [Name], [LocationType], [LocationLevel], [CountryId], [ParentId], [CreateDate], [CreatedBy], [EditDate], [EditedBy], [Status]) VALUES (54, N'cd-d-t-6', N'Singra', 0, 3, 2, 32, NULL, NULL, NULL, NULL, 1)
--INSERT [dbo].[Location] ([Id], [Code], [Name], [LocationType], [LocationLevel], [CountryId], [ParentId], [CreateDate], [CreatedBy], [EditDate], [EditedBy], [Status]) VALUES (55, N'cd-d-t-8', N'Santhia', 0, 3, 2, 31, NULL, NULL, NULL, NULL, 1)
--INSERT [dbo].[Location] ([Id], [Code], [Name], [LocationType], [LocationLevel], [CountryId], [ParentId], [CreateDate], [CreatedBy], [EditDate], [EditedBy], [Status]) VALUES (56, N'cd-d-t-9', N'Kalai', 0, 3, 2, 33, NULL, NULL, NULL, NULL, 1)
--INSERT [dbo].[Location] ([Id], [Code], [Name], [LocationType], [LocationLevel], [CountryId], [ParentId], [CreateDate], [CreatedBy], [EditDate], [EditedBy], [Status]) VALUES (57, N'cd-d-t-10', N'Monpura', 0, 3, 2, 17, NULL, NULL, NULL, NULL, 1)
--INSERT [dbo].[Location] ([Id], [Code], [Name], [LocationType], [LocationLevel], [CountryId], [ParentId], [CreateDate], [CreatedBy], [EditDate], [EditedBy], [Status]) VALUES (58, N'cd-d-t-11', N'Dasmina', 0, 3, 2, 18, NULL, NULL, NULL, NULL, 1)
--INSERT [dbo].[Location] ([Id], [Code], [Name], [LocationType], [LocationLevel], [CountryId], [ParentId], [CreateDate], [CreatedBy], [EditDate], [EditedBy], [Status]) VALUES (59, N'cd-d-12', N'Kathalia', 0, 3, 2, 16, NULL, NULL, NULL, NULL, 1)
--INSERT [dbo].[Location] ([Id], [Code], [Name], [LocationType], [LocationLevel], [CountryId], [ParentId], [CreateDate], [CreatedBy], [EditDate], [EditedBy], [Status]) VALUES (60, N'cd-d-t-13', N'Birampur', 0, 3, 2, 39, NULL, NULL, NULL, NULL, 1)
--INSERT [dbo].[Location] ([Id], [Code], [Name], [LocationType], [LocationLevel], [CountryId], [ParentId], [CreateDate], [CreatedBy], [EditDate], [EditedBy], [Status]) VALUES (61, N'cd-d-t-14', N'Debiganj', 0, 3, 2, 38, NULL, NULL, NULL, NULL, 1)
--INSERT [dbo].[Location] ([Id], [Code], [Name], [LocationType], [LocationLevel], [CountryId], [ParentId], [CreateDate], [CreatedBy], [EditDate], [EditedBy], [Status]) VALUES (62, N'cd-d-t-15', N'Raomari', 0, 3, 2, 36, NULL, NULL, NULL, NULL, 1)
--INSERT [dbo].[Location] ([Id], [Code], [Name], [LocationType], [LocationLevel], [CountryId], [ParentId], [CreateDate], [CreatedBy], [EditDate], [EditedBy], [Status]) VALUES (63, N'cd-d-t-16', N'Taraganj', 0, 3, 2, 35, NULL, NULL, NULL, NULL, 1)
--INSERT [dbo].[Location] ([Id], [Code], [Name], [LocationType], [LocationLevel], [CountryId], [ParentId], [CreateDate], [CreatedBy], [EditDate], [EditedBy], [Status]) VALUES (64, N'cd-d-t-17', N'Nabiganj', 0, 3, 2, 41, NULL, NULL, NULL, NULL, 1)
--INSERT [dbo].[Location] ([Id], [Code], [Name], [LocationType], [LocationLevel], [CountryId], [ParentId], [CreateDate], [CreatedBy], [EditDate], [EditedBy], [Status]) VALUES (65, N'cd-d-t-18', N'Juri', 0, 3, 2, 43, NULL, NULL, NULL, NULL, 1)
--INSERT [dbo].[Location] ([Id], [Code], [Name], [LocationType], [LocationLevel], [CountryId], [ParentId], [CreateDate], [CreatedBy], [EditDate], [EditedBy], [Status]) VALUES (66, N'cd-d-t-18', N'Tahirpur', 0, 3, 2, 42, NULL, NULL, NULL, NULL, 1)
--INSERT [dbo].[Location] ([Id], [Code], [Name], [LocationType], [LocationLevel], [CountryId], [ParentId], [CreateDate], [CreatedBy], [EditDate], [EditedBy], [Status]) VALUES (67, N'cd-d-t18', N'Rajnagar', 0, 3, 2, 43, NULL, NULL, NULL, NULL, 1)
--INSERT [dbo].[Location] ([Id], [Code], [Name], [LocationType], [LocationLevel], [CountryId], [ParentId], [CreateDate], [CreatedBy], [EditDate], [EditedBy], [Status]) VALUES (68, N'cd-d-t-23', N'Beanibazar', 0, 3, 2, 40, NULL, NULL, NULL, NULL, 1)
--INSERT [dbo].[Location] ([Id], [Code], [Name], [LocationType], [LocationLevel], [CountryId], [ParentId], [CreateDate], [CreatedBy], [EditDate], [EditedBy], [Status]) VALUES (69, N'cd-d-27', N'Koraipur', 0, 3, 2, 28, NULL, NULL, NULL, NULL, 1)
--INSERT [dbo].[Location] ([Id], [Code], [Name], [LocationType], [LocationLevel], [CountryId], [ParentId], [CreateDate], [CreatedBy], [EditDate], [EditedBy], [Status]) VALUES (70, N'cd-d-t-28', N'Khalishpur', 0, 3, 2, 26, NULL, NULL, NULL, NULL, 1)
--INSERT [dbo].[Location] ([Id], [Code], [Name], [LocationType], [LocationLevel], [CountryId], [ParentId], [CreateDate], [CreatedBy], [EditDate], [EditedBy], [Status]) VALUES (71, N'cd-d-29', N'Fultala', 0, 3, 2, 25, NULL, NULL, NULL, NULL, 1)
--INSERT [dbo].[Location] ([Id], [Code], [Name], [LocationType], [LocationLevel], [CountryId], [ParentId], [CreateDate], [CreatedBy], [EditDate], [EditedBy], [Status]) VALUES (72, N'cd-d-t-20', N'Sonadanga', 0, 3, 2, 29, NULL, NULL, NULL, NULL, 1)
--INSERT [dbo].[Location] ([Id], [Code], [Name], [LocationType], [LocationLevel], [CountryId], [ParentId], [CreateDate], [CreatedBy], [EditDate], [EditedBy], [Status]) VALUES (73, N'cd-d-t-a-1', N'Sher-e-bangla', 0, 4, 2, 44, NULL, NULL, NULL, NULL, 1)
--INSERT [dbo].[Location] ([Id], [Code], [Name], [LocationType], [LocationLevel], [CountryId], [ParentId], [CreateDate], [CreatedBy], [EditDate], [EditedBy], [Status]) VALUES (74, N'cd-d-t-1', N'Lalbag', 0, 4, 2, 45, NULL, NULL, NULL, NULL, 1)
--INSERT [dbo].[Location] ([Id], [Code], [Name], [LocationType], [LocationLevel], [CountryId], [ParentId], [CreateDate], [CreatedBy], [EditDate], [EditedBy], [Status]) VALUES (75, N'cd-d-t-222', N'Nandina', 0, 4, 2, 46, NULL, NULL, NULL, NULL, 1)
--INSERT [dbo].[Location] ([Id], [Code], [Name], [LocationType], [LocationLevel], [CountryId], [ParentId], [CreateDate], [CreatedBy], [EditDate], [EditedBy], [Status]) VALUES (76, N'cd-d-t-a-2', N'Basantpur', 0, 4, 2, 46, NULL, NULL, NULL, NULL, 1)
--INSERT [dbo].[Location] ([Id], [Code], [Name], [LocationType], [LocationLevel], [CountryId], [ParentId], [CreateDate], [CreatedBy], [EditDate], [EditedBy], [Status]) VALUES (77, N'cd-d-t-12', N'Ghorakanda', 0, 4, 2, 47, NULL, NULL, NULL, NULL, 1)
--INSERT [dbo].[Location] ([Id], [Code], [Name], [LocationType], [LocationLevel], [CountryId], [ParentId], [CreateDate], [CreatedBy], [EditDate], [EditedBy], [Status]) VALUES (78, N'cd-d-t-15', N'Kendua', 0, 4, 2, 48, NULL, NULL, NULL, NULL, 1)
--INSERT [dbo].[Location] ([Id], [Code], [Name], [LocationType], [LocationLevel], [CountryId], [ParentId], [CreateDate], [CreatedBy], [EditDate], [EditedBy], [Status]) VALUES (79, N'cd-d-t-a13', N'Madan', 0, 4, 2, 48, NULL, NULL, NULL, NULL, 1)
--INSERT [dbo].[Location] ([Id], [Code], [Name], [LocationType], [LocationLevel], [CountryId], [ParentId], [CreateDate], [CreatedBy], [EditDate], [EditedBy], [Status]) VALUES (80, N'cd-d-t-a-17', N'Jalanpur', 0, 4, 2, 49, NULL, NULL, NULL, NULL, 1)
--INSERT [dbo].[Location] ([Id], [Code], [Name], [LocationType], [LocationLevel], [CountryId], [ParentId], [CreateDate], [CreatedBy], [EditDate], [EditedBy], [Status]) VALUES (81, N'cd-d-t-a-14', N'Debsala', 0, 4, 2, 49, NULL, NULL, NULL, NULL, 1)
--INSERT [dbo].[Location] ([Id], [Code], [Name], [LocationType], [LocationLevel], [CountryId], [ParentId], [CreateDate], [CreatedBy], [EditDate], [EditedBy], [Status]) VALUES (82, N'cd-d-t-a-15', N'Ramdia', 0, 4, 2, 50, NULL, NULL, NULL, NULL, 1)
--INSERT [dbo].[Location] ([Id], [Code], [Name], [LocationType], [LocationLevel], [CountryId], [ParentId], [CreateDate], [CreatedBy], [EditDate], [EditedBy], [Status]) VALUES (83, N'cd-d-t-a-17', N'Boalia', 0, 4, 1, 51, NULL, NULL, NULL, NULL, 1)
--INSERT [dbo].[Location] ([Id], [Code], [Name], [LocationType], [LocationLevel], [CountryId], [ParentId], [CreateDate], [CreatedBy], [EditDate], [EditedBy], [Status]) VALUES (84, N'cd-d-t-a-16', N'Velua', 0, 4, 2, 52, NULL, NULL, NULL, NULL, 1)
--INSERT [dbo].[Location] ([Id], [Code], [Name], [LocationType], [LocationLevel], [CountryId], [ParentId], [CreateDate], [CreatedBy], [EditDate], [EditedBy], [Status]) VALUES (85, N'cd-d-t-a-16', N'Sonatola', 0, 4, 2, 53, NULL, NULL, NULL, NULL, 1)
--INSERT [dbo].[Location] ([Id], [Code], [Name], [LocationType], [LocationLevel], [CountryId], [ParentId], [CreateDate], [CreatedBy], [EditDate], [EditedBy], [Status]) VALUES (86, N'cd-d-t-a-17', N'Dahia', 0, 4, 2, 54, NULL, NULL, NULL, NULL, 1)
--INSERT [dbo].[Location] ([Id], [Code], [Name], [LocationType], [LocationLevel], [CountryId], [ParentId], [CreateDate], [CreatedBy], [EditDate], [EditedBy], [Status]) VALUES (87, N'cd-d-t-a-17', N'Mandria', 0, 4, 2, 55, NULL, NULL, NULL, NULL, 1)
--INSERT [dbo].[Location] ([Id], [Code], [Name], [LocationType], [LocationLevel], [CountryId], [ParentId], [CreateDate], [CreatedBy], [EditDate], [EditedBy], [Status]) VALUES (88, N'cd-d-t-a-14', N'Shibganj', 0, 4, 2, 56, NULL, NULL, NULL, NULL, 1)
--INSERT [dbo].[Location] ([Id], [Code], [Name], [LocationType], [LocationLevel], [CountryId], [ParentId], [CreateDate], [CreatedBy], [EditDate], [EditedBy], [Status]) VALUES (89, N'cd-d-t-a-18', N'Sonatala', 0, 4, 2, 57, NULL, NULL, NULL, NULL, 1)
--INSERT [dbo].[Location] ([Id], [Code], [Name], [LocationType], [LocationLevel], [CountryId], [ParentId], [CreateDate], [CreatedBy], [EditDate], [EditedBy], [Status]) VALUES (90, N'cd-t-a-19', N'Lalmohon', 0, 4, 2, 58, NULL, NULL, NULL, NULL, 1)
--INSERT [dbo].[Location] ([Id], [Code], [Name], [LocationType], [LocationLevel], [CountryId], [ParentId], [CreateDate], [CreatedBy], [EditDate], [EditedBy], [Status]) VALUES (91, N'cd-t-a-10', N'Betagi', 0, 4, 2, 59, NULL, NULL, NULL, NULL, 1)
--INSERT [dbo].[Location] ([Id], [Code], [Name], [LocationType], [LocationLevel], [CountryId], [ParentId], [CreateDate], [CreatedBy], [EditDate], [EditedBy], [Status]) VALUES (92, N'cd-d-t-a21', N'Palashbari', 0, 4, 2, 60, NULL, NULL, NULL, NULL, 1)
--INSERT [dbo].[Location] ([Id], [Code], [Name], [LocationType], [LocationLevel], [CountryId], [ParentId], [CreateDate], [CreatedBy], [EditDate], [EditedBy], [Status]) VALUES (93, N'cd-t-a-18', N'Dimla', 0, 4, 2, 61, NULL, NULL, NULL, NULL, 1)
--INSERT [dbo].[Location] ([Id], [Code], [Name], [LocationType], [LocationLevel], [CountryId], [ParentId], [CreateDate], [CreatedBy], [EditDate], [EditedBy], [Status]) VALUES (94, N'cd-d-t-a-16', N'Betasing', 0, 4, 2, 62, NULL, NULL, NULL, NULL, 1)
--INSERT [dbo].[Location] ([Id], [Code], [Name], [LocationType], [LocationLevel], [CountryId], [ParentId], [CreateDate], [CreatedBy], [EditDate], [EditedBy], [Status]) VALUES (95, N'cd-d-a-23', N'Saidpur', 0, 4, 2, 63, NULL, NULL, NULL, NULL, 1)
--INSERT [dbo].[Location] ([Id], [Code], [Name], [LocationType], [LocationLevel], [CountryId], [ParentId], [CreateDate], [CreatedBy], [EditDate], [EditedBy], [Status]) VALUES (96, N'cd-t-a-24', N'Beniachong', 0, 4, 2, 64, NULL, NULL, NULL, NULL, 1)
--INSERT [dbo].[Location] ([Id], [Code], [Name], [LocationType], [LocationLevel], [CountryId], [ParentId], [CreateDate], [CreatedBy], [EditDate], [EditedBy], [Status]) VALUES (97, N'cd-t-a-26', N'Juri', 0, 4, 2, 65, NULL, NULL, NULL, NULL, 1)
--INSERT [dbo].[Location] ([Id], [Code], [Name], [LocationType], [LocationLevel], [CountryId], [ParentId], [CreateDate], [CreatedBy], [EditDate], [EditedBy], [Status]) VALUES (98, N'cd-d-t-a-29', N'Tahirpur', 0, 4, 2, 66, NULL, NULL, NULL, NULL, 1)
--INSERT [dbo].[Location] ([Id], [Code], [Name], [LocationType], [LocationLevel], [CountryId], [ParentId], [CreateDate], [CreatedBy], [EditDate], [EditedBy], [Status]) VALUES (99, N'cd-d-t-a18', N'Bhatera', 0, 4, 2, 67, NULL, NULL, NULL, NULL, 1)
--INSERT [dbo].[Location] ([Id], [Code], [Name], [LocationType], [LocationLevel], [CountryId], [ParentId], [CreateDate], [CreatedBy], [EditDate], [EditedBy], [Status]) VALUES (100, N'cd-d-t-a-18', N'Dashgram', 0, 4, 2, 68, NULL, NULL, NULL, NULL, 1)
--INSERT [dbo].[Location] ([Id], [Code], [Name], [LocationType], [LocationLevel], [CountryId], [ParentId], [CreateDate], [CreatedBy], [EditDate], [EditedBy], [Status]) VALUES (101, N'cd-d-t-a-30', N'Koraipur', 0, 4, 2, 69, NULL, NULL, NULL, NULL, 1)

--INSERT [dbo].[Location] ([Id], [Code], [Name], [LocationType], [LocationLevel], [CountryId], [ParentId], [CreateDate], [CreatedBy], [EditDate], [EditedBy], [Status]) VALUES (102, N'cd-d-t-a31', N'Boalmari', 0, 4, 1, 44, NULL, NULL, NULL, NULL, 1)
--INSERT [dbo].[Location] ([Id], [Code], [Name], [LocationType], [LocationLevel], [CountryId], [ParentId], [CreateDate], [CreatedBy], [EditDate], [EditedBy], [Status]) VALUES (103, N'cd-d-t-a-32', N'Bhabla', 0, 4, 2, 71, NULL, NULL, NULL, NULL, 1)
--INSERT [dbo].[Location] ([Id], [Code], [Name], [LocationType], [LocationLevel], [CountryId], [ParentId], [CreateDate], [CreatedBy], [EditDate], [EditedBy], [Status]) VALUES (104, N'cd-d-t-a33', N'Boyra', 0, 4, 2, 72, NULL, NULL, NULL, NULL, 1)
--INSERT [dbo].[Location] ([Id], [Code], [Name], [LocationType], [LocationLevel], [CountryId], [ParentId], [CreateDate], [CreatedBy], [EditDate], [EditedBy], [Status]) VALUES (105, N'cd-d-12', N'Mirpur', 0, 3, 2, 10, NULL, NULL, NULL, NULL, 1)
--INSERT [dbo].[Location] ([Id], [Code], [Name], [LocationType], [LocationLevel], [CountryId], [ParentId], [CreateDate], [CreatedBy], [EditDate], [EditedBy], [Status]) VALUES (106, N'cd-d-t-a-27', N'Mirpur', 0, 4, 2, 105, NULL, NULL, NULL, NULL, 1)
--INSERT [dbo].[Location] ([Id], [Code], [Name], [LocationType], [LocationLevel], [CountryId], [ParentId], [CreateDate], [CreatedBy], [EditDate], [EditedBy], [Status]) VALUES (107, N'cdf', N'Tejgaon', 0, 3, 2, 10, NULL, NULL, NULL, NULL, 1)
--INSERT [dbo].[Location] ([Id], [Code], [Name], [LocationType], [LocationLevel], [CountryId], [ParentId], [CreateDate], [CreatedBy], [EditDate], [EditedBy], [Status]) VALUES (108, N'cd-d-11', N'Tejgaon', 0, 4, 2, 107, NULL, NULL, NULL, NULL, 1)
--INSERT [dbo].[Location] ([Id], [Code], [Name], [LocationType], [LocationLevel], [CountryId], [ParentId], [CreateDate], [CreatedBy], [EditDate], [EditedBy], [Status]) VALUES (109, N'ftg', N'Dhaka Cantt.', 0, 3, 2, 10, NULL, NULL, NULL, NULL, 1)
--INSERT [dbo].[Location] ([Id], [Code], [Name], [LocationType], [LocationLevel], [CountryId], [ParentId], [CreateDate], [CreatedBy], [EditDate], [EditedBy], [Status]) VALUES (110, N'cd-d-t-a-27', N'Dhaka Cantt.', 0, 4, 2, 109, NULL, NULL, NULL, NULL, 1)
--INSERT [dbo].[Location] ([Id], [Code], [Name], [LocationType], [LocationLevel], [CountryId], [ParentId], [CreateDate], [CreatedBy], [EditDate], [EditedBy], [Status]) VALUES (111, N'cd-d-12', N'Sutrapur', 0, 3, 2, 10, NULL, NULL, NULL, NULL, 1)
--INSERT [dbo].[Location] ([Id], [Code], [Name], [LocationType], [LocationLevel], [CountryId], [ParentId], [CreateDate], [CreatedBy], [EditDate], [EditedBy], [Status]) VALUES (113, N'cdg', N'Gendaria', 0, 4, 2, 111, NULL, NULL, NULL, NULL, 1)
--INSERT [dbo].[Location] ([Id], [Code], [Name], [LocationType], [LocationLevel], [CountryId], [ParentId], [CreateDate], [CreatedBy], [EditDate], [EditedBy], [Status]) VALUES (114, N'cv', N'New Market', 0, 3, 2, 10, NULL, NULL, NULL, NULL, 1)
--INSERT [dbo].[Location] ([Id], [Code], [Name], [LocationType], [LocationLevel], [CountryId], [ParentId], [CreateDate], [CreatedBy], [EditDate], [EditedBy], [Status]) VALUES (115, N'cd-d-12', N'New Market', 0, 4, 2, 114, NULL, NULL, NULL, NULL, 1)
--INSERT [dbo].[Location] ([Id], [Code], [Name], [LocationType], [LocationLevel], [CountryId], [ParentId], [CreateDate], [CreatedBy], [EditDate], [EditedBy], [Status]) VALUES (116, N'cv', N'Motijheel', 0, 3, 2, 10, NULL, NULL, NULL, NULL, 1)
--INSERT [dbo].[Location] ([Id], [Code], [Name], [LocationType], [LocationLevel], [CountryId], [ParentId], [CreateDate], [CreatedBy], [EditDate], [EditedBy], [Status]) VALUES (117, N'cv', N'Bangabhaban', 0, 4, 2, 116, NULL, NULL, NULL, NULL, 1)
--INSERT [dbo].[Location] ([Id], [Code], [Name], [LocationType], [LocationLevel], [CountryId], [ParentId], [CreateDate], [CreatedBy], [EditDate], [EditedBy], [Status]) VALUES (118, N'cvv', N'Palton', 0, 3, 2, 10, NULL, NULL, NULL, NULL, 1)
--INSERT [dbo].[Location] ([Id], [Code], [Name], [LocationType], [LocationLevel], [CountryId], [ParentId], [CreateDate], [CreatedBy], [EditDate], [EditedBy], [Status]) VALUES (119, N'cvv', N'Palton', 0, 4, 2, 118, NULL, NULL, NULL, NULL, 1)
--INSERT [dbo].[Location] ([Id], [Code], [Name], [LocationType], [LocationLevel], [CountryId], [ParentId], [CreateDate], [CreatedBy], [EditDate], [EditedBy], [Status]) VALUES (120, N'cvv', N'Uttara', 0, 3, 2, 10, NULL, NULL, NULL, NULL, 1)
--INSERT [dbo].[Location] ([Id], [Code], [Name], [LocationType], [LocationLevel], [CountryId], [ParentId], [CreateDate], [CreatedBy], [EditDate], [EditedBy], [Status]) VALUES (122, N'cvv', N'Uttara Model Town', 0, 4, 2, 120, NULL, NULL, NULL, NULL, 1)
--INSERT [dbo].[Location] ([Id], [Code], [Name], [LocationType], [LocationLevel], [CountryId], [ParentId], [CreateDate], [CreatedBy], [EditDate], [EditedBy], [Status]) VALUES (123, N'1289', N'Mohammadpur', 0, 4, 2, 45, CAST(N'2018-03-28T17:31:58.520' AS DateTime), NULL, NULL, NULL, 1)
--SET IDENTITY_INSERT [dbo].[Location] OFF
--SET IDENTITY_INSERT [dbo].[PostOffice] ON 

--INSERT [dbo].[PostOffice] ([Id], [Code], [Name], [LocationId], [CreateDate], [CreatedBy], [EditDate], [EditedBy], [Status]) VALUES (4, 1211, N'Posta TSO', 74, NULL, NULL, NULL, NULL, 1)
--INSERT [dbo].[PostOffice] ([Id], [Code], [Name], [LocationId], [CreateDate], [CreatedBy], [EditDate], [EditedBy], [Status]) VALUES (14, 5826, N'Sonatola', 85, NULL, NULL, NULL, NULL, 1)
--INSERT [dbo].[PostOffice] ([Id], [Code], [Name], [LocationId], [CreateDate], [CreatedBy], [EditDate], [EditedBy], [Status]) VALUES (15, 2001, N'Nandina', 75, NULL, NULL, NULL, NULL, 1)
--INSERT [dbo].[PostOffice] ([Id], [Code], [Name], [LocationId], [CreateDate], [CreatedBy], [EditDate], [EditedBy], [Status]) VALUES (16, 2480, N'Kendua', 78, NULL, NULL, NULL, NULL, 1)
--INSERT [dbo].[PostOffice] ([Id], [Code], [Name], [LocationId], [CreateDate], [CreatedBy], [EditDate], [EditedBy], [Status]) VALUES (17, 2490, N'Madan', 79, NULL, NULL, NULL, NULL, 1)
--INSERT [dbo].[PostOffice] ([Id], [Code], [Name], [LocationId], [CreateDate], [CreatedBy], [EditDate], [EditedBy], [Status]) VALUES (18, 7731, N'Debsala', 81, NULL, NULL, NULL, NULL, 1)
--INSERT [dbo].[PostOffice] ([Id], [Code], [Name], [LocationId], [CreateDate], [CreatedBy], [EditDate], [EditedBy], [Status]) VALUES (19, 8131, N'Ramdia College', 82, NULL, NULL, NULL, NULL, 1)
--INSERT [dbo].[PostOffice] ([Id], [Code], [Name], [LocationId], [CreateDate], [CreatedBy], [EditDate], [EditedBy], [Status]) VALUES (20, 8330, N'Lalmohon UPO', 90, NULL, NULL, NULL, NULL, 1)
--INSERT [dbo].[PostOffice] ([Id], [Code], [Name], [LocationId], [CreateDate], [CreatedBy], [EditDate], [EditedBy], [Status]) VALUES (21, 5730, N'Palashbari', 92, NULL, NULL, NULL, NULL, 1)
--INSERT [dbo].[PostOffice] ([Id], [Code], [Name], [LocationId], [CreateDate], [CreatedBy], [EditDate], [EditedBy], [Status]) VALUES (22, 7860, N'Boalmari', 102, NULL, NULL, NULL, NULL, 1)
--INSERT [dbo].[PostOffice] ([Id], [Code], [Name], [LocationId], [CreateDate], [CreatedBy], [EditDate], [EditedBy], [Status]) VALUES (23, 6701, N'Koraipur', 101, NULL, NULL, NULL, NULL, 1)
--INSERT [dbo].[PostOffice] ([Id], [Code], [Name], [LocationId], [CreateDate], [CreatedBy], [EditDate], [EditedBy], [Status]) VALUES (24, 6340, N'Shibganj U.P.O', 88, NULL, NULL, NULL, NULL, 1)
--INSERT [dbo].[PostOffice] ([Id], [Code], [Name], [LocationId], [CreateDate], [CreatedBy], [EditDate], [EditedBy], [Status]) VALUES (25, 8740, N'Betagi', 91, NULL, NULL, NULL, NULL, 1)
--INSERT [dbo].[PostOffice] ([Id], [Code], [Name], [LocationId], [CreateDate], [CreatedBy], [EditDate], [EditedBy], [Status]) VALUES (26, 8504, N'Mandria', 87, NULL, NULL, NULL, NULL, 1)
--INSERT [dbo].[PostOffice] ([Id], [Code], [Name], [LocationId], [CreateDate], [CreatedBy], [EditDate], [EditedBy], [Status]) VALUES (27, 3350, N'Baniachong', 96, NULL, NULL, NULL, NULL, 1)
--INSERT [dbo].[PostOffice] ([Id], [Code], [Name], [LocationId], [CreateDate], [CreatedBy], [EditDate], [EditedBy], [Status]) VALUES (28, 9300, N'Boyra', 104, NULL, NULL, NULL, NULL, 1)
--INSERT [dbo].[PostOffice] ([Id], [Code], [Name], [LocationId], [CreateDate], [CreatedBy], [EditDate], [EditedBy], [Status]) VALUES (29, 3251, N'Juri', 97, NULL, NULL, NULL, NULL, 1)
--INSERT [dbo].[PostOffice] ([Id], [Code], [Name], [LocationId], [CreateDate], [CreatedBy], [EditDate], [EditedBy], [Status]) VALUES (30, 3310, N'Bhatera', 99, NULL, NULL, NULL, NULL, 1)
--INSERT [dbo].[PostOffice] ([Id], [Code], [Name], [LocationId], [CreateDate], [CreatedBy], [EditDate], [EditedBy], [Status]) VALUES (31, 1216, N'Mirpur TSO', 106, NULL, NULL, NULL, NULL, 1)
--INSERT [dbo].[PostOffice] ([Id], [Code], [Name], [LocationId], [CreateDate], [CreatedBy], [EditDate], [EditedBy], [Status]) VALUES (32, 1215, N'Tejgaon TSO', 108, NULL, NULL, NULL, NULL, 1)
--INSERT [dbo].[PostOffice] ([Id], [Code], [Name], [LocationId], [CreateDate], [CreatedBy], [EditDate], [EditedBy], [Status]) VALUES (33, 1206, N'Dhaka Cantt. TSO', 110, NULL, NULL, NULL, NULL, 1)
--INSERT [dbo].[PostOffice] ([Id], [Code], [Name], [LocationId], [CreateDate], [CreatedBy], [EditDate], [EditedBy], [Status]) VALUES (34, 1204, N'Gendaria TSO', 113, NULL, NULL, NULL, NULL, 1)
--INSERT [dbo].[PostOffice] ([Id], [Code], [Name], [LocationId], [CreateDate], [CreatedBy], [EditDate], [EditedBy], [Status]) VALUES (35, 1205, N'New Market TSO', 115, NULL, NULL, NULL, NULL, 1)
--INSERT [dbo].[PostOffice] ([Id], [Code], [Name], [LocationId], [CreateDate], [CreatedBy], [EditDate], [EditedBy], [Status]) VALUES (36, 1222, N'Bangabhaban TSO', 117, NULL, NULL, NULL, NULL, 1)
--INSERT [dbo].[PostOffice] ([Id], [Code], [Name], [LocationId], [CreateDate], [CreatedBy], [EditDate], [EditedBy], [Status]) VALUES (37, 1230, N'Uttara Model Town TSO', 122, NULL, NULL, NULL, NULL, 1)
--INSERT [dbo].[PostOffice] ([Id], [Code], [Name], [LocationId], [CreateDate], [CreatedBy], [EditDate], [EditedBy], [Status]) VALUES (38, 1000, N'Dhaka GPO', 119, NULL, NULL, NULL, NULL, 1)
--SET IDENTITY_INSERT [dbo].[PostOffice] OFF
--SET IDENTITY_INSERT [dbo].[Person] ON 

--INSERT [dbo].[Person] ([Id], [FirstName], [LastName], [DateOfBirth], [Gender], [MaritalStatus], [Religion], [BloodGroup], [FatherId], [MotherId], [SpouseId], [ParentId], [CountryId], [PermanentAddressId], [PresentAddressId], [NID], [PassportNo], [DrivingLicense], [Photo], [EmergencyContactId], [EmergencyContactPersonPhone], [EmergencyContactPersonRelation], [Email], [PhoneNo], [CreateDate], [CreatedBy], [EditDate], [EditedBy], [Status]) VALUES (1, N'Senior ', N'Linkon', NULL, 1, 1, 3, 3, NULL, NULL, NULL, NULL, 2, NULL, NULL, NULL, NULL, NULL, NULL, NULL, NULL, NULL, NULL, NULL, NULL, NULL, NULL, NULL, 1)
--INSERT [dbo].[Person] ([Id], [FirstName], [LastName], [DateOfBirth], [Gender], [MaritalStatus], [Religion], [BloodGroup], [FatherId], [MotherId], [SpouseId], [ParentId], [CountryId], [PermanentAddressId], [PresentAddressId], [NID], [PassportNo], [DrivingLicense], [Photo], [EmergencyContactId], [EmergencyContactPersonPhone], [EmergencyContactPersonRelation], [Email], [PhoneNo], [CreateDate], [CreatedBy], [EditDate], [EditedBy], [Status]) VALUES (2, N'Kelly', N'Linkon', NULL, 2, 1, 3, 3, NULL, NULL, NULL, NULL, 2, NULL, NULL, NULL, NULL, NULL, NULL, NULL, NULL, NULL, NULL, NULL, NULL, NULL, NULL, NULL, 1)
--INSERT [dbo].[Person] ([Id], [FirstName], [LastName], [DateOfBirth], [Gender], [MaritalStatus], [Religion], [BloodGroup], [FatherId], [MotherId], [SpouseId], [ParentId], [CountryId], [PermanentAddressId], [PresentAddressId], [NID], [PassportNo], [DrivingLicense], [Photo], [EmergencyContactId], [EmergencyContactPersonPhone], [EmergencyContactPersonRelation], [Email], [PhoneNo], [CreateDate], [CreatedBy], [EditDate], [EditedBy], [Status]) VALUES (3, N'Admin', N'Admin', CAST(N'1936-09-08T00:00:00.000' AS DateTime), 1, 1, 3, 3, 1, 2, NULL, NULL, 2, NULL, NULL, N'12345678901234567', NULL, NULL, NULL, 2, N'012389124567', N'mother', N'bghnhj@ggfh.jo', N'019234125678', NULL, NULL, NULL, NULL, 1)
--INSERT [dbo].[Person] ([Id], [FirstName], [LastName], [DateOfBirth], [Gender], [MaritalStatus], [Religion], [BloodGroup], [FatherId], [MotherId], [SpouseId], [ParentId], [CountryId], [PermanentAddressId], [PresentAddressId], [NID], [PassportNo], [DrivingLicense], [Photo], [EmergencyContactId], [EmergencyContactPersonPhone], [EmergencyContactPersonRelation], [Email], [PhoneNo], [CreateDate], [CreatedBy], [EditDate], [EditedBy], [Status]) VALUES (52, NULL, NULL, NULL, 1, 1, 1, NULL, NULL, NULL, NULL, NULL, 2, NULL, NULL, NULL, NULL, NULL, NULL, NULL, NULL, NULL, NULL, NULL, CAST(N'2018-04-02T11:04:33.377' AS DateTime), NULL, NULL, NULL, 1)
--INSERT [dbo].[Person] ([Id], [FirstName], [LastName], [DateOfBirth], [Gender], [MaritalStatus], [Religion], [BloodGroup], [FatherId], [MotherId], [SpouseId], [ParentId], [CountryId], [PermanentAddressId], [PresentAddressId], [NID], [PassportNo], [DrivingLicense], [Photo], [EmergencyContactId], [EmergencyContactPersonPhone], [EmergencyContactPersonRelation], [Email], [PhoneNo], [CreateDate], [CreatedBy], [EditDate], [EditedBy], [Status]) VALUES (53, NULL, NULL, NULL, 2, 1, 1, NULL, NULL, NULL, NULL, NULL, 2, NULL, NULL, NULL, NULL, NULL, NULL, NULL, NULL, NULL, NULL, NULL, CAST(N'2018-04-02T11:04:33.377' AS DateTime), NULL, NULL, NULL, 1)
--INSERT [dbo].[Person] ([Id], [FirstName], [LastName], [DateOfBirth], [Gender], [MaritalStatus], [Religion], [BloodGroup], [FatherId], [MotherId], [SpouseId], [ParentId], [CountryId], [PermanentAddressId], [PresentAddressId], [NID], [PassportNo], [DrivingLicense], [Photo], [EmergencyContactId], [EmergencyContactPersonPhone], [EmergencyContactPersonRelation], [Email], [PhoneNo], [CreateDate], [CreatedBy], [EditDate], [EditedBy], [Status]) VALUES (54, N'Sharmin', NULL, CAST(N'1982-04-01T11:05:06.000' AS DateTime), 2, 1, 1, 4, 52, 53, NULL, NULL, 2, NULL, NULL, N'12345678901234567', NULL, NULL, NULL, NULL, NULL, NULL, NULL, NULL, CAST(N'2018-04-02T11:04:33.377' AS DateTime), NULL, NULL, NULL, 1)
--INSERT [dbo].[Person] ([Id], [FirstName], [LastName], [DateOfBirth], [Gender], [MaritalStatus], [Religion], [BloodGroup], [FatherId], [MotherId], [SpouseId], [ParentId], [CountryId], [PermanentAddressId], [PresentAddressId], [NID], [PassportNo], [DrivingLicense], [Photo], [EmergencyContactId], [EmergencyContactPersonPhone], [EmergencyContactPersonRelation], [Email], [PhoneNo], [CreateDate], [CreatedBy], [EditDate], [EditedBy], [Status]) VALUES (55, NULL, NULL, NULL, 1, 1, 1, NULL, NULL, NULL, NULL, NULL, 2, NULL, NULL, NULL, NULL, NULL, NULL, NULL, NULL, NULL, NULL, NULL, CAST(N'2018-04-02T11:07:56.027' AS DateTime), NULL, NULL, NULL, 1)
--INSERT [dbo].[Person] ([Id], [FirstName], [LastName], [DateOfBirth], [Gender], [MaritalStatus], [Religion], [BloodGroup], [FatherId], [MotherId], [SpouseId], [ParentId], [CountryId], [PermanentAddressId], [PresentAddressId], [NID], [PassportNo], [DrivingLicense], [Photo], [EmergencyContactId], [EmergencyContactPersonPhone], [EmergencyContactPersonRelation], [Email], [PhoneNo], [CreateDate], [CreatedBy], [EditDate], [EditedBy], [Status]) VALUES (56, NULL, NULL, NULL, 2, 1, 1, NULL, NULL, NULL, NULL, NULL, 2, NULL, NULL, NULL, NULL, NULL, NULL, NULL, NULL, NULL, NULL, NULL, CAST(N'2018-04-02T11:07:56.027' AS DateTime), NULL, NULL, NULL, 1)
--INSERT [dbo].[Person] ([Id], [FirstName], [LastName], [DateOfBirth], [Gender], [MaritalStatus], [Religion], [BloodGroup], [FatherId], [MotherId], [SpouseId], [ParentId], [CountryId], [PermanentAddressId], [PresentAddressId], [NID], [PassportNo], [DrivingLicense], [Photo], [EmergencyContactId], [EmergencyContactPersonPhone], [EmergencyContactPersonRelation], [Email], [PhoneNo], [CreateDate], [CreatedBy], [EditDate], [EditedBy], [Status]) VALUES (57, N'Mohominul', NULL, NULL, 1, 2, 1, 4, 55, 56, NULL, NULL, 2, NULL, NULL, N'12345678901234567', NULL, NULL, NULL, NULL, NULL, NULL, NULL, NULL, CAST(N'2018-04-02T11:07:56.027' AS DateTime), NULL, NULL, NULL, 1)
--INSERT [dbo].[Person] ([Id], [FirstName], [LastName], [DateOfBirth], [Gender], [MaritalStatus], [Religion], [BloodGroup], [FatherId], [MotherId], [SpouseId], [ParentId], [CountryId], [PermanentAddressId], [PresentAddressId], [NID], [PassportNo], [DrivingLicense], [Photo], [EmergencyContactId], [EmergencyContactPersonPhone], [EmergencyContactPersonRelation], [Email], [PhoneNo], [CreateDate], [CreatedBy], [EditDate], [EditedBy], [Status]) VALUES (58, NULL, NULL, NULL, 1, 1, 1, NULL, NULL, NULL, NULL, NULL, 2, NULL, NULL, NULL, NULL, NULL, NULL, NULL, NULL, NULL, NULL, NULL, CAST(N'2018-04-02T11:08:35.587' AS DateTime), NULL, NULL, NULL, 1)
--INSERT [dbo].[Person] ([Id], [FirstName], [LastName], [DateOfBirth], [Gender], [MaritalStatus], [Religion], [BloodGroup], [FatherId], [MotherId], [SpouseId], [ParentId], [CountryId], [PermanentAddressId], [PresentAddressId], [NID], [PassportNo], [DrivingLicense], [Photo], [EmergencyContactId], [EmergencyContactPersonPhone], [EmergencyContactPersonRelation], [Email], [PhoneNo], [CreateDate], [CreatedBy], [EditDate], [EditedBy], [Status]) VALUES (59, NULL, NULL, NULL, 2, 1, 1, NULL, NULL, NULL, NULL, NULL, 2, NULL, NULL, NULL, NULL, NULL, NULL, NULL, NULL, NULL, NULL, NULL, CAST(N'2018-04-02T11:08:35.587' AS DateTime), NULL, NULL, NULL, 1)
--INSERT [dbo].[Person] ([Id], [FirstName], [LastName], [DateOfBirth], [Gender], [MaritalStatus], [Religion], [BloodGroup], [FatherId], [MotherId], [SpouseId], [ParentId], [CountryId], [PermanentAddressId], [PresentAddressId], [NID], [PassportNo], [DrivingLicense], [Photo], [EmergencyContactId], [EmergencyContactPersonPhone], [EmergencyContactPersonRelation], [Email], [PhoneNo], [CreateDate], [CreatedBy], [EditDate], [EditedBy], [Status]) VALUES (60, N'Shafique', NULL, NULL, 1, 1, 1, 4, 58, 59, NULL, NULL, 2, NULL, NULL, N'12345678901234567', NULL, NULL, NULL, NULL, NULL, NULL, NULL, NULL, CAST(N'2018-04-02T11:08:35.587' AS DateTime), NULL, NULL, NULL, 1)
--INSERT [dbo].[Person] ([Id], [FirstName], [LastName], [DateOfBirth], [Gender], [MaritalStatus], [Religion], [BloodGroup], [FatherId], [MotherId], [SpouseId], [ParentId], [CountryId], [PermanentAddressId], [PresentAddressId], [NID], [PassportNo], [DrivingLicense], [Photo], [EmergencyContactId], [EmergencyContactPersonPhone], [EmergencyContactPersonRelation], [Email], [PhoneNo], [CreateDate], [CreatedBy], [EditDate], [EditedBy], [Status]) VALUES (61, NULL, NULL, NULL, 1, 1, 1, NULL, NULL, NULL, NULL, NULL, 2, NULL, NULL, NULL, NULL, NULL, NULL, NULL, NULL, NULL, NULL, NULL, CAST(N'2018-04-02T11:08:59.530' AS DateTime), NULL, NULL, NULL, 1)
--INSERT [dbo].[Person] ([Id], [FirstName], [LastName], [DateOfBirth], [Gender], [MaritalStatus], [Religion], [BloodGroup], [FatherId], [MotherId], [SpouseId], [ParentId], [CountryId], [PermanentAddressId], [PresentAddressId], [NID], [PassportNo], [DrivingLicense], [Photo], [EmergencyContactId], [EmergencyContactPersonPhone], [EmergencyContactPersonRelation], [Email], [PhoneNo], [CreateDate], [CreatedBy], [EditDate], [EditedBy], [Status]) VALUES (62, NULL, NULL, NULL, 2, 1, 1, NULL, NULL, NULL, NULL, NULL, 2, NULL, NULL, NULL, NULL, NULL, NULL, NULL, NULL, NULL, NULL, NULL, CAST(N'2018-04-02T11:08:59.530' AS DateTime), NULL, NULL, NULL, 1)
--INSERT [dbo].[Person] ([Id], [FirstName], [LastName], [DateOfBirth], [Gender], [MaritalStatus], [Religion], [BloodGroup], [FatherId], [MotherId], [SpouseId], [ParentId], [CountryId], [PermanentAddressId], [PresentAddressId], [NID], [PassportNo], [DrivingLicense], [Photo], [EmergencyContactId], [EmergencyContactPersonPhone], [EmergencyContactPersonRelation], [Email], [PhoneNo], [CreateDate], [CreatedBy], [EditDate], [EditedBy], [Status]) VALUES (63, N'Rafia', NULL, NULL, 2, 1, 1, 4, 61, 62, NULL, NULL, 2, NULL, NULL, N'12345678901234567', NULL, NULL, NULL, NULL, NULL, NULL, NULL, NULL, CAST(N'2018-04-02T11:08:59.530' AS DateTime), NULL, NULL, NULL, 1)
--SET IDENTITY_INSERT [dbo].[Person] OFF
--SET IDENTITY_INSERT [dbo].[Employee] ON 

--INSERT [dbo].[Employee] ([Id], [PersonId], [EmpCode], [DesignationId], [JoiningDate], [EmployeeType], [CompanyProfileId], [OfficeId], [OfficeUnitId], [GradeStepId], [Workshift], [EmployeeStatus], [CreateDate], [CreatedBy], [EditDate], [EditedBy], [Status]) VALUES (1, 3, 110, NULL, CAST(N'2016-09-05T13:40:55.000' AS DateTime), 1, 1, 1, 1, NULL, 0, 0, NULL, NULL, NULL, NULL, 1)
--INSERT [dbo].[Employee] ([Id], [PersonId], [EmpCode], [DesignationId], [JoiningDate], [EmployeeType], [CompanyProfileId], [OfficeId], [OfficeUnitId], [GradeStepId], [Workshift], [EmployeeStatus], [CreateDate], [CreatedBy], [EditDate], [EditedBy], [Status]) VALUES (18, 54, 5, NULL, NULL, 0, NULL, 1, NULL, NULL, NULL, 0, CAST(N'2018-04-02T11:04:33.717' AS DateTime), NULL, NULL, NULL, 1)
--INSERT [dbo].[Employee] ([Id], [PersonId], [EmpCode], [DesignationId], [JoiningDate], [EmployeeType], [CompanyProfileId], [OfficeId], [OfficeUnitId], [GradeStepId], [Workshift], [EmployeeStatus], [CreateDate], [CreatedBy], [EditDate], [EditedBy], [Status]) VALUES (19, 57, 6, NULL, NULL, 0, NULL, 1, NULL, NULL, NULL, 0, CAST(N'2018-04-02T11:07:56.080' AS DateTime), NULL, NULL, NULL, 1)
--INSERT [dbo].[Employee] ([Id], [PersonId], [EmpCode], [DesignationId], [JoiningDate], [EmployeeType], [CompanyProfileId], [OfficeId], [OfficeUnitId], [GradeStepId], [Workshift], [EmployeeStatus], [CreateDate], [CreatedBy], [EditDate], [EditedBy], [Status]) VALUES (20, 60, 7, NULL, NULL, 0, NULL, 1, NULL, NULL, NULL, 0, CAST(N'2018-04-02T11:08:35.640' AS DateTime), NULL, NULL, NULL, 1)
--INSERT [dbo].[Employee] ([Id], [PersonId], [EmpCode], [DesignationId], [JoiningDate], [EmployeeType], [CompanyProfileId], [OfficeId], [OfficeUnitId], [GradeStepId], [Workshift], [EmployeeStatus], [CreateDate], [CreatedBy], [EditDate], [EditedBy], [Status]) VALUES (21, 63, 8, NULL, NULL, 0, NULL, 1, NULL, NULL, NULL, 0, CAST(N'2018-04-02T11:08:59.583' AS DateTime), NULL, NULL, NULL, 1)
--SET IDENTITY_INSERT [dbo].[Employee] OFF
--SET IDENTITY_INSERT [dbo].[FiscalYears] ON 

--INSERT [dbo].[FiscalYears] ([Id], [Year], [CurrentYear], [QuarterOne], [QuarterTwo], [QuarterThree], [QuarterFour], [CreateDate], [CreatedBy], [EditDate], [EditedBy], [Status]) VALUES (1, 2018, 1, CAST(N'2018-01-01T00:00:00.000' AS DateTime), CAST(N'2018-04-01T00:00:00.000' AS DateTime), CAST(N'2018-07-01T00:00:00.000' AS DateTime), CAST(N'2018-10-01T00:00:00.000' AS DateTime), CAST(N'2018-01-06T12:32:34.197' AS DateTime), NULL, NULL, NULL, 1)
--SET IDENTITY_INSERT [dbo].[FiscalYears] OFF
--SET IDENTITY_INSERT [dbo].[EmployeeJobHistories] ON 

--INSERT [dbo].[EmployeeJobHistories] ([Id], [EmployeeId], [DesignationId], [OfficeUnitId], [OfficeId], [GradeStepId], [EffectiveDate], [ToDate], [JobStatus], [Remarks], [CreateDate], [CreatedBy], [EditDate], [EditedBy], [Status]) VALUES (4, 1, NULL, 1, 1, NULL, CAST(N'2018-03-28T00:00:00.000' AS DateTime), NULL, 4, N'Joined', CAST(N'2018-03-28T16:59:53.060' AS DateTime), NULL, NULL, NULL, 1)
--SET IDENTITY_INSERT [dbo].[EmployeeJobHistories] OFF
--SET IDENTITY_INSERT [dbo].[OfficePosition] ON 

--INSERT [dbo].[OfficePosition] ([Id], [Name], [OfficeId], [DefaultDesignationId], [PositionWeight], [CreateDate], [CreatedBy], [EditDate], [EditedBy], [Status]) VALUES (3, N'Secretary Atab', 1, 41, 1, CAST(N'2018-03-28T18:12:30.897' AS DateTime), NULL, NULL, NULL, 1)
--SET IDENTITY_INSERT [dbo].[OfficePosition] OFF
--SET IDENTITY_INSERT [dbo].[SalaryItems] ON 

--INSERT [dbo].[SalaryItems] ([Id], [Name], [Description], [IsPercentOfBasic], [IsTaxable], [TaxPercent], [SalaryItemStatus], [SalaryItemType], [DisplayOrder], [Ceiling], [IsEditable], [Status], [ContributionType], [CreateDate], [CreatedBy], [EditDate], [EditedBy]) VALUES (1, N'Basic', N'Basic', 0, 1, CAST(5.00 AS Decimal(18, 2)), 0, 0, 1, 1, 0, 0, 0, CAST(N'2018-01-06T14:28:53.677' AS DateTime), NULL, CAST(N'2018-01-06T14:29:02.540' AS DateTime), NULL)
--INSERT [dbo].[SalaryItems] ([Id], [Name], [Description], [IsPercentOfBasic], [IsTaxable], [TaxPercent], [SalaryItemStatus], [SalaryItemType], [DisplayOrder], [Ceiling], [IsEditable], [Status], [ContributionType], [CreateDate], [CreatedBy], [EditDate], [EditedBy]) VALUES (11, N'Late Attendance Deduction', N'Late Attendance Deduction', 0, 0, CAST(0.00 AS Decimal(18, 2)), 0, 7, 7, 7, 1, 7, 1, NULL, NULL, NULL, NULL)
--INSERT [dbo].[SalaryItems] ([Id], [Name], [Description], [IsPercentOfBasic], [IsTaxable], [TaxPercent], [SalaryItemStatus], [SalaryItemType], [DisplayOrder], [Ceiling], [IsEditable], [Status], [ContributionType], [CreateDate], [CreatedBy], [EditDate], [EditedBy]) VALUES (12, N'Overtime', N'Overtime', 0, 0, CAST(0.00 AS Decimal(18, 2)), 0, 3, 7, 7, 1, 0, 0, NULL, NULL, CAST(N'2018-01-02T12:40:27.273' AS DateTime), NULL)
--SET IDENTITY_INSERT [dbo].[SalaryItems] OFF
--SET IDENTITY_INSERT [dbo].[OfficeUnitSettings] ON 

--INSERT [dbo].[OfficeUnitSettings] ([Id], [OfficeId], [OfficeUnitId], [ParentUnitId], [Sl], [CreateDate], [CreatedBy], [EditDate], [EditedBy], [Status]) VALUES (1, 1, 1, NULL, 0, CAST(N'2018-01-06T14:35:49.517' AS DateTime), NULL, NULL, NULL, 1)
--INSERT [dbo].[OfficeUnitSettings] ([Id], [OfficeId], [OfficeUnitId], [ParentUnitId], [Sl], [CreateDate], [CreatedBy], [EditDate], [EditedBy], [Status]) VALUES (2, 1, 2, NULL, 0, CAST(N'2018-01-06T14:36:12.410' AS DateTime), NULL, NULL, NULL, 1)
--INSERT [dbo].[OfficeUnitSettings] ([Id], [OfficeId], [OfficeUnitId], [ParentUnitId], [Sl], [CreateDate], [CreatedBy], [EditDate], [EditedBy], [Status]) VALUES (3, 2, 4, 3, 0, CAST(N'2018-02-25T17:07:23.823' AS DateTime), NULL, NULL, NULL, 1)
--SET IDENTITY_INSERT [dbo].[OfficeUnitSettings] OFF
--SET IDENTITY_INSERT [dbo].[BasicSalaryConfigurations] ON 

--INSERT [dbo].[BasicSalaryConfigurations] ([Id], [WeekendOvertimeByBasicPer], [NationalHolidayOtByBasicPer], [MonthDays], [OfficeInTime], [OfficeOutTime], [CreateDate], [CreatedBy], [EditDate], [EditedBy], [Status]) VALUES (2, CAST(2.00 AS Decimal(18, 2)), CAST(3.00 AS Decimal(18, 2)), 30, CAST(N'2016-07-11T09:00:00.000' AS DateTime), CAST(N'2016-07-11T17:00:00.000' AS DateTime), NULL, NULL, NULL, NULL, 1)
--SET IDENTITY_INSERT [dbo].[BasicSalaryConfigurations] OFF
--SET IDENTITY_INSERT [dbo].[HolidayTypes] ON 

--INSERT [dbo].[HolidayTypes] ([Id], [Name], [CreateDate], [CreatedBy], [EditDate], [EditedBy], [Status]) VALUES (1, N'Weekend', CAST(N'2018-01-06T12:26:44.707' AS DateTime), NULL, NULL, NULL, 1)
--SET IDENTITY_INSERT [dbo].[HolidayTypes] OFF
