﻿USE [Finix.ATAB.FAMS]

SET IDENTITY_INSERT [dbo].[Country] ON 

INSERT [dbo].[Country] ([Id], [Code], [Name], [CreateDate], [CreatedBy], [EditDate], [EditedBy], [Status]) VALUES (1, NULL, N'Bangladesh', NULL, NULL, NULL, NULL, 1)
INSERT [dbo].[Country] ([Id], [Code], [Name], [CreateDate], [CreatedBy], [EditDate], [EditedBy], [Status]) VALUES (2, NULL, N'Afghanistan', NULL, NULL, NULL, NULL, 1)
INSERT [dbo].[Country] ([Id], [Code], [Name], [CreateDate], [CreatedBy], [EditDate], [EditedBy], [Status]) VALUES (3, NULL, N'Albania', NULL, NULL, NULL, NULL, 1)
INSERT [dbo].[Country] ([Id], [Code], [Name], [CreateDate], [CreatedBy], [EditDate], [EditedBy], [Status]) VALUES (4, NULL, N'Algeria', NULL, NULL, NULL, NULL, 1)
INSERT [dbo].[Country] ([Id], [Code], [Name], [CreateDate], [CreatedBy], [EditDate], [EditedBy], [Status]) VALUES (5, NULL, N'American Samoa', NULL, NULL, NULL, NULL, 1)
INSERT [dbo].[Country] ([Id], [Code], [Name], [CreateDate], [CreatedBy], [EditDate], [EditedBy], [Status]) VALUES (6, NULL, N'Andorra', NULL, NULL, NULL, NULL, 1)
INSERT [dbo].[Country] ([Id], [Code], [Name], [CreateDate], [CreatedBy], [EditDate], [EditedBy], [Status]) VALUES (7, NULL, N'Angola', NULL, NULL, NULL, NULL, 1)
INSERT [dbo].[Country] ([Id], [Code], [Name], [CreateDate], [CreatedBy], [EditDate], [EditedBy], [Status]) VALUES (8, NULL, N'Anguilla', NULL, NULL, NULL, NULL, 1)
INSERT [dbo].[Country] ([Id], [Code], [Name], [CreateDate], [CreatedBy], [EditDate], [EditedBy], [Status]) VALUES (9, NULL, N'Antigua & Barbuda', NULL, NULL, NULL, NULL, 1)
INSERT [dbo].[Country] ([Id], [Code], [Name], [CreateDate], [CreatedBy], [EditDate], [EditedBy], [Status]) VALUES (10, NULL, N'Argentina', NULL, NULL, NULL, NULL, 1)
INSERT [dbo].[Country] ([Id], [Code], [Name], [CreateDate], [CreatedBy], [EditDate], [EditedBy], [Status]) VALUES (11, NULL, N'Armenia', NULL, NULL, NULL, NULL, 1)
INSERT [dbo].[Country] ([Id], [Code], [Name], [CreateDate], [CreatedBy], [EditDate], [EditedBy], [Status]) VALUES (12, NULL, N'Aruba', NULL, NULL, NULL, NULL, 1)
INSERT [dbo].[Country] ([Id], [Code], [Name], [CreateDate], [CreatedBy], [EditDate], [EditedBy], [Status]) VALUES (13, NULL, N'Australia', NULL, NULL, NULL, NULL, 1)
INSERT [dbo].[Country] ([Id], [Code], [Name], [CreateDate], [CreatedBy], [EditDate], [EditedBy], [Status]) VALUES (14, NULL, N'Austria', NULL, NULL, NULL, NULL, 1)
INSERT [dbo].[Country] ([Id], [Code], [Name], [CreateDate], [CreatedBy], [EditDate], [EditedBy], [Status]) VALUES (15, NULL, N'Azerbaijan', NULL, NULL, NULL, NULL, 1)
INSERT [dbo].[Country] ([Id], [Code], [Name], [CreateDate], [CreatedBy], [EditDate], [EditedBy], [Status]) VALUES (16, NULL, N'Bahamas, The', NULL, NULL, NULL, NULL, 1)
INSERT [dbo].[Country] ([Id], [Code], [Name], [CreateDate], [CreatedBy], [EditDate], [EditedBy], [Status]) VALUES (17, NULL, N'Bahrain', NULL, NULL, NULL, NULL, 1)
INSERT [dbo].[Country] ([Id], [Code], [Name], [CreateDate], [CreatedBy], [EditDate], [EditedBy], [Status]) VALUES (18, NULL, N'Barbados', NULL, NULL, NULL, NULL, 1)
INSERT [dbo].[Country] ([Id], [Code], [Name], [CreateDate], [CreatedBy], [EditDate], [EditedBy], [Status]) VALUES (19, NULL, N'Belarus', NULL, NULL, NULL, NULL, 1)
INSERT [dbo].[Country] ([Id], [Code], [Name], [CreateDate], [CreatedBy], [EditDate], [EditedBy], [Status]) VALUES (20, NULL, N'Belgium', NULL, NULL, NULL, NULL, 1)
INSERT [dbo].[Country] ([Id], [Code], [Name], [CreateDate], [CreatedBy], [EditDate], [EditedBy], [Status]) VALUES (21, NULL, N'Belize', NULL, NULL, NULL, NULL, 1)
INSERT [dbo].[Country] ([Id], [Code], [Name], [CreateDate], [CreatedBy], [EditDate], [EditedBy], [Status]) VALUES (22, NULL, N'Benin', NULL, NULL, NULL, NULL, 1)
INSERT [dbo].[Country] ([Id], [Code], [Name], [CreateDate], [CreatedBy], [EditDate], [EditedBy], [Status]) VALUES (23, NULL, N'Bermuda', NULL, NULL, NULL, NULL, 1)
INSERT [dbo].[Country] ([Id], [Code], [Name], [CreateDate], [CreatedBy], [EditDate], [EditedBy], [Status]) VALUES (24, NULL, N'Bhutan', NULL, NULL, NULL, NULL, 1)
INSERT [dbo].[Country] ([Id], [Code], [Name], [CreateDate], [CreatedBy], [EditDate], [EditedBy], [Status]) VALUES (25, NULL, N'Bolivia', NULL, NULL, NULL, NULL, 1)
INSERT [dbo].[Country] ([Id], [Code], [Name], [CreateDate], [CreatedBy], [EditDate], [EditedBy], [Status]) VALUES (26, NULL, N'Bosnia & Herzegovina', NULL, NULL, NULL, NULL, 1)
INSERT [dbo].[Country] ([Id], [Code], [Name], [CreateDate], [CreatedBy], [EditDate], [EditedBy], [Status]) VALUES (27, NULL, N'Botswana', NULL, NULL, NULL, NULL, 1)
INSERT [dbo].[Country] ([Id], [Code], [Name], [CreateDate], [CreatedBy], [EditDate], [EditedBy], [Status]) VALUES (28, NULL, N'Brazil', NULL, NULL, NULL, NULL, 1)
INSERT [dbo].[Country] ([Id], [Code], [Name], [CreateDate], [CreatedBy], [EditDate], [EditedBy], [Status]) VALUES (29, NULL, N'British Virgin Is.', NULL, NULL, NULL, NULL, 1)
INSERT [dbo].[Country] ([Id], [Code], [Name], [CreateDate], [CreatedBy], [EditDate], [EditedBy], [Status]) VALUES (30, NULL, N'Brunei', NULL, NULL, NULL, NULL, 1)
INSERT [dbo].[Country] ([Id], [Code], [Name], [CreateDate], [CreatedBy], [EditDate], [EditedBy], [Status]) VALUES (31, NULL, N'Bulgaria', NULL, NULL, NULL, NULL, 1)
INSERT [dbo].[Country] ([Id], [Code], [Name], [CreateDate], [CreatedBy], [EditDate], [EditedBy], [Status]) VALUES (32, NULL, N'Burkina Faso', NULL, NULL, NULL, NULL, 1)
INSERT [dbo].[Country] ([Id], [Code], [Name], [CreateDate], [CreatedBy], [EditDate], [EditedBy], [Status]) VALUES (33, NULL, N'Burma', NULL, NULL, NULL, NULL, 1)
INSERT [dbo].[Country] ([Id], [Code], [Name], [CreateDate], [CreatedBy], [EditDate], [EditedBy], [Status]) VALUES (34, NULL, N'Burundi', NULL, NULL, NULL, NULL, 1)
INSERT [dbo].[Country] ([Id], [Code], [Name], [CreateDate], [CreatedBy], [EditDate], [EditedBy], [Status]) VALUES (35, NULL, N'Cambodia', NULL, NULL, NULL, NULL, 1)
INSERT [dbo].[Country] ([Id], [Code], [Name], [CreateDate], [CreatedBy], [EditDate], [EditedBy], [Status]) VALUES (36, NULL, N'Cameroon', NULL, NULL, NULL, NULL, 1)
INSERT [dbo].[Country] ([Id], [Code], [Name], [CreateDate], [CreatedBy], [EditDate], [EditedBy], [Status]) VALUES (37, NULL, N'Canada', NULL, NULL, NULL, NULL, 1)
INSERT [dbo].[Country] ([Id], [Code], [Name], [CreateDate], [CreatedBy], [EditDate], [EditedBy], [Status]) VALUES (38, NULL, N'Cape Verde', NULL, NULL, NULL, NULL, 1)
INSERT [dbo].[Country] ([Id], [Code], [Name], [CreateDate], [CreatedBy], [EditDate], [EditedBy], [Status]) VALUES (39, NULL, N'Cayman Islands', NULL, NULL, NULL, NULL, 1)
INSERT [dbo].[Country] ([Id], [Code], [Name], [CreateDate], [CreatedBy], [EditDate], [EditedBy], [Status]) VALUES (40, NULL, N'Central African Rep.', NULL, NULL, NULL, NULL, 1)
INSERT [dbo].[Country] ([Id], [Code], [Name], [CreateDate], [CreatedBy], [EditDate], [EditedBy], [Status]) VALUES (41, NULL, N'Chad', NULL, NULL, NULL, NULL, 1)
INSERT [dbo].[Country] ([Id], [Code], [Name], [CreateDate], [CreatedBy], [EditDate], [EditedBy], [Status]) VALUES (42, NULL, N'Chile', NULL, NULL, NULL, NULL, 1)
INSERT [dbo].[Country] ([Id], [Code], [Name], [CreateDate], [CreatedBy], [EditDate], [EditedBy], [Status]) VALUES (43, NULL, N'China', NULL, NULL, NULL, NULL, 1)
INSERT [dbo].[Country] ([Id], [Code], [Name], [CreateDate], [CreatedBy], [EditDate], [EditedBy], [Status]) VALUES (44, NULL, N'Colombia', NULL, NULL, NULL, NULL, 1)
INSERT [dbo].[Country] ([Id], [Code], [Name], [CreateDate], [CreatedBy], [EditDate], [EditedBy], [Status]) VALUES (45, NULL, N'Comoros', NULL, NULL, NULL, NULL, 1)
INSERT [dbo].[Country] ([Id], [Code], [Name], [CreateDate], [CreatedBy], [EditDate], [EditedBy], [Status]) VALUES (46, NULL, N'Congo, Dem. Rep.', NULL, NULL, NULL, NULL, 1)
INSERT [dbo].[Country] ([Id], [Code], [Name], [CreateDate], [CreatedBy], [EditDate], [EditedBy], [Status]) VALUES (47, NULL, N'Congo, Repub. of the', NULL, NULL, NULL, NULL, 1)
INSERT [dbo].[Country] ([Id], [Code], [Name], [CreateDate], [CreatedBy], [EditDate], [EditedBy], [Status]) VALUES (48, NULL, N'Cook Islands', NULL, NULL, NULL, NULL, 1)
INSERT [dbo].[Country] ([Id], [Code], [Name], [CreateDate], [CreatedBy], [EditDate], [EditedBy], [Status]) VALUES (49, NULL, N'Costa Rica', NULL, NULL, NULL, NULL, 1)
INSERT [dbo].[Country] ([Id], [Code], [Name], [CreateDate], [CreatedBy], [EditDate], [EditedBy], [Status]) VALUES (50, NULL, N'Cote d''Ivoire', NULL, NULL, NULL, NULL, 1)
INSERT [dbo].[Country] ([Id], [Code], [Name], [CreateDate], [CreatedBy], [EditDate], [EditedBy], [Status]) VALUES (51, NULL, N'Croatia', NULL, NULL, NULL, NULL, 1)
INSERT [dbo].[Country] ([Id], [Code], [Name], [CreateDate], [CreatedBy], [EditDate], [EditedBy], [Status]) VALUES (52, NULL, N'Cuba', NULL, NULL, NULL, NULL, 1)
INSERT [dbo].[Country] ([Id], [Code], [Name], [CreateDate], [CreatedBy], [EditDate], [EditedBy], [Status]) VALUES (53, NULL, N'Cyprus', NULL, NULL, NULL, NULL, 1)
INSERT [dbo].[Country] ([Id], [Code], [Name], [CreateDate], [CreatedBy], [EditDate], [EditedBy], [Status]) VALUES (54, NULL, N'Czech Republic', NULL, NULL, NULL, NULL, 1)
INSERT [dbo].[Country] ([Id], [Code], [Name], [CreateDate], [CreatedBy], [EditDate], [EditedBy], [Status]) VALUES (55, NULL, N'Denmark', NULL, NULL, NULL, NULL, 1)
INSERT [dbo].[Country] ([Id], [Code], [Name], [CreateDate], [CreatedBy], [EditDate], [EditedBy], [Status]) VALUES (56, NULL, N'Djibouti', NULL, NULL, NULL, NULL, 1)
INSERT [dbo].[Country] ([Id], [Code], [Name], [CreateDate], [CreatedBy], [EditDate], [EditedBy], [Status]) VALUES (57, NULL, N'Dominica', NULL, NULL, NULL, NULL, 1)
INSERT [dbo].[Country] ([Id], [Code], [Name], [CreateDate], [CreatedBy], [EditDate], [EditedBy], [Status]) VALUES (58, NULL, N'Dominican Republic', NULL, NULL, NULL, NULL, 1)
INSERT [dbo].[Country] ([Id], [Code], [Name], [CreateDate], [CreatedBy], [EditDate], [EditedBy], [Status]) VALUES (59, NULL, N'East Timor', NULL, NULL, NULL, NULL, 1)
INSERT [dbo].[Country] ([Id], [Code], [Name], [CreateDate], [CreatedBy], [EditDate], [EditedBy], [Status]) VALUES (60, NULL, N'Ecuador', NULL, NULL, NULL, NULL, 1)
INSERT [dbo].[Country] ([Id], [Code], [Name], [CreateDate], [CreatedBy], [EditDate], [EditedBy], [Status]) VALUES (61, NULL, N'Egypt', NULL, NULL, NULL, NULL, 1)
INSERT [dbo].[Country] ([Id], [Code], [Name], [CreateDate], [CreatedBy], [EditDate], [EditedBy], [Status]) VALUES (62, NULL, N'El Salvador', NULL, NULL, NULL, NULL, 1)
INSERT [dbo].[Country] ([Id], [Code], [Name], [CreateDate], [CreatedBy], [EditDate], [EditedBy], [Status]) VALUES (63, NULL, N'Equatorial Guinea', NULL, NULL, NULL, NULL, 1)
INSERT [dbo].[Country] ([Id], [Code], [Name], [CreateDate], [CreatedBy], [EditDate], [EditedBy], [Status]) VALUES (64, NULL, N'Eritrea', NULL, NULL, NULL, NULL, 1)
INSERT [dbo].[Country] ([Id], [Code], [Name], [CreateDate], [CreatedBy], [EditDate], [EditedBy], [Status]) VALUES (65, NULL, N'Estonia', NULL, NULL, NULL, NULL, 1)
INSERT [dbo].[Country] ([Id], [Code], [Name], [CreateDate], [CreatedBy], [EditDate], [EditedBy], [Status]) VALUES (66, NULL, N'Ethiopia', NULL, NULL, NULL, NULL, 1)
INSERT [dbo].[Country] ([Id], [Code], [Name], [CreateDate], [CreatedBy], [EditDate], [EditedBy], [Status]) VALUES (67, NULL, N'Faroe Islands', NULL, NULL, NULL, NULL, 1)
INSERT [dbo].[Country] ([Id], [Code], [Name], [CreateDate], [CreatedBy], [EditDate], [EditedBy], [Status]) VALUES (68, NULL, N'Fiji', NULL, NULL, NULL, NULL, 1)
INSERT [dbo].[Country] ([Id], [Code], [Name], [CreateDate], [CreatedBy], [EditDate], [EditedBy], [Status]) VALUES (69, NULL, N'Finland', NULL, NULL, NULL, NULL, 1)
INSERT [dbo].[Country] ([Id], [Code], [Name], [CreateDate], [CreatedBy], [EditDate], [EditedBy], [Status]) VALUES (70, NULL, N'France', NULL, NULL, NULL, NULL, 1)
INSERT [dbo].[Country] ([Id], [Code], [Name], [CreateDate], [CreatedBy], [EditDate], [EditedBy], [Status]) VALUES (71, NULL, N'French Guiana', NULL, NULL, NULL, NULL, 1)
INSERT [dbo].[Country] ([Id], [Code], [Name], [CreateDate], [CreatedBy], [EditDate], [EditedBy], [Status]) VALUES (72, NULL, N'French Polynesia', NULL, NULL, NULL, NULL, 1)
INSERT [dbo].[Country] ([Id], [Code], [Name], [CreateDate], [CreatedBy], [EditDate], [EditedBy], [Status]) VALUES (73, NULL, N'Gabon', NULL, NULL, NULL, NULL, 1)
INSERT [dbo].[Country] ([Id], [Code], [Name], [CreateDate], [CreatedBy], [EditDate], [EditedBy], [Status]) VALUES (74, NULL, N'Gambia, The', NULL, NULL, NULL, NULL, 1)
INSERT [dbo].[Country] ([Id], [Code], [Name], [CreateDate], [CreatedBy], [EditDate], [EditedBy], [Status]) VALUES (75, NULL, N'Gaza Strip', NULL, NULL, NULL, NULL, 1)
INSERT [dbo].[Country] ([Id], [Code], [Name], [CreateDate], [CreatedBy], [EditDate], [EditedBy], [Status]) VALUES (76, NULL, N'Georgia', NULL, NULL, NULL, NULL, 1)
INSERT [dbo].[Country] ([Id], [Code], [Name], [CreateDate], [CreatedBy], [EditDate], [EditedBy], [Status]) VALUES (77, NULL, N'Germany', NULL, NULL, NULL, NULL, 1)
INSERT [dbo].[Country] ([Id], [Code], [Name], [CreateDate], [CreatedBy], [EditDate], [EditedBy], [Status]) VALUES (78, NULL, N'Ghana', NULL, NULL, NULL, NULL, 1)
INSERT [dbo].[Country] ([Id], [Code], [Name], [CreateDate], [CreatedBy], [EditDate], [EditedBy], [Status]) VALUES (79, NULL, N'Gibraltar', NULL, NULL, NULL, NULL, 1)
INSERT [dbo].[Country] ([Id], [Code], [Name], [CreateDate], [CreatedBy], [EditDate], [EditedBy], [Status]) VALUES (80, NULL, N'Greece', NULL, NULL, NULL, NULL, 1)
INSERT [dbo].[Country] ([Id], [Code], [Name], [CreateDate], [CreatedBy], [EditDate], [EditedBy], [Status]) VALUES (81, NULL, N'Greenland', NULL, NULL, NULL, NULL, 1)
INSERT [dbo].[Country] ([Id], [Code], [Name], [CreateDate], [CreatedBy], [EditDate], [EditedBy], [Status]) VALUES (82, NULL, N'Grenada', NULL, NULL, NULL, NULL, 1)
INSERT [dbo].[Country] ([Id], [Code], [Name], [CreateDate], [CreatedBy], [EditDate], [EditedBy], [Status]) VALUES (83, NULL, N'Guadeloupe', NULL, NULL, NULL, NULL, 1)
INSERT [dbo].[Country] ([Id], [Code], [Name], [CreateDate], [CreatedBy], [EditDate], [EditedBy], [Status]) VALUES (84, NULL, N'Guam', NULL, NULL, NULL, NULL, 1)
INSERT [dbo].[Country] ([Id], [Code], [Name], [CreateDate], [CreatedBy], [EditDate], [EditedBy], [Status]) VALUES (85, NULL, N'Guatemala', NULL, NULL, NULL, NULL, 1)
INSERT [dbo].[Country] ([Id], [Code], [Name], [CreateDate], [CreatedBy], [EditDate], [EditedBy], [Status]) VALUES (86, NULL, N'Guernsey', NULL, NULL, NULL, NULL, 1)
INSERT [dbo].[Country] ([Id], [Code], [Name], [CreateDate], [CreatedBy], [EditDate], [EditedBy], [Status]) VALUES (87, NULL, N'Guinea', NULL, NULL, NULL, NULL, 1)
INSERT [dbo].[Country] ([Id], [Code], [Name], [CreateDate], [CreatedBy], [EditDate], [EditedBy], [Status]) VALUES (88, NULL, N'Guinea-Bissau', NULL, NULL, NULL, NULL, 1)
INSERT [dbo].[Country] ([Id], [Code], [Name], [CreateDate], [CreatedBy], [EditDate], [EditedBy], [Status]) VALUES (89, NULL, N'Guyana', NULL, NULL, NULL, NULL, 1)
INSERT [dbo].[Country] ([Id], [Code], [Name], [CreateDate], [CreatedBy], [EditDate], [EditedBy], [Status]) VALUES (90, NULL, N'Haiti', NULL, NULL, NULL, NULL, 1)
INSERT [dbo].[Country] ([Id], [Code], [Name], [CreateDate], [CreatedBy], [EditDate], [EditedBy], [Status]) VALUES (91, NULL, N'Honduras', NULL, NULL, NULL, NULL, 1)
INSERT [dbo].[Country] ([Id], [Code], [Name], [CreateDate], [CreatedBy], [EditDate], [EditedBy], [Status]) VALUES (92, NULL, N'Hong Kong', NULL, NULL, NULL, NULL, 1)
INSERT [dbo].[Country] ([Id], [Code], [Name], [CreateDate], [CreatedBy], [EditDate], [EditedBy], [Status]) VALUES (93, NULL, N'Hungary', NULL, NULL, NULL, NULL, 1)
INSERT [dbo].[Country] ([Id], [Code], [Name], [CreateDate], [CreatedBy], [EditDate], [EditedBy], [Status]) VALUES (94, NULL, N'Iceland', NULL, NULL, NULL, NULL, 1)
INSERT [dbo].[Country] ([Id], [Code], [Name], [CreateDate], [CreatedBy], [EditDate], [EditedBy], [Status]) VALUES (95, NULL, N'India', NULL, NULL, NULL, NULL, 1)
INSERT [dbo].[Country] ([Id], [Code], [Name], [CreateDate], [CreatedBy], [EditDate], [EditedBy], [Status]) VALUES (96, NULL, N'Indonesia', NULL, NULL, NULL, NULL, 1)
INSERT [dbo].[Country] ([Id], [Code], [Name], [CreateDate], [CreatedBy], [EditDate], [EditedBy], [Status]) VALUES (97, NULL, N'Iran', NULL, NULL, NULL, NULL, 1)
INSERT [dbo].[Country] ([Id], [Code], [Name], [CreateDate], [CreatedBy], [EditDate], [EditedBy], [Status]) VALUES (98, NULL, N'Iraq', NULL, NULL, NULL, NULL, 1)
INSERT [dbo].[Country] ([Id], [Code], [Name], [CreateDate], [CreatedBy], [EditDate], [EditedBy], [Status]) VALUES (99, NULL, N'Ireland', NULL, NULL, NULL, NULL, 1)

INSERT [dbo].[Country] ([Id], [Code], [Name], [CreateDate], [CreatedBy], [EditDate], [EditedBy], [Status]) VALUES (100, NULL, N'Isle of Man', NULL, NULL, NULL, NULL, 1)
INSERT [dbo].[Country] ([Id], [Code], [Name], [CreateDate], [CreatedBy], [EditDate], [EditedBy], [Status]) VALUES (101, NULL, N'Israel', NULL, NULL, NULL, NULL, 1)
SET IDENTITY_INSERT [dbo].[Country] OFF
SET IDENTITY_INSERT [dbo].[Division] ON 

INSERT [dbo].[Division] ([Id], [CountryId], [DivisionNameEng], [DivisionNameBng], [BBSCode], [CreateDate], [CreatedBy], [EditDate], [EditedBy], [Status]) VALUES (1, 1, N'Barisal', N'??????', N'10  ', NULL, NULL, NULL, NULL, 1)
INSERT [dbo].[Division] ([Id], [CountryId], [DivisionNameEng], [DivisionNameBng], [BBSCode], [CreateDate], [CreatedBy], [EditDate], [EditedBy], [Status]) VALUES (2, 1, N'Chittagong', N'?????????', N'20  ', NULL, NULL, NULL, NULL, 1)
INSERT [dbo].[Division] ([Id], [CountryId], [DivisionNameEng], [DivisionNameBng], [BBSCode], [CreateDate], [CreatedBy], [EditDate], [EditedBy], [Status]) VALUES (3, 1, N'Dhaka', N'????', N'30  ', NULL, NULL, NULL, NULL, 1)
INSERT [dbo].[Division] ([Id], [CountryId], [DivisionNameEng], [DivisionNameBng], [BBSCode], [CreateDate], [CreatedBy], [EditDate], [EditedBy], [Status]) VALUES (4, 1, N'Khulna', N'?????', N'40  ', NULL, NULL, NULL, NULL, 1)
INSERT [dbo].[Division] ([Id], [CountryId], [DivisionNameEng], [DivisionNameBng], [BBSCode], [CreateDate], [CreatedBy], [EditDate], [EditedBy], [Status]) VALUES (5, 1, N'Rajshahi', N'???????', N'50  ', NULL, NULL, NULL, NULL, 1)
INSERT [dbo].[Division] ([Id], [CountryId], [DivisionNameEng], [DivisionNameBng], [BBSCode], [CreateDate], [CreatedBy], [EditDate], [EditedBy], [Status]) VALUES (6, 1, N'Rangpur', N'?????', N'60  ', NULL, NULL, NULL, NULL, 1)
INSERT [dbo].[Division] ([Id], [CountryId], [DivisionNameEng], [DivisionNameBng], [BBSCode], [CreateDate], [CreatedBy], [EditDate], [EditedBy], [Status]) VALUES (7, 1, N'Sylhet', N'?????', N'70  ', NULL, NULL, NULL, NULL, 1)
INSERT [dbo].[Division] ([Id], [CountryId], [DivisionNameEng], [DivisionNameBng], [BBSCode], [CreateDate], [CreatedBy], [EditDate], [EditedBy], [Status]) VALUES (9, 1, N'Mymensingh', N'????????', N'45  ', NULL, NULL, NULL, NULL, 1)
SET IDENTITY_INSERT [dbo].[Division] OFF
SET IDENTITY_INSERT [dbo].[District] ON 

INSERT [dbo].[District] ([Id], [DivisionId], [DistrictNameEng], [DistrictNameBng], [BBSCode], [CreateDate], [CreatedBy], [EditDate], [EditedBy], [Status]) VALUES (1, 1, N'Barguna', N'??????', N'04  ', NULL, NULL, NULL, NULL, 1)
INSERT [dbo].[District] ([Id], [DivisionId], [DistrictNameEng], [DistrictNameBng], [BBSCode], [CreateDate], [CreatedBy], [EditDate], [EditedBy], [Status]) VALUES (2, 1, N'Barisal', N'??????', N'06  ', NULL, NULL, NULL, NULL, 1)
INSERT [dbo].[District] ([Id], [DivisionId], [DistrictNameEng], [DistrictNameBng], [BBSCode], [CreateDate], [CreatedBy], [EditDate], [EditedBy], [Status]) VALUES (3, 1, N'Bhola', N'????', N'09  ', NULL, NULL, NULL, NULL, 1)
INSERT [dbo].[District] ([Id], [DivisionId], [DistrictNameEng], [DistrictNameBng], [BBSCode], [CreateDate], [CreatedBy], [EditDate], [EditedBy], [Status]) VALUES (4, 1, N'Jhalokati', N'???????', N'42  ', NULL, NULL, NULL, NULL, 1)
INSERT [dbo].[District] ([Id], [DivisionId], [DistrictNameEng], [DistrictNameBng], [BBSCode], [CreateDate], [CreatedBy], [EditDate], [EditedBy], [Status]) VALUES (5, 1, N'Patuakhali', N'????????? ', N'78  ', NULL, NULL, NULL, NULL, 1)
INSERT [dbo].[District] ([Id], [DivisionId], [DistrictNameEng], [DistrictNameBng], [BBSCode], [CreateDate], [CreatedBy], [EditDate], [EditedBy], [Status]) VALUES (6, 1, N'Pirojpur', N'???????? ', N'79  ', NULL, NULL, NULL, NULL, 1)
INSERT [dbo].[District] ([Id], [DivisionId], [DistrictNameEng], [DistrictNameBng], [BBSCode], [CreateDate], [CreatedBy], [EditDate], [EditedBy], [Status]) VALUES (7, 2, N'Bandarban', N'?????????', N'03  ', NULL, NULL, NULL, NULL, 1)
INSERT [dbo].[District] ([Id], [DivisionId], [DistrictNameEng], [DistrictNameBng], [BBSCode], [CreateDate], [CreatedBy], [EditDate], [EditedBy], [Status]) VALUES (8, 2, N'Brahmanbaria', N'????????????????', N'12  ', NULL, NULL, NULL, NULL, 1)
INSERT [dbo].[District] ([Id], [DivisionId], [DistrictNameEng], [DistrictNameBng], [BBSCode], [CreateDate], [CreatedBy], [EditDate], [EditedBy], [Status]) VALUES (9, 2, N'Chandpur', N'???????', N'13  ', NULL, NULL, NULL, NULL, 1)
INSERT [dbo].[District] ([Id], [DivisionId], [DistrictNameEng], [DistrictNameBng], [BBSCode], [CreateDate], [CreatedBy], [EditDate], [EditedBy], [Status]) VALUES (10, 2, N'Chittagong', N'?????????', N'15  ', NULL, NULL, NULL, NULL, 1)
INSERT [dbo].[District] ([Id], [DivisionId], [DistrictNameEng], [DistrictNameBng], [BBSCode], [CreateDate], [CreatedBy], [EditDate], [EditedBy], [Status]) VALUES (11, 2, N'Comilla', N'????????', N'19  ', NULL, NULL, NULL, NULL, 1)
INSERT [dbo].[District] ([Id], [DivisionId], [DistrictNameEng], [DistrictNameBng], [BBSCode], [CreateDate], [CreatedBy], [EditDate], [EditedBy], [Status]) VALUES (12, 2, N'Cox''s Bazar', N'????????? ', N'22  ', NULL, NULL, NULL, NULL, 1)
INSERT [dbo].[District] ([Id], [DivisionId], [DistrictNameEng], [DistrictNameBng], [BBSCode], [CreateDate], [CreatedBy], [EditDate], [EditedBy], [Status]) VALUES (13, 2, N'Feni', N'????', N'30  ', NULL, NULL, NULL, NULL, 1)
INSERT [dbo].[District] ([Id], [DivisionId], [DistrictNameEng], [DistrictNameBng], [BBSCode], [CreateDate], [CreatedBy], [EditDate], [EditedBy], [Status]) VALUES (14, 2, N'Khagrachhari', N'????????', N'46  ', NULL, NULL, NULL, NULL, 1)
INSERT [dbo].[District] ([Id], [DivisionId], [DistrictNameEng], [DistrictNameBng], [BBSCode], [CreateDate], [CreatedBy], [EditDate], [EditedBy], [Status]) VALUES (15, 2, N'Lakshmipur', N'??????????', N'51  ', NULL, NULL, NULL, NULL, 1)
INSERT [dbo].[District] ([Id], [DivisionId], [DistrictNameEng], [DistrictNameBng], [BBSCode], [CreateDate], [CreatedBy], [EditDate], [EditedBy], [Status]) VALUES (16, 2, N'Noakhali', N'?????????', N'75  ', NULL, NULL, NULL, NULL, 1)
INSERT [dbo].[District] ([Id], [DivisionId], [DistrictNameEng], [DistrictNameBng], [BBSCode], [CreateDate], [CreatedBy], [EditDate], [EditedBy], [Status]) VALUES (17, 2, N'Rangamati', N'??????????', N'84  ', NULL, NULL, NULL, NULL, 1)
INSERT [dbo].[District] ([Id], [DivisionId], [DistrictNameEng], [DistrictNameBng], [BBSCode], [CreateDate], [CreatedBy], [EditDate], [EditedBy], [Status]) VALUES (18, 3, N'Dhaka', N'???? ', N'26  ', NULL, NULL, NULL, NULL, 1)
INSERT [dbo].[District] ([Id], [DivisionId], [DistrictNameEng], [DistrictNameBng], [BBSCode], [CreateDate], [CreatedBy], [EditDate], [EditedBy], [Status]) VALUES (19, 3, N'Faridpur', N'??????? ', N'29  ', NULL, NULL, NULL, NULL, 1)
INSERT [dbo].[District] ([Id], [DivisionId], [DistrictNameEng], [DistrictNameBng], [BBSCode], [CreateDate], [CreatedBy], [EditDate], [EditedBy], [Status]) VALUES (20, 3, N'Gazipur', N'??????? ', N'33  ', NULL, NULL, NULL, NULL, 1)
INSERT [dbo].[District] ([Id], [DivisionId], [DistrictNameEng], [DistrictNameBng], [BBSCode], [CreateDate], [CreatedBy], [EditDate], [EditedBy], [Status]) VALUES (21, 3, N'Gopalganj', N'?????????', N'35  ', NULL, NULL, NULL, NULL, 1)
INSERT [dbo].[District] ([Id], [DivisionId], [DistrictNameEng], [DistrictNameBng], [BBSCode], [CreateDate], [CreatedBy], [EditDate], [EditedBy], [Status]) VALUES (22, 9, N'Jamalpur', N'???????? ', N'39  ', NULL, NULL, NULL, NULL, 1)
INSERT [dbo].[District] ([Id], [DivisionId], [DistrictNameEng], [DistrictNameBng], [BBSCode], [CreateDate], [CreatedBy], [EditDate], [EditedBy], [Status]) VALUES (23, 3, N'Kishoregonj', N'????????? ', N'48  ', NULL, NULL, NULL, NULL, 1)
INSERT [dbo].[District] ([Id], [DivisionId], [DistrictNameEng], [DistrictNameBng], [BBSCode], [CreateDate], [CreatedBy], [EditDate], [EditedBy], [Status]) VALUES (24, 3, N'Madaripur', N'????????? ', N'54  ', NULL, NULL, NULL, NULL, 1)
INSERT [dbo].[District] ([Id], [DivisionId], [DistrictNameEng], [DistrictNameBng], [BBSCode], [CreateDate], [CreatedBy], [EditDate], [EditedBy], [Status]) VALUES (25, 3, N'Manikganj', N'????????? ', N'56  ', NULL, NULL, NULL, NULL, 1)
INSERT [dbo].[District] ([Id], [DivisionId], [DistrictNameEng], [DistrictNameBng], [BBSCode], [CreateDate], [CreatedBy], [EditDate], [EditedBy], [Status]) VALUES (26, 3, N'Munshiganj', N'?????????? ', N'59  ', NULL, NULL, NULL, NULL, 1)
INSERT [dbo].[District] ([Id], [DivisionId], [DistrictNameEng], [DistrictNameBng], [BBSCode], [CreateDate], [CreatedBy], [EditDate], [EditedBy], [Status]) VALUES (27, 9, N'Mymensingh', N'???????? ', N'61  ', NULL, NULL, NULL, NULL, 1)
INSERT [dbo].[District] ([Id], [DivisionId], [DistrictNameEng], [DistrictNameBng], [BBSCode], [CreateDate], [CreatedBy], [EditDate], [EditedBy], [Status]) VALUES (28, 3, N'Narayanganj', N'?????????? ', N'67  ', NULL, NULL, NULL, NULL, 1)
INSERT [dbo].[District] ([Id], [DivisionId], [DistrictNameEng], [DistrictNameBng], [BBSCode], [CreateDate], [CreatedBy], [EditDate], [EditedBy], [Status]) VALUES (29, 3, N'Narsingdi', N'??????? ', N'68  ', NULL, NULL, NULL, NULL, 1)
INSERT [dbo].[District] ([Id], [DivisionId], [DistrictNameEng], [DistrictNameBng], [BBSCode], [CreateDate], [CreatedBy], [EditDate], [EditedBy], [Status]) VALUES (30, 9, N'Netrakona', N'????????? ', N'72  ', NULL, NULL, NULL, NULL, 1)
INSERT [dbo].[District] ([Id], [DivisionId], [DistrictNameEng], [DistrictNameBng], [BBSCode], [CreateDate], [CreatedBy], [EditDate], [EditedBy], [Status]) VALUES (31, 3, N'Rajbari', N'??????? ', N'82  ', NULL, NULL, NULL, NULL, 1)
INSERT [dbo].[District] ([Id], [DivisionId], [DistrictNameEng], [DistrictNameBng], [BBSCode], [CreateDate], [CreatedBy], [EditDate], [EditedBy], [Status]) VALUES (32, 3, N'Shariatpur', N'?????????  ', N'86  ', NULL, NULL, NULL, NULL, 1)
INSERT [dbo].[District] ([Id], [DivisionId], [DistrictNameEng], [DistrictNameBng], [BBSCode], [CreateDate], [CreatedBy], [EditDate], [EditedBy], [Status]) VALUES (33, 9, N'Sherpur', N'?????? ', N'89  ', NULL, NULL, NULL, NULL, 1)
INSERT [dbo].[District] ([Id], [DivisionId], [DistrictNameEng], [DistrictNameBng], [BBSCode], [CreateDate], [CreatedBy], [EditDate], [EditedBy], [Status]) VALUES (34, 3, N'Tangail', N'???????? ', N'93  ', NULL, NULL, NULL, NULL, 1)
INSERT [dbo].[District] ([Id], [DivisionId], [DistrictNameEng], [DistrictNameBng], [BBSCode], [CreateDate], [CreatedBy], [EditDate], [EditedBy], [Status]) VALUES (35, 4, N'Bagerhat', N'????????', N'01  ', NULL, NULL, NULL, NULL, 1)
INSERT [dbo].[District] ([Id], [DivisionId], [DistrictNameEng], [DistrictNameBng], [BBSCode], [CreateDate], [CreatedBy], [EditDate], [EditedBy], [Status]) VALUES (36, 4, N'Chuadanga', N'?????????? ', N'18  ', NULL, NULL, NULL, NULL, 1)
INSERT [dbo].[District] ([Id], [DivisionId], [DistrictNameEng], [DistrictNameBng], [BBSCode], [CreateDate], [CreatedBy], [EditDate], [EditedBy], [Status]) VALUES (37, 4, N'Jessore', N'???? ', N'41  ', NULL, NULL, NULL, NULL, 1)
INSERT [dbo].[District] ([Id], [DivisionId], [DistrictNameEng], [DistrictNameBng], [BBSCode], [CreateDate], [CreatedBy], [EditDate], [EditedBy], [Status]) VALUES (38, 4, N'Jhenaidah', N'??????? ', N'44  ', NULL, NULL, NULL, NULL, 1)
INSERT [dbo].[District] ([Id], [DivisionId], [DistrictNameEng], [DistrictNameBng], [BBSCode], [CreateDate], [CreatedBy], [EditDate], [EditedBy], [Status]) VALUES (39, 4, N'Khulna', N'????? ', N'47  ', NULL, NULL, NULL, NULL, 1)
INSERT [dbo].[District] ([Id], [DivisionId], [DistrictNameEng], [DistrictNameBng], [BBSCode], [CreateDate], [CreatedBy], [EditDate], [EditedBy], [Status]) VALUES (40, 4, N'Kushtia', N'???????? ', N'50  ', NULL, NULL, NULL, NULL, 1)
INSERT [dbo].[District] ([Id], [DivisionId], [DistrictNameEng], [DistrictNameBng], [BBSCode], [CreateDate], [CreatedBy], [EditDate], [EditedBy], [Status]) VALUES (41, 4, N'Magura', N'??????', N'55  ', NULL, NULL, NULL, NULL, 1)
INSERT [dbo].[District] ([Id], [DivisionId], [DistrictNameEng], [DistrictNameBng], [BBSCode], [CreateDate], [CreatedBy], [EditDate], [EditedBy], [Status]) VALUES (42, 4, N'Meherpur', N'???????? ', N'57  ', NULL, NULL, NULL, NULL, 1)
INSERT [dbo].[District] ([Id], [DivisionId], [DistrictNameEng], [DistrictNameBng], [BBSCode], [CreateDate], [CreatedBy], [EditDate], [EditedBy], [Status]) VALUES (43, 4, N'Narail', N'?????? ', N'65  ', NULL, NULL, NULL, NULL, 1)
INSERT [dbo].[District] ([Id], [DivisionId], [DistrictNameEng], [DistrictNameBng], [BBSCode], [CreateDate], [CreatedBy], [EditDate], [EditedBy], [Status]) VALUES (44, 4, N'Satkhira', N'????????? ', N'87  ', NULL, NULL, NULL, NULL, 1)
INSERT [dbo].[District] ([Id], [DivisionId], [DistrictNameEng], [DistrictNameBng], [BBSCode], [CreateDate], [CreatedBy], [EditDate], [EditedBy], [Status]) VALUES (45, 5, N'Bogra', N'????? ', N'10  ', NULL, NULL, NULL, NULL, 1)
INSERT [dbo].[District] ([Id], [DivisionId], [DistrictNameEng], [DistrictNameBng], [BBSCode], [CreateDate], [CreatedBy], [EditDate], [EditedBy], [Status]) VALUES (46, 5, N'Joypurhat', N'????????', N'38  ', NULL, NULL, NULL, NULL, 1)
INSERT [dbo].[District] ([Id], [DivisionId], [DistrictNameEng], [DistrictNameBng], [BBSCode], [CreateDate], [CreatedBy], [EditDate], [EditedBy], [Status]) VALUES (47, 5, N'Naogaon', N'????? ', N'64  ', NULL, NULL, NULL, NULL, 1)
INSERT [dbo].[District] ([Id], [DivisionId], [DistrictNameEng], [DistrictNameBng], [BBSCode], [CreateDate], [CreatedBy], [EditDate], [EditedBy], [Status]) VALUES (48, 5, N'Natore', N'????? ', N'69  ', NULL, NULL, NULL, NULL, 1)
INSERT [dbo].[District] ([Id], [DivisionId], [DistrictNameEng], [DistrictNameBng], [BBSCode], [CreateDate], [CreatedBy], [EditDate], [EditedBy], [Status]) VALUES (49, 5, N'Chapai Nababganj', N'?????? ????????? ', N'70  ', NULL, NULL, NULL, NULL, 1)
INSERT [dbo].[District] ([Id], [DivisionId], [DistrictNameEng], [DistrictNameBng], [BBSCode], [CreateDate], [CreatedBy], [EditDate], [EditedBy], [Status]) VALUES (50, 5, N'Pabna', N'?????', N'76  ', NULL, NULL, NULL, NULL, 1)
INSERT [dbo].[District] ([Id], [DivisionId], [DistrictNameEng], [DistrictNameBng], [BBSCode], [CreateDate], [CreatedBy], [EditDate], [EditedBy], [Status]) VALUES (51, 5, N'Rajshahi', N'??????? ', N'81  ', NULL, NULL, NULL, NULL, 1)
INSERT [dbo].[District] ([Id], [DivisionId], [DistrictNameEng], [DistrictNameBng], [BBSCode], [CreateDate], [CreatedBy], [EditDate], [EditedBy], [Status]) VALUES (52, 5, N'Sirajganj', N'?????????', N'88  ', NULL, NULL, NULL, NULL, 1)
INSERT [dbo].[District] ([Id], [DivisionId], [DistrictNameEng], [DistrictNameBng], [BBSCode], [CreateDate], [CreatedBy], [EditDate], [EditedBy], [Status]) VALUES (53, 6, N'Dinajpur', N'???????? ', N'27  ', NULL, NULL, NULL, NULL, 1)
INSERT [dbo].[District] ([Id], [DivisionId], [DistrictNameEng], [DistrictNameBng], [BBSCode], [CreateDate], [CreatedBy], [EditDate], [EditedBy], [Status]) VALUES (54, 6, N'Gaibandha', N'????????? ', N'32  ', NULL, NULL, NULL, NULL, 1)
INSERT [dbo].[District] ([Id], [DivisionId], [DistrictNameEng], [DistrictNameBng], [BBSCode], [CreateDate], [CreatedBy], [EditDate], [EditedBy], [Status]) VALUES (55, 6, N'Kurigram', N'????????? ', N'49  ', NULL, NULL, NULL, NULL, 1)
INSERT [dbo].[District] ([Id], [DivisionId], [DistrictNameEng], [DistrictNameBng], [BBSCode], [CreateDate], [CreatedBy], [EditDate], [EditedBy], [Status]) VALUES (56, 6, N'Lalmonirhat', N'?????????? ', N'52  ', NULL, NULL, NULL, NULL, 1)
INSERT [dbo].[District] ([Id], [DivisionId], [DistrictNameEng], [DistrictNameBng], [BBSCode], [CreateDate], [CreatedBy], [EditDate], [EditedBy], [Status]) VALUES (57, 6, N'Nilphamari', N'?????????', N'73  ', NULL, NULL, NULL, NULL, 1)
INSERT [dbo].[District] ([Id], [DivisionId], [DistrictNameEng], [DistrictNameBng], [BBSCode], [CreateDate], [CreatedBy], [EditDate], [EditedBy], [Status]) VALUES (58, 6, N'Panchagarh', N'??????? ', N'77  ', NULL, NULL, NULL, NULL, 1)
INSERT [dbo].[District] ([Id], [DivisionId], [DistrictNameEng], [DistrictNameBng], [BBSCode], [CreateDate], [CreatedBy], [EditDate], [EditedBy], [Status]) VALUES (59, 6, N'Rangpur', N'????? ', N'85  ', NULL, NULL, NULL, NULL, 1)
INSERT [dbo].[District] ([Id], [DivisionId], [DistrictNameEng], [DistrictNameBng], [BBSCode], [CreateDate], [CreatedBy], [EditDate], [EditedBy], [Status]) VALUES (60, 6, N'Thakurgaon', N'?????????', N'94  ', NULL, NULL, NULL, NULL, 1)
INSERT [dbo].[District] ([Id], [DivisionId], [DistrictNameEng], [DistrictNameBng], [BBSCode], [CreateDate], [CreatedBy], [EditDate], [EditedBy], [Status]) VALUES (61, 7, N'Habiganj', N'??????? ', N'36  ', NULL, NULL, NULL, NULL, 1)
INSERT [dbo].[District] ([Id], [DivisionId], [DistrictNameEng], [DistrictNameBng], [BBSCode], [CreateDate], [CreatedBy], [EditDate], [EditedBy], [Status]) VALUES (62, 7, N'Maulvibazar', N'?????????? ', N'58  ', NULL, NULL, NULL, NULL, 1)
INSERT [dbo].[District] ([Id], [DivisionId], [DistrictNameEng], [DistrictNameBng], [BBSCode], [CreateDate], [CreatedBy], [EditDate], [EditedBy], [Status]) VALUES (63, 7, N'Sunamganj', N'????????? ', N'90  ', NULL, NULL, NULL, NULL, 1)
INSERT [dbo].[District] ([Id], [DivisionId], [DistrictNameEng], [DistrictNameBng], [BBSCode], [CreateDate], [CreatedBy], [EditDate], [EditedBy], [Status]) VALUES (64, 7, N'Sylhet', N'?????', N'91  ', NULL, NULL, NULL, NULL, 1)
SET IDENTITY_INSERT [dbo].[District] OFF
SET IDENTITY_INSERT [dbo].[Thana] ON 

INSERT [dbo].[Thana] ([Id], [ThanaNameEng], [ThanaNameBng], [BBSCode], [DistrictId], [CreateDate], [CreatedBy], [EditDate], [EditedBy], [Status]) VALUES (1, N'Bagerhat Sadar', N'???????? ???', N'8', 35, NULL, NULL, NULL, NULL, 1)
INSERT [dbo].[Thana] ([Id], [ThanaNameEng], [ThanaNameBng], [BBSCode], [DistrictId], [CreateDate], [CreatedBy], [EditDate], [EditedBy], [Status]) VALUES (2, N'Chitalmari', N'????????', N'14', 35, NULL, NULL, NULL, NULL, 1)
INSERT [dbo].[Thana] ([Id], [ThanaNameEng], [ThanaNameBng], [BBSCode], [DistrictId], [CreateDate], [CreatedBy], [EditDate], [EditedBy], [Status]) VALUES (3, N'Fakirhat', N'???????', N'34', 35, NULL, NULL, NULL, NULL, 1)
INSERT [dbo].[Thana] ([Id], [ThanaNameEng], [ThanaNameBng], [BBSCode], [DistrictId], [CreateDate], [CreatedBy], [EditDate], [EditedBy], [Status]) VALUES (4, N'Kachua', N'?????', N'38', 35, NULL, NULL, NULL, NULL, 1)
INSERT [dbo].[Thana] ([Id], [ThanaNameEng], [ThanaNameBng], [BBSCode], [DistrictId], [CreateDate], [CreatedBy], [EditDate], [EditedBy], [Status]) VALUES (5, N'Mollahat', N'?????????', N'56', 35, NULL, NULL, NULL, NULL, 1)
INSERT [dbo].[Thana] ([Id], [ThanaNameEng], [ThanaNameBng], [BBSCode], [DistrictId], [CreateDate], [CreatedBy], [EditDate], [EditedBy], [Status]) VALUES (6, N'Mongla', N'?????', N'58', 35, NULL, NULL, NULL, NULL, 1)
INSERT [dbo].[Thana] ([Id], [ThanaNameEng], [ThanaNameBng], [BBSCode], [DistrictId], [CreateDate], [CreatedBy], [EditDate], [EditedBy], [Status]) VALUES (7, N'Morrelganj', N'????????', N'60', 35, NULL, NULL, NULL, NULL, 1)
INSERT [dbo].[Thana] ([Id], [ThanaNameEng], [ThanaNameBng], [BBSCode], [DistrictId], [CreateDate], [CreatedBy], [EditDate], [EditedBy], [Status]) VALUES (8, N'Rampal', N'??????', N'73', 35, NULL, NULL, NULL, NULL, 1)
INSERT [dbo].[Thana] ([Id], [ThanaNameEng], [ThanaNameBng], [BBSCode], [DistrictId], [CreateDate], [CreatedBy], [EditDate], [EditedBy], [Status]) VALUES (9, N'Sarankhola', N'???????', N'77', 35, NULL, NULL, NULL, NULL, 1)
INSERT [dbo].[Thana] ([Id], [ThanaNameEng], [ThanaNameBng], [BBSCode], [DistrictId], [CreateDate], [CreatedBy], [EditDate], [EditedBy], [Status]) VALUES (10, N'Alikadam', N'??????', N'4', 7, NULL, NULL, NULL, NULL, 1)
INSERT [dbo].[Thana] ([Id], [ThanaNameEng], [ThanaNameBng], [BBSCode], [DistrictId], [CreateDate], [CreatedBy], [EditDate], [EditedBy], [Status]) VALUES (11, N'Bandarban Sadar', N'????????? ???', N'14', 7, NULL, NULL, NULL, NULL, 1)
INSERT [dbo].[Thana] ([Id], [ThanaNameEng], [ThanaNameBng], [BBSCode], [DistrictId], [CreateDate], [CreatedBy], [EditDate], [EditedBy], [Status]) VALUES (12, N'Lama', N'????', N'51', 7, NULL, NULL, NULL, NULL, 1)
INSERT [dbo].[Thana] ([Id], [ThanaNameEng], [ThanaNameBng], [BBSCode], [DistrictId], [CreateDate], [CreatedBy], [EditDate], [EditedBy], [Status]) VALUES (13, N'Naikhongchhari', N'????????????', N'73', 7, NULL, NULL, NULL, NULL, 1)
INSERT [dbo].[Thana] ([Id], [ThanaNameEng], [ThanaNameBng], [BBSCode], [DistrictId], [CreateDate], [CreatedBy], [EditDate], [EditedBy], [Status]) VALUES (14, N'Rowangchhari', N'????????', N'89', 7, NULL, NULL, NULL, NULL, 1)
INSERT [dbo].[Thana] ([Id], [ThanaNameEng], [ThanaNameBng], [BBSCode], [DistrictId], [CreateDate], [CreatedBy], [EditDate], [EditedBy], [Status]) VALUES (15, N'Ruma', N'????', N'91', 7, NULL, NULL, NULL, NULL, 1)
INSERT [dbo].[Thana] ([Id], [ThanaNameEng], [ThanaNameBng], [BBSCode], [DistrictId], [CreateDate], [CreatedBy], [EditDate], [EditedBy], [Status]) VALUES (16, N'Thanchi', N'???????', N'95', 7, NULL, NULL, NULL, NULL, 1)
INSERT [dbo].[Thana] ([Id], [ThanaNameEng], [ThanaNameBng], [BBSCode], [DistrictId], [CreateDate], [CreatedBy], [EditDate], [EditedBy], [Status]) VALUES (17, N'Amtali', N'?????', N'9', 1, NULL, NULL, NULL, NULL, 1)
INSERT [dbo].[Thana] ([Id], [ThanaNameEng], [ThanaNameBng], [BBSCode], [DistrictId], [CreateDate], [CreatedBy], [EditDate], [EditedBy], [Status]) VALUES (18, N'Bamna', N'?????', N'19', 1, NULL, NULL, NULL, NULL, 1)
INSERT [dbo].[Thana] ([Id], [ThanaNameEng], [ThanaNameBng], [BBSCode], [DistrictId], [CreateDate], [CreatedBy], [EditDate], [EditedBy], [Status]) VALUES (19, N'Barguna Sadar', N'?????? ???', N'28', 1, NULL, NULL, NULL, NULL, 1)
INSERT [dbo].[Thana] ([Id], [ThanaNameEng], [ThanaNameBng], [BBSCode], [DistrictId], [CreateDate], [CreatedBy], [EditDate], [EditedBy], [Status]) VALUES (20, N'Betagi', N'??????', N'47', 1, NULL, NULL, NULL, NULL, 1)
INSERT [dbo].[Thana] ([Id], [ThanaNameEng], [ThanaNameBng], [BBSCode], [DistrictId], [CreateDate], [CreatedBy], [EditDate], [EditedBy], [Status]) VALUES (21, N'Patharghata', N'????????', N'85', 1, NULL, NULL, NULL, NULL, 1)
INSERT [dbo].[Thana] ([Id], [ThanaNameEng], [ThanaNameBng], [BBSCode], [DistrictId], [CreateDate], [CreatedBy], [EditDate], [EditedBy], [Status]) VALUES (22, N'Taltali', N'??????', N'90', 1, NULL, NULL, NULL, NULL, 1)
INSERT [dbo].[Thana] ([Id], [ThanaNameEng], [ThanaNameBng], [BBSCode], [DistrictId], [CreateDate], [CreatedBy], [EditDate], [EditedBy], [Status]) VALUES (23, N'Agailjhara', N'????????', N'2', 2, NULL, NULL, NULL, NULL, 1)
INSERT [dbo].[Thana] ([Id], [ThanaNameEng], [ThanaNameBng], [BBSCode], [DistrictId], [CreateDate], [CreatedBy], [EditDate], [EditedBy], [Status]) VALUES (24, N'Babuganj', N'????????', N'3', 2, NULL, NULL, NULL, NULL, 1)
INSERT [dbo].[Thana] ([Id], [ThanaNameEng], [ThanaNameBng], [BBSCode], [DistrictId], [CreateDate], [CreatedBy], [EditDate], [EditedBy], [Status]) VALUES (25, N'Bakerganj', N'?????????', N'7', 2, NULL, NULL, NULL, NULL, 1)
INSERT [dbo].[Thana] ([Id], [ThanaNameEng], [ThanaNameBng], [BBSCode], [DistrictId], [CreateDate], [CreatedBy], [EditDate], [EditedBy], [Status]) VALUES (26, N'Banari Para', N'?????? ????', N'10', 2, NULL, NULL, NULL, NULL, 1)
INSERT [dbo].[Thana] ([Id], [ThanaNameEng], [ThanaNameBng], [BBSCode], [DistrictId], [CreateDate], [CreatedBy], [EditDate], [EditedBy], [Status]) VALUES (27, N'Gaurnadi', N'??????', N'32', 2, NULL, NULL, NULL, NULL, 1)
INSERT [dbo].[Thana] ([Id], [ThanaNameEng], [ThanaNameBng], [BBSCode], [DistrictId], [CreateDate], [CreatedBy], [EditDate], [EditedBy], [Status]) VALUES (28, N'Hizla', N'?????', N'36', 2, NULL, NULL, NULL, NULL, 1)
INSERT [dbo].[Thana] ([Id], [ThanaNameEng], [ThanaNameBng], [BBSCode], [DistrictId], [CreateDate], [CreatedBy], [EditDate], [EditedBy], [Status]) VALUES (29, N'Barisal Sadar (Kotwali)', N'?????? ???', N'51', 2, NULL, NULL, NULL, NULL, 1)
INSERT [dbo].[Thana] ([Id], [ThanaNameEng], [ThanaNameBng], [BBSCode], [DistrictId], [CreateDate], [CreatedBy], [EditDate], [EditedBy], [Status]) VALUES (30, N'Mehendiganj', N'????????????', N'62', 2, NULL, NULL, NULL, NULL, 1)
INSERT [dbo].[Thana] ([Id], [ThanaNameEng], [ThanaNameBng], [BBSCode], [DistrictId], [CreateDate], [CreatedBy], [EditDate], [EditedBy], [Status]) VALUES (31, N'Muladi', N'??????', N'69', 2, NULL, NULL, NULL, NULL, 1)
INSERT [dbo].[Thana] ([Id], [ThanaNameEng], [ThanaNameBng], [BBSCode], [DistrictId], [CreateDate], [CreatedBy], [EditDate], [EditedBy], [Status]) VALUES (32, N'Wazirpur', N'???????', N'94', 2, NULL, NULL, NULL, NULL, 1)
INSERT [dbo].[Thana] ([Id], [ThanaNameEng], [ThanaNameBng], [BBSCode], [DistrictId], [CreateDate], [CreatedBy], [EditDate], [EditedBy], [Status]) VALUES (33, N'Bhola Sadar', N'???? ???', N'18', 3, NULL, NULL, NULL, NULL, 1)
INSERT [dbo].[Thana] ([Id], [ThanaNameEng], [ThanaNameBng], [BBSCode], [DistrictId], [CreateDate], [CreatedBy], [EditDate], [EditedBy], [Status]) VALUES (34, N'Burhanuddin', N'????????????', N'21', 3, NULL, NULL, NULL, NULL, 1)
INSERT [dbo].[Thana] ([Id], [ThanaNameEng], [ThanaNameBng], [BBSCode], [DistrictId], [CreateDate], [CreatedBy], [EditDate], [EditedBy], [Status]) VALUES (35, N'Char Fasson', N'????????', N'25', 3, NULL, NULL, NULL, NULL, 1)
INSERT [dbo].[Thana] ([Id], [ThanaNameEng], [ThanaNameBng], [BBSCode], [DistrictId], [CreateDate], [CreatedBy], [EditDate], [EditedBy], [Status]) VALUES (36, N'Daulat Khan', N'???? ???', N'29', 3, NULL, NULL, NULL, NULL, 1)
INSERT [dbo].[Thana] ([Id], [ThanaNameEng], [ThanaNameBng], [BBSCode], [DistrictId], [CreateDate], [CreatedBy], [EditDate], [EditedBy], [Status]) VALUES (37, N'Lalmohan', N'???????', N'54', 3, NULL, NULL, NULL, NULL, 1)
INSERT [dbo].[Thana] ([Id], [ThanaNameEng], [ThanaNameBng], [BBSCode], [DistrictId], [CreateDate], [CreatedBy], [EditDate], [EditedBy], [Status]) VALUES (38, N'Manpura', N'??????', N'65', 3, NULL, NULL, NULL, NULL, 1)
INSERT [dbo].[Thana] ([Id], [ThanaNameEng], [ThanaNameBng], [BBSCode], [DistrictId], [CreateDate], [CreatedBy], [EditDate], [EditedBy], [Status]) VALUES (39, N'Tazumuddin', N'??????????', N'91', 3, NULL, NULL, NULL, NULL, 1)
INSERT [dbo].[Thana] ([Id], [ThanaNameEng], [ThanaNameBng], [BBSCode], [DistrictId], [CreateDate], [CreatedBy], [EditDate], [EditedBy], [Status]) VALUES (40, N'Adamdighi', N'???????', N'6', 45, NULL, NULL, NULL, NULL, 1)
INSERT [dbo].[Thana] ([Id], [ThanaNameEng], [ThanaNameBng], [BBSCode], [DistrictId], [CreateDate], [CreatedBy], [EditDate], [EditedBy], [Status]) VALUES (41, N'Bogra Sadar', N'????? ???', N'20', 45, NULL, NULL, NULL, NULL, 1)
INSERT [dbo].[Thana] ([Id], [ThanaNameEng], [ThanaNameBng], [BBSCode], [DistrictId], [CreateDate], [CreatedBy], [EditDate], [EditedBy], [Status]) VALUES (42, N'Dhunat', N'????', N'27', 45, NULL, NULL, NULL, NULL, 1)
INSERT [dbo].[Thana] ([Id], [ThanaNameEng], [ThanaNameBng], [BBSCode], [DistrictId], [CreateDate], [CreatedBy], [EditDate], [EditedBy], [Status]) VALUES (43, N'Dhupchanchia', N'??????????', N'33', 45, NULL, NULL, NULL, NULL, 1)
INSERT [dbo].[Thana] ([Id], [ThanaNameEng], [ThanaNameBng], [BBSCode], [DistrictId], [CreateDate], [CreatedBy], [EditDate], [EditedBy], [Status]) VALUES (44, N'Gabtali', N'??????', N'40', 45, NULL, NULL, NULL, NULL, 1)
INSERT [dbo].[Thana] ([Id], [ThanaNameEng], [ThanaNameBng], [BBSCode], [DistrictId], [CreateDate], [CreatedBy], [EditDate], [EditedBy], [Status]) VALUES (45, N'Kahaloo', N'??????', N'54', 45, NULL, NULL, NULL, NULL, 1)
INSERT [dbo].[Thana] ([Id], [ThanaNameEng], [ThanaNameBng], [BBSCode], [DistrictId], [CreateDate], [CreatedBy], [EditDate], [EditedBy], [Status]) VALUES (46, N'Nandigram', N'??????????', N'67', 45, NULL, NULL, NULL, NULL, 1)
INSERT [dbo].[Thana] ([Id], [ThanaNameEng], [ThanaNameBng], [BBSCode], [DistrictId], [CreateDate], [CreatedBy], [EditDate], [EditedBy], [Status]) VALUES (47, N'Sariakandi', N'????????????', N'81', 45, NULL, NULL, NULL, NULL, 1)
INSERT [dbo].[Thana] ([Id], [ThanaNameEng], [ThanaNameBng], [BBSCode], [DistrictId], [CreateDate], [CreatedBy], [EditDate], [EditedBy], [Status]) VALUES (48, N'Shajahanpur', N'???????????', N'85', 45, NULL, NULL, NULL, NULL, 1)
INSERT [dbo].[Thana] ([Id], [ThanaNameEng], [ThanaNameBng], [BBSCode], [DistrictId], [CreateDate], [CreatedBy], [EditDate], [EditedBy], [Status]) VALUES (49, N'Sherpur', N'??????', N'88', 45, NULL, NULL, NULL, NULL, 1)
INSERT [dbo].[Thana] ([Id], [ThanaNameEng], [ThanaNameBng], [BBSCode], [DistrictId], [CreateDate], [CreatedBy], [EditDate], [EditedBy], [Status]) VALUES (50, N'Shibganj', N'?????????', N'94', 45, NULL, NULL, NULL, NULL, 1)
INSERT [dbo].[Thana] ([Id], [ThanaNameEng], [ThanaNameBng], [BBSCode], [DistrictId], [CreateDate], [CreatedBy], [EditDate], [EditedBy], [Status]) VALUES (51, N'Sonatola', N'???????', N'95', 45, NULL, NULL, NULL, NULL, 1)
INSERT [dbo].[Thana] ([Id], [ThanaNameEng], [ThanaNameBng], [BBSCode], [DistrictId], [CreateDate], [CreatedBy], [EditDate], [EditedBy], [Status]) VALUES (52, N'Akhaura', N'??????', N'2', 8, NULL, NULL, NULL, NULL, 1)
INSERT [dbo].[Thana] ([Id], [ThanaNameEng], [ThanaNameBng], [BBSCode], [DistrictId], [CreateDate], [CreatedBy], [EditDate], [EditedBy], [Status]) VALUES (53, N'Banchharampur', N'????????????', N'4', 8, NULL, NULL, NULL, NULL, 1)
INSERT [dbo].[Thana] ([Id], [ThanaNameEng], [ThanaNameBng], [BBSCode], [DistrictId], [CreateDate], [CreatedBy], [EditDate], [EditedBy], [Status]) VALUES (54, N'Bijoynagar', N'???????', N'7', 8, NULL, NULL, NULL, NULL, 1)
INSERT [dbo].[Thana] ([Id], [ThanaNameEng], [ThanaNameBng], [BBSCode], [DistrictId], [CreateDate], [CreatedBy], [EditDate], [EditedBy], [Status]) VALUES (55, N'Brahmanbaria Sadar', N'???????????????? ???', N'13', 8, NULL, NULL, NULL, NULL, 1)
INSERT [dbo].[Thana] ([Id], [ThanaNameEng], [ThanaNameBng], [BBSCode], [DistrictId], [CreateDate], [CreatedBy], [EditDate], [EditedBy], [Status]) VALUES (56, N'Ashuganj', N'???????', N'33', 8, NULL, NULL, NULL, NULL, 1)
INSERT [dbo].[Thana] ([Id], [ThanaNameEng], [ThanaNameBng], [BBSCode], [DistrictId], [CreateDate], [CreatedBy], [EditDate], [EditedBy], [Status]) VALUES (57, N'Kasba', N'??????', N'63', 8, NULL, NULL, NULL, NULL, 1)
INSERT [dbo].[Thana] ([Id], [ThanaNameEng], [ThanaNameBng], [BBSCode], [DistrictId], [CreateDate], [CreatedBy], [EditDate], [EditedBy], [Status]) VALUES (58, N'Nabinagar', N'??????', N'85', 8, NULL, NULL, NULL, NULL, 1)
INSERT [dbo].[Thana] ([Id], [ThanaNameEng], [ThanaNameBng], [BBSCode], [DistrictId], [CreateDate], [CreatedBy], [EditDate], [EditedBy], [Status]) VALUES (59, N'Nasirnagar', N'????????', N'90', 8, NULL, NULL, NULL, NULL, 1)
INSERT [dbo].[Thana] ([Id], [ThanaNameEng], [ThanaNameBng], [BBSCode], [DistrictId], [CreateDate], [CreatedBy], [EditDate], [EditedBy], [Status]) VALUES (60, N'Sarail', N'?????', N'94', 8, NULL, NULL, NULL, NULL, 1)
INSERT [dbo].[Thana] ([Id], [ThanaNameEng], [ThanaNameBng], [BBSCode], [DistrictId], [CreateDate], [CreatedBy], [EditDate], [EditedBy], [Status]) VALUES (61, N'Chandpur Sadar', N'??????? ???', N'22', 9, NULL, NULL, NULL, NULL, 1)
INSERT [dbo].[Thana] ([Id], [ThanaNameEng], [ThanaNameBng], [BBSCode], [DistrictId], [CreateDate], [CreatedBy], [EditDate], [EditedBy], [Status]) VALUES (62, N'Faridganj', N'????????', N'45', 9, NULL, NULL, NULL, NULL, 1)
INSERT [dbo].[Thana] ([Id], [ThanaNameEng], [ThanaNameBng], [BBSCode], [DistrictId], [CreateDate], [CreatedBy], [EditDate], [EditedBy], [Status]) VALUES (63, N'Haim Char', N'??????', N'47', 9, NULL, NULL, NULL, NULL, 1)
INSERT [dbo].[Thana] ([Id], [ThanaNameEng], [ThanaNameBng], [BBSCode], [DistrictId], [CreateDate], [CreatedBy], [EditDate], [EditedBy], [Status]) VALUES (64, N'Hajiganj', N'????????', N'49', 9, NULL, NULL, NULL, NULL, 1)
INSERT [dbo].[Thana] ([Id], [ThanaNameEng], [ThanaNameBng], [BBSCode], [DistrictId], [CreateDate], [CreatedBy], [EditDate], [EditedBy], [Status]) VALUES (65, N'Kachua', N'?????', N'58', 9, NULL, NULL, NULL, NULL, 1)
INSERT [dbo].[Thana] ([Id], [ThanaNameEng], [ThanaNameBng], [BBSCode], [DistrictId], [CreateDate], [CreatedBy], [EditDate], [EditedBy], [Status]) VALUES (66, N'Matlab Dakshin', N'???? ??????', N'76', 9, NULL, NULL, NULL, NULL, 1)
INSERT [dbo].[Thana] ([Id], [ThanaNameEng], [ThanaNameBng], [BBSCode], [DistrictId], [CreateDate], [CreatedBy], [EditDate], [EditedBy], [Status]) VALUES (67, N'Matlab Uttar', N'???? ?????', N'79', 9, NULL, NULL, NULL, NULL, 1)
INSERT [dbo].[Thana] ([Id], [ThanaNameEng], [ThanaNameBng], [BBSCode], [DistrictId], [CreateDate], [CreatedBy], [EditDate], [EditedBy], [Status]) VALUES (68, N'Shahrasti', N'?????????', N'95', 9, NULL, NULL, NULL, NULL, 1)
INSERT [dbo].[Thana] ([Id], [ThanaNameEng], [ThanaNameBng], [BBSCode], [DistrictId], [CreateDate], [CreatedBy], [EditDate], [EditedBy], [Status]) VALUES (69, N'Anowara', N'???????', N'4', 10, NULL, NULL, NULL, NULL, 1)
INSERT [dbo].[Thana] ([Id], [ThanaNameEng], [ThanaNameBng], [BBSCode], [DistrictId], [CreateDate], [CreatedBy], [EditDate], [EditedBy], [Status]) VALUES (70, N'Bayejid Bostami', N'?????? ????????', N'6', 10, NULL, NULL, NULL, NULL, 1)
INSERT [dbo].[Thana] ([Id], [ThanaNameEng], [ThanaNameBng], [BBSCode], [DistrictId], [CreateDate], [CreatedBy], [EditDate], [EditedBy], [Status]) VALUES (71, N'Banshkhali', N'????????', N'8', 10, NULL, NULL, NULL, NULL, 1)
INSERT [dbo].[Thana] ([Id], [ThanaNameEng], [ThanaNameBng], [BBSCode], [DistrictId], [CreateDate], [CreatedBy], [EditDate], [EditedBy], [Status]) VALUES (72, N'Bakalia', N'???????', N'10', 10, NULL, NULL, NULL, NULL, 1)
INSERT [dbo].[Thana] ([Id], [ThanaNameEng], [ThanaNameBng], [BBSCode], [DistrictId], [CreateDate], [CreatedBy], [EditDate], [EditedBy], [Status]) VALUES (73, N'Boalkhali', N'?????????', N'12', 10, NULL, NULL, NULL, NULL, 1)
INSERT [dbo].[Thana] ([Id], [ThanaNameEng], [ThanaNameBng], [BBSCode], [DistrictId], [CreateDate], [CreatedBy], [EditDate], [EditedBy], [Status]) VALUES (74, N'Chandanaish', N'????????', N'18', 10, NULL, NULL, NULL, NULL, 1)
INSERT [dbo].[Thana] ([Id], [ThanaNameEng], [ThanaNameBng], [BBSCode], [DistrictId], [CreateDate], [CreatedBy], [EditDate], [EditedBy], [Status]) VALUES (75, N'Chandgaon', N'???????', N'19', 10, NULL, NULL, NULL, NULL, 1)
INSERT [dbo].[Thana] ([Id], [ThanaNameEng], [ThanaNameBng], [BBSCode], [DistrictId], [CreateDate], [CreatedBy], [EditDate], [EditedBy], [Status]) VALUES (76, N'Chittagong Port', N'????????? ?????', N'20', 10, NULL, NULL, NULL, NULL, 1)
INSERT [dbo].[Thana] ([Id], [ThanaNameEng], [ThanaNameBng], [BBSCode], [DistrictId], [CreateDate], [CreatedBy], [EditDate], [EditedBy], [Status]) VALUES (77, N'Double Mooring', N'????????', N'28', 10, NULL, NULL, NULL, NULL, 1)
INSERT [dbo].[Thana] ([Id], [ThanaNameEng], [ThanaNameBng], [BBSCode], [DistrictId], [CreateDate], [CreatedBy], [EditDate], [EditedBy], [Status]) VALUES (78, N'Karnafuli (Police Station)', N'???????? (????? ??????)', N'39', 10, NULL, NULL, NULL, NULL, 1)
INSERT [dbo].[Thana] ([Id], [ThanaNameEng], [ThanaNameBng], [BBSCode], [DistrictId], [CreateDate], [CreatedBy], [EditDate], [EditedBy], [Status]) VALUES (79, N'Fatikchhari', N'???????', N'33', 10, NULL, NULL, NULL, NULL, 1)
INSERT [dbo].[Thana] ([Id], [ThanaNameEng], [ThanaNameBng], [BBSCode], [DistrictId], [CreateDate], [CreatedBy], [EditDate], [EditedBy], [Status]) VALUES (80, N'Halishahar', N'???????', N'35', 10, NULL, NULL, NULL, NULL, 1)
INSERT [dbo].[Thana] ([Id], [ThanaNameEng], [ThanaNameBng], [BBSCode], [DistrictId], [CreateDate], [CreatedBy], [EditDate], [EditedBy], [Status]) VALUES (81, N'Hathazari', N'?????????', N'37', 10, NULL, NULL, NULL, NULL, 1)
INSERT [dbo].[Thana] ([Id], [ThanaNameEng], [ThanaNameBng], [BBSCode], [DistrictId], [CreateDate], [CreatedBy], [EditDate], [EditedBy], [Status]) VALUES (82, N'Kotwali', N'???????', N'41', 10, NULL, NULL, NULL, NULL, 1)
INSERT [dbo].[Thana] ([Id], [ThanaNameEng], [ThanaNameBng], [BBSCode], [DistrictId], [CreateDate], [CreatedBy], [EditDate], [EditedBy], [Status]) VALUES (83, N'Khulshi', N'???????', N'43', 10, NULL, NULL, NULL, NULL, 1)
INSERT [dbo].[Thana] ([Id], [ThanaNameEng], [ThanaNameBng], [BBSCode], [DistrictId], [CreateDate], [CreatedBy], [EditDate], [EditedBy], [Status]) VALUES (84, N'Lohagara', N'???????', N'47', 10, NULL, NULL, NULL, NULL, 1)
INSERT [dbo].[Thana] ([Id], [ThanaNameEng], [ThanaNameBng], [BBSCode], [DistrictId], [CreateDate], [CreatedBy], [EditDate], [EditedBy], [Status]) VALUES (85, N'Mirsharai', N'???????', N'53', 10, NULL, NULL, NULL, NULL, 1)
INSERT [dbo].[Thana] ([Id], [ThanaNameEng], [ThanaNameBng], [BBSCode], [DistrictId], [CreateDate], [CreatedBy], [EditDate], [EditedBy], [Status]) VALUES (86, N'Pahartali', N'????????', N'55', 10, NULL, NULL, NULL, NULL, 1)
INSERT [dbo].[Thana] ([Id], [ThanaNameEng], [ThanaNameBng], [BBSCode], [DistrictId], [CreateDate], [CreatedBy], [EditDate], [EditedBy], [Status]) VALUES (87, N'Panchlaish', N'????????', N'57', 10, NULL, NULL, NULL, NULL, 1)
INSERT [dbo].[Thana] ([Id], [ThanaNameEng], [ThanaNameBng], [BBSCode], [DistrictId], [CreateDate], [CreatedBy], [EditDate], [EditedBy], [Status]) VALUES (88, N'Patiya', N'?????', N'61', 10, NULL, NULL, NULL, NULL, 1)
INSERT [dbo].[Thana] ([Id], [ThanaNameEng], [ThanaNameBng], [BBSCode], [DistrictId], [CreateDate], [CreatedBy], [EditDate], [EditedBy], [Status]) VALUES (89, N'Patenga', N'???????', N'65', 10, NULL, NULL, NULL, NULL, 1)
INSERT [dbo].[Thana] ([Id], [ThanaNameEng], [ThanaNameBng], [BBSCode], [DistrictId], [CreateDate], [CreatedBy], [EditDate], [EditedBy], [Status]) VALUES (90, N'Rangunia', N'?????????', N'70', 10, NULL, NULL, NULL, NULL, 1)
INSERT [dbo].[Thana] ([Id], [ThanaNameEng], [ThanaNameBng], [BBSCode], [DistrictId], [CreateDate], [CreatedBy], [EditDate], [EditedBy], [Status]) VALUES (91, N'Raozan', N'??????', N'74', 10, NULL, NULL, NULL, NULL, 1)
INSERT [dbo].[Thana] ([Id], [ThanaNameEng], [ThanaNameBng], [BBSCode], [DistrictId], [CreateDate], [CreatedBy], [EditDate], [EditedBy], [Status]) VALUES (92, N'Sandwip', N'????????', N'78', 10, NULL, NULL, NULL, NULL, 1)
INSERT [dbo].[Thana] ([Id], [ThanaNameEng], [ThanaNameBng], [BBSCode], [DistrictId], [CreateDate], [CreatedBy], [EditDate], [EditedBy], [Status]) VALUES (93, N'Satkania', N'?????????', N'82', 10, NULL, NULL, NULL, NULL, 1)
INSERT [dbo].[Thana] ([Id], [ThanaNameEng], [ThanaNameBng], [BBSCode], [DistrictId], [CreateDate], [CreatedBy], [EditDate], [EditedBy], [Status]) VALUES (94, N'Sitakunda', N'?????????', N'86', 10, NULL, NULL, NULL, NULL, 1)
INSERT [dbo].[Thana] ([Id], [ThanaNameEng], [ThanaNameBng], [BBSCode], [DistrictId], [CreateDate], [CreatedBy], [EditDate], [EditedBy], [Status]) VALUES (95, N'Alamdanga', N'????????', N'7', 36, NULL, NULL, NULL, NULL, 1)
INSERT [dbo].[Thana] ([Id], [ThanaNameEng], [ThanaNameBng], [BBSCode], [DistrictId], [CreateDate], [CreatedBy], [EditDate], [EditedBy], [Status]) VALUES (96, N'Chuadanga Sadar', N'?????????? ???', N'23', 36, NULL, NULL, NULL, NULL, 1)
INSERT [dbo].[Thana] ([Id], [ThanaNameEng], [ThanaNameBng], [BBSCode], [DistrictId], [CreateDate], [CreatedBy], [EditDate], [EditedBy], [Status]) VALUES (97, N'Damurhuda', N'?????????', N'31', 36, NULL, NULL, NULL, NULL, 1)
INSERT [dbo].[Thana] ([Id], [ThanaNameEng], [ThanaNameBng], [BBSCode], [DistrictId], [CreateDate], [CreatedBy], [EditDate], [EditedBy], [Status]) VALUES (98, N'Jiban Nagar', N'???? ???', N'55', 36, NULL, NULL, NULL, NULL, 1)
INSERT [dbo].[Thana] ([Id], [ThanaNameEng], [ThanaNameBng], [BBSCode], [DistrictId], [CreateDate], [CreatedBy], [EditDate], [EditedBy], [Status]) VALUES (99, N'Barura', N'?????', N'9', 11, NULL, NULL, NULL, NULL, 1)

INSERT [dbo].[Thana] ([Id], [ThanaNameEng], [ThanaNameBng], [BBSCode], [DistrictId], [CreateDate], [CreatedBy], [EditDate], [EditedBy], [Status]) VALUES (100, N'Brahman Para', N'?????????? ????', N'15', 11, NULL, NULL, NULL, NULL, 1)
INSERT [dbo].[Thana] ([Id], [ThanaNameEng], [ThanaNameBng], [BBSCode], [DistrictId], [CreateDate], [CreatedBy], [EditDate], [EditedBy], [Status]) VALUES (101, N'Burichang', N'??????', N'18', 11, NULL, NULL, NULL, NULL, 1)
INSERT [dbo].[Thana] ([Id], [ThanaNameEng], [ThanaNameBng], [BBSCode], [DistrictId], [CreateDate], [CreatedBy], [EditDate], [EditedBy], [Status]) VALUES (102, N'Chandina', N'???????', N'27', 11, NULL, NULL, NULL, NULL, 1)
INSERT [dbo].[Thana] ([Id], [ThanaNameEng], [ThanaNameBng], [BBSCode], [DistrictId], [CreateDate], [CreatedBy], [EditDate], [EditedBy], [Status]) VALUES (103, N'Chauddagram', N'??????????', N'31', 11, NULL, NULL, NULL, NULL, 1)
INSERT [dbo].[Thana] ([Id], [ThanaNameEng], [ThanaNameBng], [BBSCode], [DistrictId], [CreateDate], [CreatedBy], [EditDate], [EditedBy], [Status]) VALUES (104, N'Comilla Sadar Dakshin', N'???????? ??? ??????', N'33', 11, NULL, NULL, NULL, NULL, 1)
INSERT [dbo].[Thana] ([Id], [ThanaNameEng], [ThanaNameBng], [BBSCode], [DistrictId], [CreateDate], [CreatedBy], [EditDate], [EditedBy], [Status]) VALUES (105, N'Daudkandi', N'??????????', N'36', 11, NULL, NULL, NULL, NULL, 1)
INSERT [dbo].[Thana] ([Id], [ThanaNameEng], [ThanaNameBng], [BBSCode], [DistrictId], [CreateDate], [CreatedBy], [EditDate], [EditedBy], [Status]) VALUES (106, N'Debidwar', N'?????????', N'40', 11, NULL, NULL, NULL, NULL, 1)
INSERT [dbo].[Thana] ([Id], [ThanaNameEng], [ThanaNameBng], [BBSCode], [DistrictId], [CreateDate], [CreatedBy], [EditDate], [EditedBy], [Status]) VALUES (107, N'Homna', N'?????', N'54', 11, NULL, NULL, NULL, NULL, 1)
INSERT [dbo].[Thana] ([Id], [ThanaNameEng], [ThanaNameBng], [BBSCode], [DistrictId], [CreateDate], [CreatedBy], [EditDate], [EditedBy], [Status]) VALUES (108, N'Comilla Adarsha Sadar', N'???????? ????? ???', N'67', 11, NULL, NULL, NULL, NULL, 1)
INSERT [dbo].[Thana] ([Id], [ThanaNameEng], [ThanaNameBng], [BBSCode], [DistrictId], [CreateDate], [CreatedBy], [EditDate], [EditedBy], [Status]) VALUES (109, N'Laksam', N'??????', N'72', 11, NULL, NULL, NULL, NULL, 1)
INSERT [dbo].[Thana] ([Id], [ThanaNameEng], [ThanaNameBng], [BBSCode], [DistrictId], [CreateDate], [CreatedBy], [EditDate], [EditedBy], [Status]) VALUES (110, N'Manoharganj', N'?????????', N'74', 11, NULL, NULL, NULL, NULL, 1)
INSERT [dbo].[Thana] ([Id], [ThanaNameEng], [ThanaNameBng], [BBSCode], [DistrictId], [CreateDate], [CreatedBy], [EditDate], [EditedBy], [Status]) VALUES (111, N'Meghna', N'?????', N'75', 11, NULL, NULL, NULL, NULL, 1)
INSERT [dbo].[Thana] ([Id], [ThanaNameEng], [ThanaNameBng], [BBSCode], [DistrictId], [CreateDate], [CreatedBy], [EditDate], [EditedBy], [Status]) VALUES (112, N'Muradnagar', N'????????', N'81', 11, NULL, NULL, NULL, NULL, 1)
INSERT [dbo].[Thana] ([Id], [ThanaNameEng], [ThanaNameBng], [BBSCode], [DistrictId], [CreateDate], [CreatedBy], [EditDate], [EditedBy], [Status]) VALUES (113, N'Nangalkot', N'?????????', N'87', 11, NULL, NULL, NULL, NULL, 1)
INSERT [dbo].[Thana] ([Id], [ThanaNameEng], [ThanaNameBng], [BBSCode], [DistrictId], [CreateDate], [CreatedBy], [EditDate], [EditedBy], [Status]) VALUES (114, N'Titas', N'?????', N'94', 11, NULL, NULL, NULL, NULL, 1)
INSERT [dbo].[Thana] ([Id], [ThanaNameEng], [ThanaNameBng], [BBSCode], [DistrictId], [CreateDate], [CreatedBy], [EditDate], [EditedBy], [Status]) VALUES (115, N'Chakaria', N'??????', N'16', 12, NULL, NULL, NULL, NULL, 1)
INSERT [dbo].[Thana] ([Id], [ThanaNameEng], [ThanaNameBng], [BBSCode], [DistrictId], [CreateDate], [CreatedBy], [EditDate], [EditedBy], [Status]) VALUES (116, N'Cox''s Bazar Sadar', N'????????? ???', N'24', 12, NULL, NULL, NULL, NULL, 1)
INSERT [dbo].[Thana] ([Id], [ThanaNameEng], [ThanaNameBng], [BBSCode], [DistrictId], [CreateDate], [CreatedBy], [EditDate], [EditedBy], [Status]) VALUES (117, N'Kutubdia', N'?????????', N'45', 12, NULL, NULL, NULL, NULL, 1)
INSERT [dbo].[Thana] ([Id], [ThanaNameEng], [ThanaNameBng], [BBSCode], [DistrictId], [CreateDate], [CreatedBy], [EditDate], [EditedBy], [Status]) VALUES (118, N'Maheshkhali', N'????????', N'49', 12, NULL, NULL, NULL, NULL, 1)
INSERT [dbo].[Thana] ([Id], [ThanaNameEng], [ThanaNameBng], [BBSCode], [DistrictId], [CreateDate], [CreatedBy], [EditDate], [EditedBy], [Status]) VALUES (119, N'Pekua', N'??????', N'56', 12, NULL, NULL, NULL, NULL, 1)
INSERT [dbo].[Thana] ([Id], [ThanaNameEng], [ThanaNameBng], [BBSCode], [DistrictId], [CreateDate], [CreatedBy], [EditDate], [EditedBy], [Status]) VALUES (120, N'Ramu', N'????', N'66', 12, NULL, NULL, NULL, NULL, 1)
INSERT [dbo].[Thana] ([Id], [ThanaNameEng], [ThanaNameBng], [BBSCode], [DistrictId], [CreateDate], [CreatedBy], [EditDate], [EditedBy], [Status]) VALUES (121, N'Teknaf', N'????????', N'90', 12, NULL, NULL, NULL, NULL, 1)
INSERT [dbo].[Thana] ([Id], [ThanaNameEng], [ThanaNameBng], [BBSCode], [DistrictId], [CreateDate], [CreatedBy], [EditDate], [EditedBy], [Status]) VALUES (122, N'Ukhia', N'?????', N'94', 12, NULL, NULL, NULL, NULL, 1)
INSERT [dbo].[Thana] ([Id], [ThanaNameEng], [ThanaNameBng], [BBSCode], [DistrictId], [CreateDate], [CreatedBy], [EditDate], [EditedBy], [Status]) VALUES (123, N'Adabor', N'?????', N'2', 18, NULL, NULL, NULL, NULL, 1)
INSERT [dbo].[Thana] ([Id], [ThanaNameEng], [ThanaNameBng], [BBSCode], [DistrictId], [CreateDate], [CreatedBy], [EditDate], [EditedBy], [Status]) VALUES (124, N'Badda', N'??????', N'4', 18, NULL, NULL, NULL, NULL, 1)
INSERT [dbo].[Thana] ([Id], [ThanaNameEng], [ThanaNameBng], [BBSCode], [DistrictId], [CreateDate], [CreatedBy], [EditDate], [EditedBy], [Status]) VALUES (125, N'Bangshal', N'?????', N'5', 18, NULL, NULL, NULL, NULL, 1)
INSERT [dbo].[Thana] ([Id], [ThanaNameEng], [ThanaNameBng], [BBSCode], [DistrictId], [CreateDate], [CreatedBy], [EditDate], [EditedBy], [Status]) VALUES (126, N'Biman Bandar', N'????? ?????', N'6', 18, NULL, NULL, NULL, NULL, 1)
INSERT [dbo].[Thana] ([Id], [ThanaNameEng], [ThanaNameBng], [BBSCode], [DistrictId], [CreateDate], [CreatedBy], [EditDate], [EditedBy], [Status]) VALUES (127, N'Banani', N'', N'7', 18, NULL, NULL, NULL, NULL, 1)
INSERT [dbo].[Thana] ([Id], [ThanaNameEng], [ThanaNameBng], [BBSCode], [DistrictId], [CreateDate], [CreatedBy], [EditDate], [EditedBy], [Status]) VALUES (128, N'Cantonment', N'?????????????', N'8', 18, NULL, NULL, NULL, NULL, 1)
INSERT [dbo].[Thana] ([Id], [ThanaNameEng], [ThanaNameBng], [BBSCode], [DistrictId], [CreateDate], [CreatedBy], [EditDate], [EditedBy], [Status]) VALUES (129, N'Chak Bazar', N'?? ?????', N'9', 18, NULL, NULL, NULL, NULL, 1)
INSERT [dbo].[Thana] ([Id], [ThanaNameEng], [ThanaNameBng], [BBSCode], [DistrictId], [CreateDate], [CreatedBy], [EditDate], [EditedBy], [Status]) VALUES (130, N'Dakshinkhan', N'?????????', N'10', 18, NULL, NULL, NULL, NULL, 1)
INSERT [dbo].[Thana] ([Id], [ThanaNameEng], [ThanaNameBng], [BBSCode], [DistrictId], [CreateDate], [CreatedBy], [EditDate], [EditedBy], [Status]) VALUES (131, N'Darus Salam', N'????? ?????', N'11', 18, NULL, NULL, NULL, NULL, 1)
INSERT [dbo].[Thana] ([Id], [ThanaNameEng], [ThanaNameBng], [BBSCode], [DistrictId], [CreateDate], [CreatedBy], [EditDate], [EditedBy], [Status]) VALUES (132, N'Demra', N'?????', N'12', 18, NULL, NULL, NULL, NULL, 1)
INSERT [dbo].[Thana] ([Id], [ThanaNameEng], [ThanaNameBng], [BBSCode], [DistrictId], [CreateDate], [CreatedBy], [EditDate], [EditedBy], [Status]) VALUES (133, N'Dhanmondi', N'????????', N'16', 18, NULL, NULL, NULL, NULL, 1)
INSERT [dbo].[Thana] ([Id], [ThanaNameEng], [ThanaNameBng], [BBSCode], [DistrictId], [CreateDate], [CreatedBy], [EditDate], [EditedBy], [Status]) VALUES (134, N'Hazaribagh', N'?????????', N'28', 18, NULL, NULL, NULL, NULL, 1)
INSERT [dbo].[Thana] ([Id], [ThanaNameEng], [ThanaNameBng], [BBSCode], [DistrictId], [CreateDate], [CreatedBy], [EditDate], [EditedBy], [Status]) VALUES (135, N'Dhamrai', N'??????', N'14', 18, NULL, NULL, NULL, NULL, 1)
INSERT [dbo].[Thana] ([Id], [ThanaNameEng], [ThanaNameBng], [BBSCode], [DistrictId], [CreateDate], [CreatedBy], [EditDate], [EditedBy], [Status]) VALUES (136, N'Dohar', N'?????', N'18', 18, NULL, NULL, NULL, NULL, 1)
INSERT [dbo].[Thana] ([Id], [ThanaNameEng], [ThanaNameBng], [BBSCode], [DistrictId], [CreateDate], [CreatedBy], [EditDate], [EditedBy], [Status]) VALUES (137, N'Bhasan Tek', N'', N'21', 18, NULL, NULL, NULL, NULL, 1)
INSERT [dbo].[Thana] ([Id], [ThanaNameEng], [ThanaNameBng], [BBSCode], [DistrictId], [CreateDate], [CreatedBy], [EditDate], [EditedBy], [Status]) VALUES (138, N'Bhatara', N'', N'22', 18, NULL, NULL, NULL, NULL, 1)
INSERT [dbo].[Thana] ([Id], [ThanaNameEng], [ThanaNameBng], [BBSCode], [DistrictId], [CreateDate], [CreatedBy], [EditDate], [EditedBy], [Status]) VALUES (139, N'Gendaria', N'??????????', N'24', 18, NULL, NULL, NULL, NULL, 1)
INSERT [dbo].[Thana] ([Id], [ThanaNameEng], [ThanaNameBng], [BBSCode], [DistrictId], [CreateDate], [CreatedBy], [EditDate], [EditedBy], [Status]) VALUES (140, N'Gulshan', N'??????', N'26', 18, NULL, NULL, NULL, NULL, 1)
INSERT [dbo].[Thana] ([Id], [ThanaNameEng], [ThanaNameBng], [BBSCode], [DistrictId], [CreateDate], [CreatedBy], [EditDate], [EditedBy], [Status]) VALUES (141, N'Jatrabari', N'??????????', N'29', 18, NULL, NULL, NULL, NULL, 1)
INSERT [dbo].[Thana] ([Id], [ThanaNameEng], [ThanaNameBng], [BBSCode], [DistrictId], [CreateDate], [CreatedBy], [EditDate], [EditedBy], [Status]) VALUES (142, N'Kafrul', N'??????', N'30', 18, NULL, NULL, NULL, NULL, 1)
INSERT [dbo].[Thana] ([Id], [ThanaNameEng], [ThanaNameBng], [BBSCode], [DistrictId], [CreateDate], [CreatedBy], [EditDate], [EditedBy], [Status]) VALUES (143, N'Kadamtali', N'??????', N'32', 18, NULL, NULL, NULL, NULL, 1)
INSERT [dbo].[Thana] ([Id], [ThanaNameEng], [ThanaNameBng], [BBSCode], [DistrictId], [CreateDate], [CreatedBy], [EditDate], [EditedBy], [Status]) VALUES (144, N'Kalabagan', N'????????', N'33', 18, NULL, NULL, NULL, NULL, 1)
INSERT [dbo].[Thana] ([Id], [ThanaNameEng], [ThanaNameBng], [BBSCode], [DistrictId], [CreateDate], [CreatedBy], [EditDate], [EditedBy], [Status]) VALUES (145, N'Kamrangir Char', N'?????????? ??', N'34', 18, NULL, NULL, NULL, NULL, 1)
INSERT [dbo].[Thana] ([Id], [ThanaNameEng], [ThanaNameBng], [BBSCode], [DistrictId], [CreateDate], [CreatedBy], [EditDate], [EditedBy], [Status]) VALUES (146, N'Khilgaon', N'??????', N'36', 18, NULL, NULL, NULL, NULL, 1)
INSERT [dbo].[Thana] ([Id], [ThanaNameEng], [ThanaNameBng], [BBSCode], [DistrictId], [CreateDate], [CreatedBy], [EditDate], [EditedBy], [Status]) VALUES (147, N'Khilkhet', N'????????', N'37', 18, NULL, NULL, NULL, NULL, 1)
INSERT [dbo].[Thana] ([Id], [ThanaNameEng], [ThanaNameBng], [BBSCode], [DistrictId], [CreateDate], [CreatedBy], [EditDate], [EditedBy], [Status]) VALUES (148, N'Keraniganj', N'??????????', N'38', 18, NULL, NULL, NULL, NULL, 1)
INSERT [dbo].[Thana] ([Id], [ThanaNameEng], [ThanaNameBng], [BBSCode], [DistrictId], [CreateDate], [CreatedBy], [EditDate], [EditedBy], [Status]) VALUES (149, N'Kotwali', N'???????', N'40', 18, NULL, NULL, NULL, NULL, 1)
INSERT [dbo].[Thana] ([Id], [ThanaNameEng], [ThanaNameBng], [BBSCode], [DistrictId], [CreateDate], [CreatedBy], [EditDate], [EditedBy], [Status]) VALUES (150, N'Lalbagh', N'??????', N'42', 18, NULL, NULL, NULL, NULL, 1)
INSERT [dbo].[Thana] ([Id], [ThanaNameEng], [ThanaNameBng], [BBSCode], [DistrictId], [CreateDate], [CreatedBy], [EditDate], [EditedBy], [Status]) VALUES (151, N'Mohammadpur', N'???????????', N'50', 18, NULL, NULL, NULL, NULL, 1)
INSERT [dbo].[Thana] ([Id], [ThanaNameEng], [ThanaNameBng], [BBSCode], [DistrictId], [CreateDate], [CreatedBy], [EditDate], [EditedBy], [Status]) VALUES (152, N'Ramna', N'????', N'66', 18, NULL, NULL, NULL, NULL, 1)
INSERT [dbo].[Thana] ([Id], [ThanaNameEng], [ThanaNameBng], [BBSCode], [DistrictId], [CreateDate], [CreatedBy], [EditDate], [EditedBy], [Status]) VALUES (153, N'Mirpur', N'??????', N'48', 18, NULL, NULL, NULL, NULL, 1)
INSERT [dbo].[Thana] ([Id], [ThanaNameEng], [ThanaNameBng], [BBSCode], [DistrictId], [CreateDate], [CreatedBy], [EditDate], [EditedBy], [Status]) VALUES (154, N'Motijheel', N'??????', N'54', 18, NULL, NULL, NULL, NULL, 1)
INSERT [dbo].[Thana] ([Id], [ThanaNameEng], [ThanaNameBng], [BBSCode], [DistrictId], [CreateDate], [CreatedBy], [EditDate], [EditedBy], [Status]) VALUES (155, N'Mugda Para', N'', N'57', 18, NULL, NULL, NULL, NULL, 1)
INSERT [dbo].[Thana] ([Id], [ThanaNameEng], [ThanaNameBng], [BBSCode], [DistrictId], [CreateDate], [CreatedBy], [EditDate], [EditedBy], [Status]) VALUES (156, N'Nawabganj', N'????????', N'62', 18, NULL, NULL, NULL, NULL, 1)
INSERT [dbo].[Thana] ([Id], [ThanaNameEng], [ThanaNameBng], [BBSCode], [DistrictId], [CreateDate], [CreatedBy], [EditDate], [EditedBy], [Status]) VALUES (157, N'New Market', N'??? ???????', N'63', 18, NULL, NULL, NULL, NULL, 1)
INSERT [dbo].[Thana] ([Id], [ThanaNameEng], [ThanaNameBng], [BBSCode], [DistrictId], [CreateDate], [CreatedBy], [EditDate], [EditedBy], [Status]) VALUES (158, N'Pallabi', N'??????', N'64', 18, NULL, NULL, NULL, NULL, 1)
INSERT [dbo].[Thana] ([Id], [ThanaNameEng], [ThanaNameBng], [BBSCode], [DistrictId], [CreateDate], [CreatedBy], [EditDate], [EditedBy], [Status]) VALUES (159, N'Paltan', N'?????', N'65', 18, NULL, NULL, NULL, NULL, 1)
INSERT [dbo].[Thana] ([Id], [ThanaNameEng], [ThanaNameBng], [BBSCode], [DistrictId], [CreateDate], [CreatedBy], [EditDate], [EditedBy], [Status]) VALUES (160, N'Rampura', N'???????', N'67', 18, NULL, NULL, NULL, NULL, 1)
INSERT [dbo].[Thana] ([Id], [ThanaNameEng], [ThanaNameBng], [BBSCode], [DistrictId], [CreateDate], [CreatedBy], [EditDate], [EditedBy], [Status]) VALUES (161, N'Sabujbagh', N'???????', N'68', 18, NULL, NULL, NULL, NULL, 1)
INSERT [dbo].[Thana] ([Id], [ThanaNameEng], [ThanaNameBng], [BBSCode], [DistrictId], [CreateDate], [CreatedBy], [EditDate], [EditedBy], [Status]) VALUES (162, N'Rupnagar', N'', N'70', 18, NULL, NULL, NULL, NULL, 1)
INSERT [dbo].[Thana] ([Id], [ThanaNameEng], [ThanaNameBng], [BBSCode], [DistrictId], [CreateDate], [CreatedBy], [EditDate], [EditedBy], [Status]) VALUES (163, N'Savar', N'?????', N'72', 18, NULL, NULL, NULL, NULL, 1)
INSERT [dbo].[Thana] ([Id], [ThanaNameEng], [ThanaNameBng], [BBSCode], [DistrictId], [CreateDate], [CreatedBy], [EditDate], [EditedBy], [Status]) VALUES (164, N'Shahjahanpur', N'', N'73', 18, NULL, NULL, NULL, NULL, 1)
INSERT [dbo].[Thana] ([Id], [ThanaNameEng], [ThanaNameBng], [BBSCode], [DistrictId], [CreateDate], [CreatedBy], [EditDate], [EditedBy], [Status]) VALUES (165, N'Shah Ali', N'????? ???', N'74', 18, NULL, NULL, NULL, NULL, 1)
INSERT [dbo].[Thana] ([Id], [ThanaNameEng], [ThanaNameBng], [BBSCode], [DistrictId], [CreateDate], [CreatedBy], [EditDate], [EditedBy], [Status]) VALUES (166, N'Shahbagh', N'??????', N'75', 18, NULL, NULL, NULL, NULL, 1)
INSERT [dbo].[Thana] ([Id], [ThanaNameEng], [ThanaNameBng], [BBSCode], [DistrictId], [CreateDate], [CreatedBy], [EditDate], [EditedBy], [Status]) VALUES (167, N'Shyampur', N'????????', N'76', 18, NULL, NULL, NULL, NULL, 1)
INSERT [dbo].[Thana] ([Id], [ThanaNameEng], [ThanaNameBng], [BBSCode], [DistrictId], [CreateDate], [CreatedBy], [EditDate], [EditedBy], [Status]) VALUES (168, N'Sher-E-Bangla Nagar', N'???-?-????? ???', N'80', 18, NULL, NULL, NULL, NULL, 1)
INSERT [dbo].[Thana] ([Id], [ThanaNameEng], [ThanaNameBng], [BBSCode], [DistrictId], [CreateDate], [CreatedBy], [EditDate], [EditedBy], [Status]) VALUES (169, N'Sutrapur', N'?????????', N'88', 18, NULL, NULL, NULL, NULL, 1)
INSERT [dbo].[Thana] ([Id], [ThanaNameEng], [ThanaNameBng], [BBSCode], [DistrictId], [CreateDate], [CreatedBy], [EditDate], [EditedBy], [Status]) VALUES (170, N'Tejgaon', N'???????', N'90', 18, NULL, NULL, NULL, NULL, 1)
INSERT [dbo].[Thana] ([Id], [ThanaNameEng], [ThanaNameBng], [BBSCode], [DistrictId], [CreateDate], [CreatedBy], [EditDate], [EditedBy], [Status]) VALUES (171, N'Tejgaon Ind. Area', N'??????? ????? ?????', N'92', 18, NULL, NULL, NULL, NULL, 1)
INSERT [dbo].[Thana] ([Id], [ThanaNameEng], [ThanaNameBng], [BBSCode], [DistrictId], [CreateDate], [CreatedBy], [EditDate], [EditedBy], [Status]) VALUES (172, N'Turag', N'?????', N'93', 18, NULL, NULL, NULL, NULL, 1)
INSERT [dbo].[Thana] ([Id], [ThanaNameEng], [ThanaNameBng], [BBSCode], [DistrictId], [CreateDate], [CreatedBy], [EditDate], [EditedBy], [Status]) VALUES (173, N'Uttara  Paschim', N'??????', N'94', 18, NULL, NULL, NULL, NULL, 1)
INSERT [dbo].[Thana] ([Id], [ThanaNameEng], [ThanaNameBng], [BBSCode], [DistrictId], [CreateDate], [CreatedBy], [EditDate], [EditedBy], [Status]) VALUES (174, N'Uttara  Purba', N'', N'95', 18, NULL, NULL, NULL, NULL, 1)
INSERT [dbo].[Thana] ([Id], [ThanaNameEng], [ThanaNameBng], [BBSCode], [DistrictId], [CreateDate], [CreatedBy], [EditDate], [EditedBy], [Status]) VALUES (175, N'Uttar Khan', N'????? ???', N'96', 18, NULL, NULL, NULL, NULL, 1)
INSERT [dbo].[Thana] ([Id], [ThanaNameEng], [ThanaNameBng], [BBSCode], [DistrictId], [CreateDate], [CreatedBy], [EditDate], [EditedBy], [Status]) VALUES (176, N'Wari', N'', N'98', 18, NULL, NULL, NULL, NULL, 1)
INSERT [dbo].[Thana] ([Id], [ThanaNameEng], [ThanaNameBng], [BBSCode], [DistrictId], [CreateDate], [CreatedBy], [EditDate], [EditedBy], [Status]) VALUES (177, N'Birampur', N'????????', N'10', 53, NULL, NULL, NULL, NULL, 1)
INSERT [dbo].[Thana] ([Id], [ThanaNameEng], [ThanaNameBng], [BBSCode], [DistrictId], [CreateDate], [CreatedBy], [EditDate], [EditedBy], [Status]) VALUES (178, N'Birganj', N'???????', N'12', 53, NULL, NULL, NULL, NULL, 1)
INSERT [dbo].[Thana] ([Id], [ThanaNameEng], [ThanaNameBng], [BBSCode], [DistrictId], [CreateDate], [CreatedBy], [EditDate], [EditedBy], [Status]) VALUES (179, N'Biral', N'????', N'17', 53, NULL, NULL, NULL, NULL, 1)
INSERT [dbo].[Thana] ([Id], [ThanaNameEng], [ThanaNameBng], [BBSCode], [DistrictId], [CreateDate], [CreatedBy], [EditDate], [EditedBy], [Status]) VALUES (180, N'Bochaganj', N'????????', N'21', 53, NULL, NULL, NULL, NULL, 1)
INSERT [dbo].[Thana] ([Id], [ThanaNameEng], [ThanaNameBng], [BBSCode], [DistrictId], [CreateDate], [CreatedBy], [EditDate], [EditedBy], [Status]) VALUES (181, N'Chirirbandar', N'??????????', N'30', 53, NULL, NULL, NULL, NULL, 1)
INSERT [dbo].[Thana] ([Id], [ThanaNameEng], [ThanaNameBng], [BBSCode], [DistrictId], [CreateDate], [CreatedBy], [EditDate], [EditedBy], [Status]) VALUES (182, N'Fulbari', N'???????', N'38', 53, NULL, NULL, NULL, NULL, 1)
INSERT [dbo].[Thana] ([Id], [ThanaNameEng], [ThanaNameBng], [BBSCode], [DistrictId], [CreateDate], [CreatedBy], [EditDate], [EditedBy], [Status]) VALUES (183, N'Ghoraghat', N'???????', N'43', 53, NULL, NULL, NULL, NULL, 1)
INSERT [dbo].[Thana] ([Id], [ThanaNameEng], [ThanaNameBng], [BBSCode], [DistrictId], [CreateDate], [CreatedBy], [EditDate], [EditedBy], [Status]) VALUES (184, N'Hakimpur', N'????????', N'47', 53, NULL, NULL, NULL, NULL, 1)
INSERT [dbo].[Thana] ([Id], [ThanaNameEng], [ThanaNameBng], [BBSCode], [DistrictId], [CreateDate], [CreatedBy], [EditDate], [EditedBy], [Status]) VALUES (185, N'Kaharole', N'???????', N'56', 53, NULL, NULL, NULL, NULL, 1)
INSERT [dbo].[Thana] ([Id], [ThanaNameEng], [ThanaNameBng], [BBSCode], [DistrictId], [CreateDate], [CreatedBy], [EditDate], [EditedBy], [Status]) VALUES (186, N'Khansama', N'?????????', N'60', 53, NULL, NULL, NULL, NULL, 1)
INSERT [dbo].[Thana] ([Id], [ThanaNameEng], [ThanaNameBng], [BBSCode], [DistrictId], [CreateDate], [CreatedBy], [EditDate], [EditedBy], [Status]) VALUES (187, N'Dinajpur Sadar', N'???????? ???', N'64', 53, NULL, NULL, NULL, NULL, 1)
INSERT [dbo].[Thana] ([Id], [ThanaNameEng], [ThanaNameBng], [BBSCode], [DistrictId], [CreateDate], [CreatedBy], [EditDate], [EditedBy], [Status]) VALUES (188, N'Nawabganj', N'????????', N'69', 53, NULL, NULL, NULL, NULL, 1)
INSERT [dbo].[Thana] ([Id], [ThanaNameEng], [ThanaNameBng], [BBSCode], [DistrictId], [CreateDate], [CreatedBy], [EditDate], [EditedBy], [Status]) VALUES (189, N'Parbatipur', N'??????????', N'77', 53, NULL, NULL, NULL, NULL, 1)
INSERT [dbo].[Thana] ([Id], [ThanaNameEng], [ThanaNameBng], [BBSCode], [DistrictId], [CreateDate], [CreatedBy], [EditDate], [EditedBy], [Status]) VALUES (190, N'Alfadanga', N'????????????', N'3', 19, NULL, NULL, NULL, NULL, 1)
INSERT [dbo].[Thana] ([Id], [ThanaNameEng], [ThanaNameBng], [BBSCode], [DistrictId], [CreateDate], [CreatedBy], [EditDate], [EditedBy], [Status]) VALUES (191, N'Bhanga', N'?????', N'10', 19, NULL, NULL, NULL, NULL, 1)
INSERT [dbo].[Thana] ([Id], [ThanaNameEng], [ThanaNameBng], [BBSCode], [DistrictId], [CreateDate], [CreatedBy], [EditDate], [EditedBy], [Status]) VALUES (192, N'Boalmari', N'?????????', N'18', 19, NULL, NULL, NULL, NULL, 1)
INSERT [dbo].[Thana] ([Id], [ThanaNameEng], [ThanaNameBng], [BBSCode], [DistrictId], [CreateDate], [CreatedBy], [EditDate], [EditedBy], [Status]) VALUES (193, N'Char Bhadrasan', N'?? ???????', N'21', 19, NULL, NULL, NULL, NULL, 1)
INSERT [dbo].[Thana] ([Id], [ThanaNameEng], [ThanaNameBng], [BBSCode], [DistrictId], [CreateDate], [CreatedBy], [EditDate], [EditedBy], [Status]) VALUES (194, N'Faridpur Sadar', N'??????? ???', N'47', 19, NULL, NULL, NULL, NULL, 1)
INSERT [dbo].[Thana] ([Id], [ThanaNameEng], [ThanaNameBng], [BBSCode], [DistrictId], [CreateDate], [CreatedBy], [EditDate], [EditedBy], [Status]) VALUES (195, N'Madhukhali', N'???????', N'56', 19, NULL, NULL, NULL, NULL, 1)
INSERT [dbo].[Thana] ([Id], [ThanaNameEng], [ThanaNameBng], [BBSCode], [DistrictId], [CreateDate], [CreatedBy], [EditDate], [EditedBy], [Status]) VALUES (196, N'Nagarkanda', N'?????????', N'62', 19, NULL, NULL, NULL, NULL, 1)
INSERT [dbo].[Thana] ([Id], [ThanaNameEng], [ThanaNameBng], [BBSCode], [DistrictId], [CreateDate], [CreatedBy], [EditDate], [EditedBy], [Status]) VALUES (197, N'Sadarpur', N'??????', N'84', 19, NULL, NULL, NULL, NULL, 1)
INSERT [dbo].[Thana] ([Id], [ThanaNameEng], [ThanaNameBng], [BBSCode], [DistrictId], [CreateDate], [CreatedBy], [EditDate], [EditedBy], [Status]) VALUES (198, N'Saltha', N'?????', N'90', 19, NULL, NULL, NULL, NULL, 1)
INSERT [dbo].[Thana] ([Id], [ThanaNameEng], [ThanaNameBng], [BBSCode], [DistrictId], [CreateDate], [CreatedBy], [EditDate], [EditedBy], [Status]) VALUES (199, N'Chhagalnaiya', N'?????????', N'14', 13, NULL, NULL, NULL, NULL, 1)

INSERT [dbo].[Thana] ([Id], [ThanaNameEng], [ThanaNameBng], [BBSCode], [DistrictId], [CreateDate], [CreatedBy], [EditDate], [EditedBy], [Status]) VALUES (200, N'Daganbhuiyan', N'?????????', N'25', 13, NULL, NULL, NULL, NULL, 1)
INSERT [dbo].[Thana] ([Id], [ThanaNameEng], [ThanaNameBng], [BBSCode], [DistrictId], [CreateDate], [CreatedBy], [EditDate], [EditedBy], [Status]) VALUES (201, N'Feni Sadar', N'???? ???', N'29', 13, NULL, NULL, NULL, NULL, 1)
INSERT [dbo].[Thana] ([Id], [ThanaNameEng], [ThanaNameBng], [BBSCode], [DistrictId], [CreateDate], [CreatedBy], [EditDate], [EditedBy], [Status]) VALUES (202, N'Fulgazi', N'???????', N'41', 13, NULL, NULL, NULL, NULL, 1)
INSERT [dbo].[Thana] ([Id], [ThanaNameEng], [ThanaNameBng], [BBSCode], [DistrictId], [CreateDate], [CreatedBy], [EditDate], [EditedBy], [Status]) VALUES (203, N'Parshuram', N'???????', N'51', 13, NULL, NULL, NULL, NULL, 1)
INSERT [dbo].[Thana] ([Id], [ThanaNameEng], [ThanaNameBng], [BBSCode], [DistrictId], [CreateDate], [CreatedBy], [EditDate], [EditedBy], [Status]) VALUES (204, N'Sonagazi', N'????????', N'94', 13, NULL, NULL, NULL, NULL, 1)
INSERT [dbo].[Thana] ([Id], [ThanaNameEng], [ThanaNameBng], [BBSCode], [DistrictId], [CreateDate], [CreatedBy], [EditDate], [EditedBy], [Status]) VALUES (205, N'Fulchhari', N'??????', N'21', 54, NULL, NULL, NULL, NULL, 1)
INSERT [dbo].[Thana] ([Id], [ThanaNameEng], [ThanaNameBng], [BBSCode], [DistrictId], [CreateDate], [CreatedBy], [EditDate], [EditedBy], [Status]) VALUES (206, N'Gaibandha Sadar', N'????????? ???', N'24', 54, NULL, NULL, NULL, NULL, 1)
INSERT [dbo].[Thana] ([Id], [ThanaNameEng], [ThanaNameBng], [BBSCode], [DistrictId], [CreateDate], [CreatedBy], [EditDate], [EditedBy], [Status]) VALUES (207, N'Gobindaganj', N'???????????', N'30', 54, NULL, NULL, NULL, NULL, 1)
INSERT [dbo].[Thana] ([Id], [ThanaNameEng], [ThanaNameBng], [BBSCode], [DistrictId], [CreateDate], [CreatedBy], [EditDate], [EditedBy], [Status]) VALUES (208, N'Palashbari', N'????????', N'67', 54, NULL, NULL, NULL, NULL, 1)
INSERT [dbo].[Thana] ([Id], [ThanaNameEng], [ThanaNameBng], [BBSCode], [DistrictId], [CreateDate], [CreatedBy], [EditDate], [EditedBy], [Status]) VALUES (209, N'Sadullapur', N'???????????', N'82', 54, NULL, NULL, NULL, NULL, 1)
INSERT [dbo].[Thana] ([Id], [ThanaNameEng], [ThanaNameBng], [BBSCode], [DistrictId], [CreateDate], [CreatedBy], [EditDate], [EditedBy], [Status]) VALUES (210, N'Saghata', N'??????', N'88', 54, NULL, NULL, NULL, NULL, 1)
INSERT [dbo].[Thana] ([Id], [ThanaNameEng], [ThanaNameBng], [BBSCode], [DistrictId], [CreateDate], [CreatedBy], [EditDate], [EditedBy], [Status]) VALUES (211, N'Sundarganj', N'??????????', N'91', 54, NULL, NULL, NULL, NULL, 1)
INSERT [dbo].[Thana] ([Id], [ThanaNameEng], [ThanaNameBng], [BBSCode], [DistrictId], [CreateDate], [CreatedBy], [EditDate], [EditedBy], [Status]) VALUES (212, N'Gazipur Sadar', N'??????? ???', N'30', 20, NULL, NULL, NULL, NULL, 1)
INSERT [dbo].[Thana] ([Id], [ThanaNameEng], [ThanaNameBng], [BBSCode], [DistrictId], [CreateDate], [CreatedBy], [EditDate], [EditedBy], [Status]) VALUES (213, N'Kaliakair', N'?????????', N'32', 20, NULL, NULL, NULL, NULL, 1)
INSERT [dbo].[Thana] ([Id], [ThanaNameEng], [ThanaNameBng], [BBSCode], [DistrictId], [CreateDate], [CreatedBy], [EditDate], [EditedBy], [Status]) VALUES (214, N'Kaliganj', N'????????', N'34', 20, NULL, NULL, NULL, NULL, 1)
INSERT [dbo].[Thana] ([Id], [ThanaNameEng], [ThanaNameBng], [BBSCode], [DistrictId], [CreateDate], [CreatedBy], [EditDate], [EditedBy], [Status]) VALUES (215, N'Kapasia', N'????????', N'36', 20, NULL, NULL, NULL, NULL, 1)
INSERT [dbo].[Thana] ([Id], [ThanaNameEng], [ThanaNameBng], [BBSCode], [DistrictId], [CreateDate], [CreatedBy], [EditDate], [EditedBy], [Status]) VALUES (216, N'Sreepur', N'???????', N'86', 20, NULL, NULL, NULL, NULL, 1)
INSERT [dbo].[Thana] ([Id], [ThanaNameEng], [ThanaNameBng], [BBSCode], [DistrictId], [CreateDate], [CreatedBy], [EditDate], [EditedBy], [Status]) VALUES (217, N'Gopalganj Sadar', N'????????? ???', N'32', 21, NULL, NULL, NULL, NULL, 1)
INSERT [dbo].[Thana] ([Id], [ThanaNameEng], [ThanaNameBng], [BBSCode], [DistrictId], [CreateDate], [CreatedBy], [EditDate], [EditedBy], [Status]) VALUES (218, N'Kashiani', N'????????', N'43', 21, NULL, NULL, NULL, NULL, 1)
INSERT [dbo].[Thana] ([Id], [ThanaNameEng], [ThanaNameBng], [BBSCode], [DistrictId], [CreateDate], [CreatedBy], [EditDate], [EditedBy], [Status]) VALUES (219, N'Kotalipara', N'??????????', N'51', 21, NULL, NULL, NULL, NULL, 1)
INSERT [dbo].[Thana] ([Id], [ThanaNameEng], [ThanaNameBng], [BBSCode], [DistrictId], [CreateDate], [CreatedBy], [EditDate], [EditedBy], [Status]) VALUES (220, N'Muksudpur', N'?????????', N'58', 21, NULL, NULL, NULL, NULL, 1)
INSERT [dbo].[Thana] ([Id], [ThanaNameEng], [ThanaNameBng], [BBSCode], [DistrictId], [CreateDate], [CreatedBy], [EditDate], [EditedBy], [Status]) VALUES (221, N'Tungipara', N'????????', N'91', 21, NULL, NULL, NULL, NULL, 1)
INSERT [dbo].[Thana] ([Id], [ThanaNameEng], [ThanaNameBng], [BBSCode], [DistrictId], [CreateDate], [CreatedBy], [EditDate], [EditedBy], [Status]) VALUES (222, N'Ajmiriganj', N'??????????', N'2', 61, NULL, NULL, NULL, NULL, 1)
INSERT [dbo].[Thana] ([Id], [ThanaNameEng], [ThanaNameBng], [BBSCode], [DistrictId], [CreateDate], [CreatedBy], [EditDate], [EditedBy], [Status]) VALUES (223, N'Bahubal', N'??????', N'5', 61, NULL, NULL, NULL, NULL, 1)
INSERT [dbo].[Thana] ([Id], [ThanaNameEng], [ThanaNameBng], [BBSCode], [DistrictId], [CreateDate], [CreatedBy], [EditDate], [EditedBy], [Status]) VALUES (224, N'Baniachong', N'????????', N'11', 61, NULL, NULL, NULL, NULL, 1)
INSERT [dbo].[Thana] ([Id], [ThanaNameEng], [ThanaNameBng], [BBSCode], [DistrictId], [CreateDate], [CreatedBy], [EditDate], [EditedBy], [Status]) VALUES (225, N'Chunarughat', N'?????????', N'26', 61, NULL, NULL, NULL, NULL, 1)
INSERT [dbo].[Thana] ([Id], [ThanaNameEng], [ThanaNameBng], [BBSCode], [DistrictId], [CreateDate], [CreatedBy], [EditDate], [EditedBy], [Status]) VALUES (226, N'Habiganj Sadar', N'??????? ???', N'44', 61, NULL, NULL, NULL, NULL, 1)
INSERT [dbo].[Thana] ([Id], [ThanaNameEng], [ThanaNameBng], [BBSCode], [DistrictId], [CreateDate], [CreatedBy], [EditDate], [EditedBy], [Status]) VALUES (227, N'Lakhai', N'?????', N'68', 61, NULL, NULL, NULL, NULL, 1)
INSERT [dbo].[Thana] ([Id], [ThanaNameEng], [ThanaNameBng], [BBSCode], [DistrictId], [CreateDate], [CreatedBy], [EditDate], [EditedBy], [Status]) VALUES (228, N'Madhabpur', N'???????', N'71', 61, NULL, NULL, NULL, NULL, 1)
INSERT [dbo].[Thana] ([Id], [ThanaNameEng], [ThanaNameBng], [BBSCode], [DistrictId], [CreateDate], [CreatedBy], [EditDate], [EditedBy], [Status]) VALUES (229, N'Nabiganj', N'???????', N'77', 61, NULL, NULL, NULL, NULL, 1)
INSERT [dbo].[Thana] ([Id], [ThanaNameEng], [ThanaNameBng], [BBSCode], [DistrictId], [CreateDate], [CreatedBy], [EditDate], [EditedBy], [Status]) VALUES (230, N'Akkelpur', N'?????????', N'13', 46, NULL, NULL, NULL, NULL, 1)
INSERT [dbo].[Thana] ([Id], [ThanaNameEng], [ThanaNameBng], [BBSCode], [DistrictId], [CreateDate], [CreatedBy], [EditDate], [EditedBy], [Status]) VALUES (231, N'Joypurhat Sadar', N'???????? ???', N'47', 46, NULL, NULL, NULL, NULL, 1)
INSERT [dbo].[Thana] ([Id], [ThanaNameEng], [ThanaNameBng], [BBSCode], [DistrictId], [CreateDate], [CreatedBy], [EditDate], [EditedBy], [Status]) VALUES (232, N'Kalai', N'?????', N'58', 46, NULL, NULL, NULL, NULL, 1)
INSERT [dbo].[Thana] ([Id], [ThanaNameEng], [ThanaNameBng], [BBSCode], [DistrictId], [CreateDate], [CreatedBy], [EditDate], [EditedBy], [Status]) VALUES (233, N'Khetlal', N'????????', N'61', 46, NULL, NULL, NULL, NULL, 1)
INSERT [dbo].[Thana] ([Id], [ThanaNameEng], [ThanaNameBng], [BBSCode], [DistrictId], [CreateDate], [CreatedBy], [EditDate], [EditedBy], [Status]) VALUES (234, N'Panchbibi', N'????????', N'74', 46, NULL, NULL, NULL, NULL, 1)
INSERT [dbo].[Thana] ([Id], [ThanaNameEng], [ThanaNameBng], [BBSCode], [DistrictId], [CreateDate], [CreatedBy], [EditDate], [EditedBy], [Status]) VALUES (235, N'Bakshiganj', N'????????', N'7', 22, NULL, NULL, NULL, NULL, 1)
INSERT [dbo].[Thana] ([Id], [ThanaNameEng], [ThanaNameBng], [BBSCode], [DistrictId], [CreateDate], [CreatedBy], [EditDate], [EditedBy], [Status]) VALUES (236, N'Dewanganj', N'??????????', N'15', 22, NULL, NULL, NULL, NULL, 1)
INSERT [dbo].[Thana] ([Id], [ThanaNameEng], [ThanaNameBng], [BBSCode], [DistrictId], [CreateDate], [CreatedBy], [EditDate], [EditedBy], [Status]) VALUES (237, N'Islampur', N'????????', N'29', 22, NULL, NULL, NULL, NULL, 1)
INSERT [dbo].[Thana] ([Id], [ThanaNameEng], [ThanaNameBng], [BBSCode], [DistrictId], [CreateDate], [CreatedBy], [EditDate], [EditedBy], [Status]) VALUES (238, N'Jamalpur Sadar', N'???????? ???', N'36', 22, NULL, NULL, NULL, NULL, 1)
INSERT [dbo].[Thana] ([Id], [ThanaNameEng], [ThanaNameBng], [BBSCode], [DistrictId], [CreateDate], [CreatedBy], [EditDate], [EditedBy], [Status]) VALUES (239, N'Madarganj', N'?????????', N'58', 22, NULL, NULL, NULL, NULL, 1)
INSERT [dbo].[Thana] ([Id], [ThanaNameEng], [ThanaNameBng], [BBSCode], [DistrictId], [CreateDate], [CreatedBy], [EditDate], [EditedBy], [Status]) VALUES (240, N'Melandaha', N'????????', N'61', 22, NULL, NULL, NULL, NULL, 1)
INSERT [dbo].[Thana] ([Id], [ThanaNameEng], [ThanaNameBng], [BBSCode], [DistrictId], [CreateDate], [CreatedBy], [EditDate], [EditedBy], [Status]) VALUES (241, N'Sarishabari Upazila', N'?????????', N'85', 22, NULL, NULL, NULL, NULL, 1)
INSERT [dbo].[Thana] ([Id], [ThanaNameEng], [ThanaNameBng], [BBSCode], [DistrictId], [CreateDate], [CreatedBy], [EditDate], [EditedBy], [Status]) VALUES (242, N'Abhaynagar', N'??????', N'4', 37, NULL, NULL, NULL, NULL, 1)
INSERT [dbo].[Thana] ([Id], [ThanaNameEng], [ThanaNameBng], [BBSCode], [DistrictId], [CreateDate], [CreatedBy], [EditDate], [EditedBy], [Status]) VALUES (243, N'Bagher Para', N'?????????', N'9', 37, NULL, NULL, NULL, NULL, 1)
INSERT [dbo].[Thana] ([Id], [ThanaNameEng], [ThanaNameBng], [BBSCode], [DistrictId], [CreateDate], [CreatedBy], [EditDate], [EditedBy], [Status]) VALUES (244, N'Chaugachha', N'??????', N'11', 37, NULL, NULL, NULL, NULL, 1)
INSERT [dbo].[Thana] ([Id], [ThanaNameEng], [ThanaNameBng], [BBSCode], [DistrictId], [CreateDate], [CreatedBy], [EditDate], [EditedBy], [Status]) VALUES (245, N'Jhikargachha', N'????????', N'23', 37, NULL, NULL, NULL, NULL, 1)
INSERT [dbo].[Thana] ([Id], [ThanaNameEng], [ThanaNameBng], [BBSCode], [DistrictId], [CreateDate], [CreatedBy], [EditDate], [EditedBy], [Status]) VALUES (246, N'Keshabpur', N'???????', N'38', 37, NULL, NULL, NULL, NULL, 1)
INSERT [dbo].[Thana] ([Id], [ThanaNameEng], [ThanaNameBng], [BBSCode], [DistrictId], [CreateDate], [CreatedBy], [EditDate], [EditedBy], [Status]) VALUES (247, N'Jessore Sadar', N'???? ???', N'47', 37, NULL, NULL, NULL, NULL, 1)
INSERT [dbo].[Thana] ([Id], [ThanaNameEng], [ThanaNameBng], [BBSCode], [DistrictId], [CreateDate], [CreatedBy], [EditDate], [EditedBy], [Status]) VALUES (248, N'Manirampur', N'?????????', N'61', 37, NULL, NULL, NULL, NULL, 1)
INSERT [dbo].[Thana] ([Id], [ThanaNameEng], [ThanaNameBng], [BBSCode], [DistrictId], [CreateDate], [CreatedBy], [EditDate], [EditedBy], [Status]) VALUES (249, N'Sharsha', N'??????', N'90', 37, NULL, NULL, NULL, NULL, 1)
INSERT [dbo].[Thana] ([Id], [ThanaNameEng], [ThanaNameBng], [BBSCode], [DistrictId], [CreateDate], [CreatedBy], [EditDate], [EditedBy], [Status]) VALUES (250, N'Jhalokati Sadar', N'??????? ???', N'40', 4, NULL, NULL, NULL, NULL, 1)
INSERT [dbo].[Thana] ([Id], [ThanaNameEng], [ThanaNameBng], [BBSCode], [DistrictId], [CreateDate], [CreatedBy], [EditDate], [EditedBy], [Status]) VALUES (251, N'Kanthalia', N'????????', N'43', 4, NULL, NULL, NULL, NULL, 1)
INSERT [dbo].[Thana] ([Id], [ThanaNameEng], [ThanaNameBng], [BBSCode], [DistrictId], [CreateDate], [CreatedBy], [EditDate], [EditedBy], [Status]) VALUES (252, N'Nalchity', N'??????', N'73', 4, NULL, NULL, NULL, NULL, 1)
INSERT [dbo].[Thana] ([Id], [ThanaNameEng], [ThanaNameBng], [BBSCode], [DistrictId], [CreateDate], [CreatedBy], [EditDate], [EditedBy], [Status]) VALUES (253, N'Rajapur', N'???????', N'84', 4, NULL, NULL, NULL, NULL, 1)
INSERT [dbo].[Thana] ([Id], [ThanaNameEng], [ThanaNameBng], [BBSCode], [DistrictId], [CreateDate], [CreatedBy], [EditDate], [EditedBy], [Status]) VALUES (254, N'Harinakunda', N'???????????', N'14', 38, NULL, NULL, NULL, NULL, 1)
INSERT [dbo].[Thana] ([Id], [ThanaNameEng], [ThanaNameBng], [BBSCode], [DistrictId], [CreateDate], [CreatedBy], [EditDate], [EditedBy], [Status]) VALUES (255, N'Jhenaidah Sadar', N'??????? ???', N'19', 38, NULL, NULL, NULL, NULL, 1)
INSERT [dbo].[Thana] ([Id], [ThanaNameEng], [ThanaNameBng], [BBSCode], [DistrictId], [CreateDate], [CreatedBy], [EditDate], [EditedBy], [Status]) VALUES (256, N'Kaliganj', N'????????', N'33', 38, NULL, NULL, NULL, NULL, 1)
INSERT [dbo].[Thana] ([Id], [ThanaNameEng], [ThanaNameBng], [BBSCode], [DistrictId], [CreateDate], [CreatedBy], [EditDate], [EditedBy], [Status]) VALUES (257, N'Kotchandpur', N'??????????', N'42', 38, NULL, NULL, NULL, NULL, 1)
INSERT [dbo].[Thana] ([Id], [ThanaNameEng], [ThanaNameBng], [BBSCode], [DistrictId], [CreateDate], [CreatedBy], [EditDate], [EditedBy], [Status]) VALUES (258, N'Maheshpur', N'???????', N'71', 38, NULL, NULL, NULL, NULL, 1)
INSERT [dbo].[Thana] ([Id], [ThanaNameEng], [ThanaNameBng], [BBSCode], [DistrictId], [CreateDate], [CreatedBy], [EditDate], [EditedBy], [Status]) VALUES (259, N'Shailkupa', N'???????', N'80', 38, NULL, NULL, NULL, NULL, 1)
INSERT [dbo].[Thana] ([Id], [ThanaNameEng], [ThanaNameBng], [BBSCode], [DistrictId], [CreateDate], [CreatedBy], [EditDate], [EditedBy], [Status]) VALUES (260, N'Dighinala', N'????????', N'43', 14, NULL, NULL, NULL, NULL, 1)
INSERT [dbo].[Thana] ([Id], [ThanaNameEng], [ThanaNameBng], [BBSCode], [DistrictId], [CreateDate], [CreatedBy], [EditDate], [EditedBy], [Status]) VALUES (261, N'Khagrachhari Sadar', N'???????? ???', N'49', 14, NULL, NULL, NULL, NULL, 1)
INSERT [dbo].[Thana] ([Id], [ThanaNameEng], [ThanaNameBng], [BBSCode], [DistrictId], [CreateDate], [CreatedBy], [EditDate], [EditedBy], [Status]) VALUES (262, N'Lakshmichhari', N'????????', N'61', 14, NULL, NULL, NULL, NULL, 1)
INSERT [dbo].[Thana] ([Id], [ThanaNameEng], [ThanaNameBng], [BBSCode], [DistrictId], [CreateDate], [CreatedBy], [EditDate], [EditedBy], [Status]) VALUES (263, N'Mahalchhari', N'???????', N'65', 14, NULL, NULL, NULL, NULL, 1)
INSERT [dbo].[Thana] ([Id], [ThanaNameEng], [ThanaNameBng], [BBSCode], [DistrictId], [CreateDate], [CreatedBy], [EditDate], [EditedBy], [Status]) VALUES (264, N'Manikchhari', N'????????', N'67', 14, NULL, NULL, NULL, NULL, 1)
INSERT [dbo].[Thana] ([Id], [ThanaNameEng], [ThanaNameBng], [BBSCode], [DistrictId], [CreateDate], [CreatedBy], [EditDate], [EditedBy], [Status]) VALUES (265, N'Matiranga', N'?????????', N'70', 14, NULL, NULL, NULL, NULL, 1)
INSERT [dbo].[Thana] ([Id], [ThanaNameEng], [ThanaNameBng], [BBSCode], [DistrictId], [CreateDate], [CreatedBy], [EditDate], [EditedBy], [Status]) VALUES (266, N'Panchhari', N'??????', N'77', 14, NULL, NULL, NULL, NULL, 1)
INSERT [dbo].[Thana] ([Id], [ThanaNameEng], [ThanaNameBng], [BBSCode], [DistrictId], [CreateDate], [CreatedBy], [EditDate], [EditedBy], [Status]) VALUES (267, N'Ramgarh', N'?????', N'80', 14, NULL, NULL, NULL, NULL, 1)
INSERT [dbo].[Thana] ([Id], [ThanaNameEng], [ThanaNameBng], [BBSCode], [DistrictId], [CreateDate], [CreatedBy], [EditDate], [EditedBy], [Status]) VALUES (268, N'Batiaghata', N'?????????', N'12', 39, NULL, NULL, NULL, NULL, 1)
INSERT [dbo].[Thana] ([Id], [ThanaNameEng], [ThanaNameBng], [BBSCode], [DistrictId], [CreateDate], [CreatedBy], [EditDate], [EditedBy], [Status]) VALUES (269, N'Dacope', N'?????', N'17', 39, NULL, NULL, NULL, NULL, 1)
INSERT [dbo].[Thana] ([Id], [ThanaNameEng], [ThanaNameBng], [BBSCode], [DistrictId], [CreateDate], [CreatedBy], [EditDate], [EditedBy], [Status]) VALUES (270, N'Daulatpur', N'???????', N'21', 39, NULL, NULL, NULL, NULL, 1)
INSERT [dbo].[Thana] ([Id], [ThanaNameEng], [ThanaNameBng], [BBSCode], [DistrictId], [CreateDate], [CreatedBy], [EditDate], [EditedBy], [Status]) VALUES (271, N'Dumuria', N'????????', N'30', 39, NULL, NULL, NULL, NULL, 1)
INSERT [dbo].[Thana] ([Id], [ThanaNameEng], [ThanaNameBng], [BBSCode], [DistrictId], [CreateDate], [CreatedBy], [EditDate], [EditedBy], [Status]) VALUES (272, N'Dighalia', N'???????', N'40', 39, NULL, NULL, NULL, NULL, 1)
INSERT [dbo].[Thana] ([Id], [ThanaNameEng], [ThanaNameBng], [BBSCode], [DistrictId], [CreateDate], [CreatedBy], [EditDate], [EditedBy], [Status]) VALUES (273, N'Khalishpur', N'????????', N'45', 39, NULL, NULL, NULL, NULL, 1)
INSERT [dbo].[Thana] ([Id], [ThanaNameEng], [ThanaNameBng], [BBSCode], [DistrictId], [CreateDate], [CreatedBy], [EditDate], [EditedBy], [Status]) VALUES (274, N'Khan Jahan Ali', N'??? ????? ???', N'48', 39, NULL, NULL, NULL, NULL, 1)
INSERT [dbo].[Thana] ([Id], [ThanaNameEng], [ThanaNameBng], [BBSCode], [DistrictId], [CreateDate], [CreatedBy], [EditDate], [EditedBy], [Status]) VALUES (275, N'Khulna Sadar', N'????? ???', N'51', 39, NULL, NULL, NULL, NULL, 1)
INSERT [dbo].[Thana] ([Id], [ThanaNameEng], [ThanaNameBng], [BBSCode], [DistrictId], [CreateDate], [CreatedBy], [EditDate], [EditedBy], [Status]) VALUES (276, N'Koyra', N'????', N'53', 39, NULL, NULL, NULL, NULL, 1)
INSERT [dbo].[Thana] ([Id], [ThanaNameEng], [ThanaNameBng], [BBSCode], [DistrictId], [CreateDate], [CreatedBy], [EditDate], [EditedBy], [Status]) VALUES (277, N'Paikgachha', N'????????', N'64', 39, NULL, NULL, NULL, NULL, 1)
INSERT [dbo].[Thana] ([Id], [ThanaNameEng], [ThanaNameBng], [BBSCode], [DistrictId], [CreateDate], [CreatedBy], [EditDate], [EditedBy], [Status]) VALUES (278, N'Phultala', N'??????', N'69', 39, NULL, NULL, NULL, NULL, 1)
INSERT [dbo].[Thana] ([Id], [ThanaNameEng], [ThanaNameBng], [BBSCode], [DistrictId], [CreateDate], [CreatedBy], [EditDate], [EditedBy], [Status]) VALUES (279, N'Rupsa', N'?????', N'75', 39, NULL, NULL, NULL, NULL, 1)
INSERT [dbo].[Thana] ([Id], [ThanaNameEng], [ThanaNameBng], [BBSCode], [DistrictId], [CreateDate], [CreatedBy], [EditDate], [EditedBy], [Status]) VALUES (280, N'Sonadanga', N'??????????', N'85', 39, NULL, NULL, NULL, NULL, 1)
INSERT [dbo].[Thana] ([Id], [ThanaNameEng], [ThanaNameBng], [BBSCode], [DistrictId], [CreateDate], [CreatedBy], [EditDate], [EditedBy], [Status]) VALUES (281, N'Terokhada', N'???????', N'94', 39, NULL, NULL, NULL, NULL, 1)
INSERT [dbo].[Thana] ([Id], [ThanaNameEng], [ThanaNameBng], [BBSCode], [DistrictId], [CreateDate], [CreatedBy], [EditDate], [EditedBy], [Status]) VALUES (282, N'Austagram', N'?????????', N'2', 23, NULL, NULL, NULL, NULL, 1)
INSERT [dbo].[Thana] ([Id], [ThanaNameEng], [ThanaNameBng], [BBSCode], [DistrictId], [CreateDate], [CreatedBy], [EditDate], [EditedBy], [Status]) VALUES (283, N'Bajitpur', N'????????', N'6', 23, NULL, NULL, NULL, NULL, 1)
INSERT [dbo].[Thana] ([Id], [ThanaNameEng], [ThanaNameBng], [BBSCode], [DistrictId], [CreateDate], [CreatedBy], [EditDate], [EditedBy], [Status]) VALUES (284, N'Bhairab', N'????', N'11', 23, NULL, NULL, NULL, NULL, 1)
INSERT [dbo].[Thana] ([Id], [ThanaNameEng], [ThanaNameBng], [BBSCode], [DistrictId], [CreateDate], [CreatedBy], [EditDate], [EditedBy], [Status]) VALUES (285, N'Hossainpur', N'????????', N'27', 23, NULL, NULL, NULL, NULL, 1)
INSERT [dbo].[Thana] ([Id], [ThanaNameEng], [ThanaNameBng], [BBSCode], [DistrictId], [CreateDate], [CreatedBy], [EditDate], [EditedBy], [Status]) VALUES (286, N'Itna', N'????', N'33', 23, NULL, NULL, NULL, NULL, 1)
INSERT [dbo].[Thana] ([Id], [ThanaNameEng], [ThanaNameBng], [BBSCode], [DistrictId], [CreateDate], [CreatedBy], [EditDate], [EditedBy], [Status]) VALUES (287, N'Karimganj', N'????????', N'42', 23, NULL, NULL, NULL, NULL, 1)
INSERT [dbo].[Thana] ([Id], [ThanaNameEng], [ThanaNameBng], [BBSCode], [DistrictId], [CreateDate], [CreatedBy], [EditDate], [EditedBy], [Status]) VALUES (288, N'Katiadi', N'???????', N'45', 23, NULL, NULL, NULL, NULL, 1)
INSERT [dbo].[Thana] ([Id], [ThanaNameEng], [ThanaNameBng], [BBSCode], [DistrictId], [CreateDate], [CreatedBy], [EditDate], [EditedBy], [Status]) VALUES (289, N'Kishoreganj Sadar', N'????????? ???', N'49', 23, NULL, NULL, NULL, NULL, 1)
INSERT [dbo].[Thana] ([Id], [ThanaNameEng], [ThanaNameBng], [BBSCode], [DistrictId], [CreateDate], [CreatedBy], [EditDate], [EditedBy], [Status]) VALUES (290, N'Kuliar Char', N'??????? ??', N'54', 23, NULL, NULL, NULL, NULL, 1)
INSERT [dbo].[Thana] ([Id], [ThanaNameEng], [ThanaNameBng], [BBSCode], [DistrictId], [CreateDate], [CreatedBy], [EditDate], [EditedBy], [Status]) VALUES (291, N'Mithamain', N'???????', N'59', 23, NULL, NULL, NULL, NULL, 1)
INSERT [dbo].[Thana] ([Id], [ThanaNameEng], [ThanaNameBng], [BBSCode], [DistrictId], [CreateDate], [CreatedBy], [EditDate], [EditedBy], [Status]) VALUES (292, N'Nikli', N'???????', N'76', 23, NULL, NULL, NULL, NULL, 1)
INSERT [dbo].[Thana] ([Id], [ThanaNameEng], [ThanaNameBng], [BBSCode], [DistrictId], [CreateDate], [CreatedBy], [EditDate], [EditedBy], [Status]) VALUES (293, N'Pakundia', N'??????????', N'79', 23, NULL, NULL, NULL, NULL, 1)
INSERT [dbo].[Thana] ([Id], [ThanaNameEng], [ThanaNameBng], [BBSCode], [DistrictId], [CreateDate], [CreatedBy], [EditDate], [EditedBy], [Status]) VALUES (294, N'Tarail', N'??????', N'92', 23, NULL, NULL, NULL, NULL, 1)
INSERT [dbo].[Thana] ([Id], [ThanaNameEng], [ThanaNameBng], [BBSCode], [DistrictId], [CreateDate], [CreatedBy], [EditDate], [EditedBy], [Status]) VALUES (295, N'Bhurungamari', N'???????????', N'6', 55, NULL, NULL, NULL, NULL, 1)
INSERT [dbo].[Thana] ([Id], [ThanaNameEng], [ThanaNameBng], [BBSCode], [DistrictId], [CreateDate], [CreatedBy], [EditDate], [EditedBy], [Status]) VALUES (296, N'Char Rajibpur', N'????????', N'8', 55, NULL, NULL, NULL, NULL, 1)
INSERT [dbo].[Thana] ([Id], [ThanaNameEng], [ThanaNameBng], [BBSCode], [DistrictId], [CreateDate], [CreatedBy], [EditDate], [EditedBy], [Status]) VALUES (297, N'Chilmari', N'???????', N'9', 55, NULL, NULL, NULL, NULL, 1)
INSERT [dbo].[Thana] ([Id], [ThanaNameEng], [ThanaNameBng], [BBSCode], [DistrictId], [CreateDate], [CreatedBy], [EditDate], [EditedBy], [Status]) VALUES (298, N'Phulbari', N'???????', N'18', 55, NULL, NULL, NULL, NULL, 1)
INSERT [dbo].[Thana] ([Id], [ThanaNameEng], [ThanaNameBng], [BBSCode], [DistrictId], [CreateDate], [CreatedBy], [EditDate], [EditedBy], [Status]) VALUES (299, N'Kurigram Sadar', N'????????? ???', N'52', 55, NULL, NULL, NULL, NULL, 1)

INSERT [dbo].[Thana] ([Id], [ThanaNameEng], [ThanaNameBng], [BBSCode], [DistrictId], [CreateDate], [CreatedBy], [EditDate], [EditedBy], [Status]) VALUES (300, N'Nageshwari', N'?????????', N'61', 55, NULL, NULL, NULL, NULL, 1)
INSERT [dbo].[Thana] ([Id], [ThanaNameEng], [ThanaNameBng], [BBSCode], [DistrictId], [CreateDate], [CreatedBy], [EditDate], [EditedBy], [Status]) VALUES (301, N'Rajarhat', N'????????', N'77', 55, NULL, NULL, NULL, NULL, 1)
INSERT [dbo].[Thana] ([Id], [ThanaNameEng], [ThanaNameBng], [BBSCode], [DistrictId], [CreateDate], [CreatedBy], [EditDate], [EditedBy], [Status]) VALUES (302, N'Raumari', N'??????', N'79', 55, NULL, NULL, NULL, NULL, 1)
INSERT [dbo].[Thana] ([Id], [ThanaNameEng], [ThanaNameBng], [BBSCode], [DistrictId], [CreateDate], [CreatedBy], [EditDate], [EditedBy], [Status]) VALUES (303, N'Ulipur', N'??????', N'94', 55, NULL, NULL, NULL, NULL, 1)
INSERT [dbo].[Thana] ([Id], [ThanaNameEng], [ThanaNameBng], [BBSCode], [DistrictId], [CreateDate], [CreatedBy], [EditDate], [EditedBy], [Status]) VALUES (304, N'Bheramara', N'????????', N'15', 40, NULL, NULL, NULL, NULL, 1)
INSERT [dbo].[Thana] ([Id], [ThanaNameEng], [ThanaNameBng], [BBSCode], [DistrictId], [CreateDate], [CreatedBy], [EditDate], [EditedBy], [Status]) VALUES (305, N'Daulatpur', N'???????', N'39', 40, NULL, NULL, NULL, NULL, 1)
INSERT [dbo].[Thana] ([Id], [ThanaNameEng], [ThanaNameBng], [BBSCode], [DistrictId], [CreateDate], [CreatedBy], [EditDate], [EditedBy], [Status]) VALUES (306, N'Khoksa', N'???????', N'63', 40, NULL, NULL, NULL, NULL, 1)
INSERT [dbo].[Thana] ([Id], [ThanaNameEng], [ThanaNameBng], [BBSCode], [DistrictId], [CreateDate], [CreatedBy], [EditDate], [EditedBy], [Status]) VALUES (307, N'Kumarkhali', N'?????????', N'71', 40, NULL, NULL, NULL, NULL, 1)
INSERT [dbo].[Thana] ([Id], [ThanaNameEng], [ThanaNameBng], [BBSCode], [DistrictId], [CreateDate], [CreatedBy], [EditDate], [EditedBy], [Status]) VALUES (308, N'Kushtia Sadar', N'???????? ???', N'79', 40, NULL, NULL, NULL, NULL, 1)
INSERT [dbo].[Thana] ([Id], [ThanaNameEng], [ThanaNameBng], [BBSCode], [DistrictId], [CreateDate], [CreatedBy], [EditDate], [EditedBy], [Status]) VALUES (309, N'Mirpur', N'??????', N'94', 40, NULL, NULL, NULL, NULL, 1)
INSERT [dbo].[Thana] ([Id], [ThanaNameEng], [ThanaNameBng], [BBSCode], [DistrictId], [CreateDate], [CreatedBy], [EditDate], [EditedBy], [Status]) VALUES (310, N'Kamalnagar', N'??????', N'33', 15, NULL, NULL, NULL, NULL, 1)
INSERT [dbo].[Thana] ([Id], [ThanaNameEng], [ThanaNameBng], [BBSCode], [DistrictId], [CreateDate], [CreatedBy], [EditDate], [EditedBy], [Status]) VALUES (311, N'Lakshmipur Sadar', N'?????????? ???', N'43', 15, NULL, NULL, NULL, NULL, 1)
INSERT [dbo].[Thana] ([Id], [ThanaNameEng], [ThanaNameBng], [BBSCode], [DistrictId], [CreateDate], [CreatedBy], [EditDate], [EditedBy], [Status]) VALUES (312, N'Roypur', N'??????', N'58', 15, NULL, NULL, NULL, NULL, 1)
INSERT [dbo].[Thana] ([Id], [ThanaNameEng], [ThanaNameBng], [BBSCode], [DistrictId], [CreateDate], [CreatedBy], [EditDate], [EditedBy], [Status]) VALUES (313, N'Ramganj', N'???????', N'65', 15, NULL, NULL, NULL, NULL, 1)
INSERT [dbo].[Thana] ([Id], [ThanaNameEng], [ThanaNameBng], [BBSCode], [DistrictId], [CreateDate], [CreatedBy], [EditDate], [EditedBy], [Status]) VALUES (314, N'Ramgati', N'??????', N'73', 15, NULL, NULL, NULL, NULL, 1)
INSERT [dbo].[Thana] ([Id], [ThanaNameEng], [ThanaNameBng], [BBSCode], [DistrictId], [CreateDate], [CreatedBy], [EditDate], [EditedBy], [Status]) VALUES (315, N'Aditmari', N'????????', N'2', 56, NULL, NULL, NULL, NULL, 1)
INSERT [dbo].[Thana] ([Id], [ThanaNameEng], [ThanaNameBng], [BBSCode], [DistrictId], [CreateDate], [CreatedBy], [EditDate], [EditedBy], [Status]) VALUES (316, N'Hatibandha', N'??????????', N'33', 56, NULL, NULL, NULL, NULL, 1)
INSERT [dbo].[Thana] ([Id], [ThanaNameEng], [ThanaNameBng], [BBSCode], [DistrictId], [CreateDate], [CreatedBy], [EditDate], [EditedBy], [Status]) VALUES (317, N'Kaliganj', N'????????', N'39', 56, NULL, NULL, NULL, NULL, 1)
INSERT [dbo].[Thana] ([Id], [ThanaNameEng], [ThanaNameBng], [BBSCode], [DistrictId], [CreateDate], [CreatedBy], [EditDate], [EditedBy], [Status]) VALUES (318, N'Lalmonirhat Sadar', N'?????????? ???', N'55', 56, NULL, NULL, NULL, NULL, 1)
INSERT [dbo].[Thana] ([Id], [ThanaNameEng], [ThanaNameBng], [BBSCode], [DistrictId], [CreateDate], [CreatedBy], [EditDate], [EditedBy], [Status]) VALUES (319, N'Patgram', N'????????', N'70', 56, NULL, NULL, NULL, NULL, 1)
INSERT [dbo].[Thana] ([Id], [ThanaNameEng], [ThanaNameBng], [BBSCode], [DistrictId], [CreateDate], [CreatedBy], [EditDate], [EditedBy], [Status]) VALUES (320, N'Kalkini', N'???????', N'40', 24, NULL, NULL, NULL, NULL, 1)
INSERT [dbo].[Thana] ([Id], [ThanaNameEng], [ThanaNameBng], [BBSCode], [DistrictId], [CreateDate], [CreatedBy], [EditDate], [EditedBy], [Status]) VALUES (321, N'Madaripur Sadar', N'????????? ???', N'54', 24, NULL, NULL, NULL, NULL, 1)
INSERT [dbo].[Thana] ([Id], [ThanaNameEng], [ThanaNameBng], [BBSCode], [DistrictId], [CreateDate], [CreatedBy], [EditDate], [EditedBy], [Status]) VALUES (322, N'Rajoir', N'?????', N'80', 24, NULL, NULL, NULL, NULL, 1)
INSERT [dbo].[Thana] ([Id], [ThanaNameEng], [ThanaNameBng], [BBSCode], [DistrictId], [CreateDate], [CreatedBy], [EditDate], [EditedBy], [Status]) VALUES (323, N'Shibchar', N'????? ??', N'87', 24, NULL, NULL, NULL, NULL, 1)
INSERT [dbo].[Thana] ([Id], [ThanaNameEng], [ThanaNameBng], [BBSCode], [DistrictId], [CreateDate], [CreatedBy], [EditDate], [EditedBy], [Status]) VALUES (324, N'Magura Sadar', N'?????? ???', N'57', 41, NULL, NULL, NULL, NULL, 1)
INSERT [dbo].[Thana] ([Id], [ThanaNameEng], [ThanaNameBng], [BBSCode], [DistrictId], [CreateDate], [CreatedBy], [EditDate], [EditedBy], [Status]) VALUES (325, N'Mohammadpur', N'???????????', N'66', 41, NULL, NULL, NULL, NULL, 1)
INSERT [dbo].[Thana] ([Id], [ThanaNameEng], [ThanaNameBng], [BBSCode], [DistrictId], [CreateDate], [CreatedBy], [EditDate], [EditedBy], [Status]) VALUES (326, N'Shalikha', N'??????', N'85', 41, NULL, NULL, NULL, NULL, 1)
INSERT [dbo].[Thana] ([Id], [ThanaNameEng], [ThanaNameBng], [BBSCode], [DistrictId], [CreateDate], [CreatedBy], [EditDate], [EditedBy], [Status]) VALUES (327, N'Sreepur', N'???????', N'95', 41, NULL, NULL, NULL, NULL, 1)
INSERT [dbo].[Thana] ([Id], [ThanaNameEng], [ThanaNameBng], [BBSCode], [DistrictId], [CreateDate], [CreatedBy], [EditDate], [EditedBy], [Status]) VALUES (328, N'Daulatpur', N'???????', N'10', 25, NULL, NULL, NULL, NULL, 1)
INSERT [dbo].[Thana] ([Id], [ThanaNameEng], [ThanaNameBng], [BBSCode], [DistrictId], [CreateDate], [CreatedBy], [EditDate], [EditedBy], [Status]) VALUES (329, N'Ghior', N'????', N'22', 25, NULL, NULL, NULL, NULL, 1)
INSERT [dbo].[Thana] ([Id], [ThanaNameEng], [ThanaNameBng], [BBSCode], [DistrictId], [CreateDate], [CreatedBy], [EditDate], [EditedBy], [Status]) VALUES (330, N'Harirampur', N'?????????', N'28', 25, NULL, NULL, NULL, NULL, 1)
INSERT [dbo].[Thana] ([Id], [ThanaNameEng], [ThanaNameBng], [BBSCode], [DistrictId], [CreateDate], [CreatedBy], [EditDate], [EditedBy], [Status]) VALUES (331, N'Manikganj Sadar', N'????????? ???', N'46', 25, NULL, NULL, NULL, NULL, 1)
INSERT [dbo].[Thana] ([Id], [ThanaNameEng], [ThanaNameBng], [BBSCode], [DistrictId], [CreateDate], [CreatedBy], [EditDate], [EditedBy], [Status]) VALUES (332, N'Saturia', N'????????', N'70', 25, NULL, NULL, NULL, NULL, 1)
INSERT [dbo].[Thana] ([Id], [ThanaNameEng], [ThanaNameBng], [BBSCode], [DistrictId], [CreateDate], [CreatedBy], [EditDate], [EditedBy], [Status]) VALUES (333, N'Shibalaya', N'??????', N'78', 25, NULL, NULL, NULL, NULL, 1)
INSERT [dbo].[Thana] ([Id], [ThanaNameEng], [ThanaNameBng], [BBSCode], [DistrictId], [CreateDate], [CreatedBy], [EditDate], [EditedBy], [Status]) VALUES (334, N'Singair', N'???????', N'82', 25, NULL, NULL, NULL, NULL, 1)
INSERT [dbo].[Thana] ([Id], [ThanaNameEng], [ThanaNameBng], [BBSCode], [DistrictId], [CreateDate], [CreatedBy], [EditDate], [EditedBy], [Status]) VALUES (335, N'Gangni', N'?????', N'47', 42, NULL, NULL, NULL, NULL, 1)
INSERT [dbo].[Thana] ([Id], [ThanaNameEng], [ThanaNameBng], [BBSCode], [DistrictId], [CreateDate], [CreatedBy], [EditDate], [EditedBy], [Status]) VALUES (336, N'Mujib Nagar', N'???? ???', N'60', 42, NULL, NULL, NULL, NULL, 1)
INSERT [dbo].[Thana] ([Id], [ThanaNameEng], [ThanaNameBng], [BBSCode], [DistrictId], [CreateDate], [CreatedBy], [EditDate], [EditedBy], [Status]) VALUES (337, N'Meherpur Sadar', N'???????? ???', N'87', 42, NULL, NULL, NULL, NULL, 1)
INSERT [dbo].[Thana] ([Id], [ThanaNameEng], [ThanaNameBng], [BBSCode], [DistrictId], [CreateDate], [CreatedBy], [EditDate], [EditedBy], [Status]) VALUES (338, N'Barlekha', N'??????', N'14', 62, NULL, NULL, NULL, NULL, 1)
INSERT [dbo].[Thana] ([Id], [ThanaNameEng], [ThanaNameBng], [BBSCode], [DistrictId], [CreateDate], [CreatedBy], [EditDate], [EditedBy], [Status]) VALUES (339, N'Juri', N'????', N'35', 62, NULL, NULL, NULL, NULL, 1)
INSERT [dbo].[Thana] ([Id], [ThanaNameEng], [ThanaNameBng], [BBSCode], [DistrictId], [CreateDate], [CreatedBy], [EditDate], [EditedBy], [Status]) VALUES (340, N'Kamalganj', N'???????', N'56', 62, NULL, NULL, NULL, NULL, 1)
INSERT [dbo].[Thana] ([Id], [ThanaNameEng], [ThanaNameBng], [BBSCode], [DistrictId], [CreateDate], [CreatedBy], [EditDate], [EditedBy], [Status]) VALUES (341, N'Kulaura', N'???????', N'65', 62, NULL, NULL, NULL, NULL, 1)
INSERT [dbo].[Thana] ([Id], [ThanaNameEng], [ThanaNameBng], [BBSCode], [DistrictId], [CreateDate], [CreatedBy], [EditDate], [EditedBy], [Status]) VALUES (342, N'Maulvibazar Sadar', N'?????????? ???', N'74', 62, NULL, NULL, NULL, NULL, 1)
INSERT [dbo].[Thana] ([Id], [ThanaNameEng], [ThanaNameBng], [BBSCode], [DistrictId], [CreateDate], [CreatedBy], [EditDate], [EditedBy], [Status]) VALUES (343, N'Rajnagar', N'??????', N'80', 62, NULL, NULL, NULL, NULL, 1)
INSERT [dbo].[Thana] ([Id], [ThanaNameEng], [ThanaNameBng], [BBSCode], [DistrictId], [CreateDate], [CreatedBy], [EditDate], [EditedBy], [Status]) VALUES (344, N'Sreemangal', N'?????????', N'83', 62, NULL, NULL, NULL, NULL, 1)
INSERT [dbo].[Thana] ([Id], [ThanaNameEng], [ThanaNameBng], [BBSCode], [DistrictId], [CreateDate], [CreatedBy], [EditDate], [EditedBy], [Status]) VALUES (345, N'Gazaria', N'???????', N'24', 26, NULL, NULL, NULL, NULL, 1)
INSERT [dbo].[Thana] ([Id], [ThanaNameEng], [ThanaNameBng], [BBSCode], [DistrictId], [CreateDate], [CreatedBy], [EditDate], [EditedBy], [Status]) VALUES (346, N'Lohajang', N'?????', N'44', 26, NULL, NULL, NULL, NULL, 1)
INSERT [dbo].[Thana] ([Id], [ThanaNameEng], [ThanaNameBng], [BBSCode], [DistrictId], [CreateDate], [CreatedBy], [EditDate], [EditedBy], [Status]) VALUES (347, N'Munshiganj Sadar', N'?????????? ???', N'56', 26, NULL, NULL, NULL, NULL, 1)
INSERT [dbo].[Thana] ([Id], [ThanaNameEng], [ThanaNameBng], [BBSCode], [DistrictId], [CreateDate], [CreatedBy], [EditDate], [EditedBy], [Status]) VALUES (348, N'Serajdikhan', N'??????????', N'74', 26, NULL, NULL, NULL, NULL, 1)
INSERT [dbo].[Thana] ([Id], [ThanaNameEng], [ThanaNameBng], [BBSCode], [DistrictId], [CreateDate], [CreatedBy], [EditDate], [EditedBy], [Status]) VALUES (349, N'Sreenagar', N'???????', N'84', 26, NULL, NULL, NULL, NULL, 1)
INSERT [dbo].[Thana] ([Id], [ThanaNameEng], [ThanaNameBng], [BBSCode], [DistrictId], [CreateDate], [CreatedBy], [EditDate], [EditedBy], [Status]) VALUES (350, N'Tongibari', N'??????????', N'94', 26, NULL, NULL, NULL, NULL, 1)
INSERT [dbo].[Thana] ([Id], [ThanaNameEng], [ThanaNameBng], [BBSCode], [DistrictId], [CreateDate], [CreatedBy], [EditDate], [EditedBy], [Status]) VALUES (351, N'Bhaluka', N'??????', N'13', 27, NULL, NULL, NULL, NULL, 1)
INSERT [dbo].[Thana] ([Id], [ThanaNameEng], [ThanaNameBng], [BBSCode], [DistrictId], [CreateDate], [CreatedBy], [EditDate], [EditedBy], [Status]) VALUES (352, N'Dhobaura', N'???????', N'16', 27, NULL, NULL, NULL, NULL, 1)
INSERT [dbo].[Thana] ([Id], [ThanaNameEng], [ThanaNameBng], [BBSCode], [DistrictId], [CreateDate], [CreatedBy], [EditDate], [EditedBy], [Status]) VALUES (353, N'Fulbaria', N'?????????', N'20', 27, NULL, NULL, NULL, NULL, 1)
INSERT [dbo].[Thana] ([Id], [ThanaNameEng], [ThanaNameBng], [BBSCode], [DistrictId], [CreateDate], [CreatedBy], [EditDate], [EditedBy], [Status]) VALUES (354, N'Gaffargaon', N'???????', N'22', 27, NULL, NULL, NULL, NULL, 1)
INSERT [dbo].[Thana] ([Id], [ThanaNameEng], [ThanaNameBng], [BBSCode], [DistrictId], [CreateDate], [CreatedBy], [EditDate], [EditedBy], [Status]) VALUES (355, N'Gauripur', N'???????', N'23', 27, NULL, NULL, NULL, NULL, 1)
INSERT [dbo].[Thana] ([Id], [ThanaNameEng], [ThanaNameBng], [BBSCode], [DistrictId], [CreateDate], [CreatedBy], [EditDate], [EditedBy], [Status]) VALUES (356, N'Haluaghat', N'?????????', N'24', 27, NULL, NULL, NULL, NULL, 1)
INSERT [dbo].[Thana] ([Id], [ThanaNameEng], [ThanaNameBng], [BBSCode], [DistrictId], [CreateDate], [CreatedBy], [EditDate], [EditedBy], [Status]) VALUES (357, N'Ishwarganj', N'?????????', N'31', 27, NULL, NULL, NULL, NULL, 1)
INSERT [dbo].[Thana] ([Id], [ThanaNameEng], [ThanaNameBng], [BBSCode], [DistrictId], [CreateDate], [CreatedBy], [EditDate], [EditedBy], [Status]) VALUES (358, N'Mymensingh Sadar', N'???????? ???', N'52', 27, NULL, NULL, NULL, NULL, 1)
INSERT [dbo].[Thana] ([Id], [ThanaNameEng], [ThanaNameBng], [BBSCode], [DistrictId], [CreateDate], [CreatedBy], [EditDate], [EditedBy], [Status]) VALUES (359, N'Muktagachha', N'??????????', N'65', 27, NULL, NULL, NULL, NULL, 1)
INSERT [dbo].[Thana] ([Id], [ThanaNameEng], [ThanaNameBng], [BBSCode], [DistrictId], [CreateDate], [CreatedBy], [EditDate], [EditedBy], [Status]) VALUES (360, N'Nandail', N'????????', N'72', 27, NULL, NULL, NULL, NULL, 1)
INSERT [dbo].[Thana] ([Id], [ThanaNameEng], [ThanaNameBng], [BBSCode], [DistrictId], [CreateDate], [CreatedBy], [EditDate], [EditedBy], [Status]) VALUES (361, N'Phulpur', N'??????', N'81', 27, NULL, NULL, NULL, NULL, 1)
INSERT [dbo].[Thana] ([Id], [ThanaNameEng], [ThanaNameBng], [BBSCode], [DistrictId], [CreateDate], [CreatedBy], [EditDate], [EditedBy], [Status]) VALUES (362, N'Tarakanda', N'??????????', N'88', 27, NULL, NULL, NULL, NULL, 1)
INSERT [dbo].[Thana] ([Id], [ThanaNameEng], [ThanaNameBng], [BBSCode], [DistrictId], [CreateDate], [CreatedBy], [EditDate], [EditedBy], [Status]) VALUES (363, N'Trishal', N'???????', N'94', 27, NULL, NULL, NULL, NULL, 1)
INSERT [dbo].[Thana] ([Id], [ThanaNameEng], [ThanaNameBng], [BBSCode], [DistrictId], [CreateDate], [CreatedBy], [EditDate], [EditedBy], [Status]) VALUES (364, N'Atrai', N'??????', N'3', 47, NULL, NULL, NULL, NULL, 1)
INSERT [dbo].[Thana] ([Id], [ThanaNameEng], [ThanaNameBng], [BBSCode], [DistrictId], [CreateDate], [CreatedBy], [EditDate], [EditedBy], [Status]) VALUES (365, N'Badalgachhi', N'???????', N'6', 47, NULL, NULL, NULL, NULL, 1)
INSERT [dbo].[Thana] ([Id], [ThanaNameEng], [ThanaNameBng], [BBSCode], [DistrictId], [CreateDate], [CreatedBy], [EditDate], [EditedBy], [Status]) VALUES (366, N'Dhamoirhat', N'?????????', N'28', 47, NULL, NULL, NULL, NULL, 1)
INSERT [dbo].[Thana] ([Id], [ThanaNameEng], [ThanaNameBng], [BBSCode], [DistrictId], [CreateDate], [CreatedBy], [EditDate], [EditedBy], [Status]) VALUES (367, N'Manda', N'??????', N'47', 47, NULL, NULL, NULL, NULL, 1)
INSERT [dbo].[Thana] ([Id], [ThanaNameEng], [ThanaNameBng], [BBSCode], [DistrictId], [CreateDate], [CreatedBy], [EditDate], [EditedBy], [Status]) VALUES (368, N'Mahadebpur', N'?????????', N'50', 47, NULL, NULL, NULL, NULL, 1)
INSERT [dbo].[Thana] ([Id], [ThanaNameEng], [ThanaNameBng], [BBSCode], [DistrictId], [CreateDate], [CreatedBy], [EditDate], [EditedBy], [Status]) VALUES (369, N'Naogaon Sadar', N'????? ???', N'60', 47, NULL, NULL, NULL, NULL, 1)
INSERT [dbo].[Thana] ([Id], [ThanaNameEng], [ThanaNameBng], [BBSCode], [DistrictId], [CreateDate], [CreatedBy], [EditDate], [EditedBy], [Status]) VALUES (370, N'Niamatpur', N'?????????', N'69', 47, NULL, NULL, NULL, NULL, 1)
INSERT [dbo].[Thana] ([Id], [ThanaNameEng], [ThanaNameBng], [BBSCode], [DistrictId], [CreateDate], [CreatedBy], [EditDate], [EditedBy], [Status]) VALUES (371, N'Patnitala', N'????????', N'75', 47, NULL, NULL, NULL, NULL, 1)
INSERT [dbo].[Thana] ([Id], [ThanaNameEng], [ThanaNameBng], [BBSCode], [DistrictId], [CreateDate], [CreatedBy], [EditDate], [EditedBy], [Status]) VALUES (372, N'Porsha', N'?????', N'79', 47, NULL, NULL, NULL, NULL, 1)
INSERT [dbo].[Thana] ([Id], [ThanaNameEng], [ThanaNameBng], [BBSCode], [DistrictId], [CreateDate], [CreatedBy], [EditDate], [EditedBy], [Status]) VALUES (373, N'Raninagar', N'???????', N'85', 47, NULL, NULL, NULL, NULL, 1)
INSERT [dbo].[Thana] ([Id], [ThanaNameEng], [ThanaNameBng], [BBSCode], [DistrictId], [CreateDate], [CreatedBy], [EditDate], [EditedBy], [Status]) VALUES (374, N'Sapahar', N'???????', N'86', 47, NULL, NULL, NULL, NULL, 1)
INSERT [dbo].[Thana] ([Id], [ThanaNameEng], [ThanaNameBng], [BBSCode], [DistrictId], [CreateDate], [CreatedBy], [EditDate], [EditedBy], [Status]) VALUES (375, N'Kalia', N'??????', N'28', 43, NULL, NULL, NULL, NULL, 1)
INSERT [dbo].[Thana] ([Id], [ThanaNameEng], [ThanaNameBng], [BBSCode], [DistrictId], [CreateDate], [CreatedBy], [EditDate], [EditedBy], [Status]) VALUES (376, N'Lohagara', N'???????', N'52', 43, NULL, NULL, NULL, NULL, 1)
INSERT [dbo].[Thana] ([Id], [ThanaNameEng], [ThanaNameBng], [BBSCode], [DistrictId], [CreateDate], [CreatedBy], [EditDate], [EditedBy], [Status]) VALUES (377, N'Narail Sadar', N'????? ???', N'76', 43, NULL, NULL, NULL, NULL, 1)
INSERT [dbo].[Thana] ([Id], [ThanaNameEng], [ThanaNameBng], [BBSCode], [DistrictId], [CreateDate], [CreatedBy], [EditDate], [EditedBy], [Status]) VALUES (378, N'Araihazar', N'?????????', N'2', 28, NULL, NULL, NULL, NULL, 1)
INSERT [dbo].[Thana] ([Id], [ThanaNameEng], [ThanaNameBng], [BBSCode], [DistrictId], [CreateDate], [CreatedBy], [EditDate], [EditedBy], [Status]) VALUES (379, N'Sonargaon', N'?????????', N'4', 28, NULL, NULL, NULL, NULL, 1)
INSERT [dbo].[Thana] ([Id], [ThanaNameEng], [ThanaNameBng], [BBSCode], [DistrictId], [CreateDate], [CreatedBy], [EditDate], [EditedBy], [Status]) VALUES (380, N'Bandar', N'?????', N'6', 28, NULL, NULL, NULL, NULL, 1)
INSERT [dbo].[Thana] ([Id], [ThanaNameEng], [ThanaNameBng], [BBSCode], [DistrictId], [CreateDate], [CreatedBy], [EditDate], [EditedBy], [Status]) VALUES (381, N'Narayanganj Sadar', N'?????????? ???', N'58', 28, NULL, NULL, NULL, NULL, 1)
INSERT [dbo].[Thana] ([Id], [ThanaNameEng], [ThanaNameBng], [BBSCode], [DistrictId], [CreateDate], [CreatedBy], [EditDate], [EditedBy], [Status]) VALUES (382, N'Rupganj', N'???????', N'68', 28, NULL, NULL, NULL, NULL, 1)
INSERT [dbo].[Thana] ([Id], [ThanaNameEng], [ThanaNameBng], [BBSCode], [DistrictId], [CreateDate], [CreatedBy], [EditDate], [EditedBy], [Status]) VALUES (383, N'Belabo', N'??????', N'7', 29, NULL, NULL, NULL, NULL, 1)
INSERT [dbo].[Thana] ([Id], [ThanaNameEng], [ThanaNameBng], [BBSCode], [DistrictId], [CreateDate], [CreatedBy], [EditDate], [EditedBy], [Status]) VALUES (384, N'Manohardi', N'???????', N'52', 29, NULL, NULL, NULL, NULL, 1)
INSERT [dbo].[Thana] ([Id], [ThanaNameEng], [ThanaNameBng], [BBSCode], [DistrictId], [CreateDate], [CreatedBy], [EditDate], [EditedBy], [Status]) VALUES (385, N'Narsingdi Sadar', N'??????? ???', N'60', 29, NULL, NULL, NULL, NULL, 1)
INSERT [dbo].[Thana] ([Id], [ThanaNameEng], [ThanaNameBng], [BBSCode], [DistrictId], [CreateDate], [CreatedBy], [EditDate], [EditedBy], [Status]) VALUES (386, N'Palash', N'????', N'63', 29, NULL, NULL, NULL, NULL, 1)
INSERT [dbo].[Thana] ([Id], [ThanaNameEng], [ThanaNameBng], [BBSCode], [DistrictId], [CreateDate], [CreatedBy], [EditDate], [EditedBy], [Status]) VALUES (387, N'Roypura', N'???????', N'64', 29, NULL, NULL, NULL, NULL, 1)
INSERT [dbo].[Thana] ([Id], [ThanaNameEng], [ThanaNameBng], [BBSCode], [DistrictId], [CreateDate], [CreatedBy], [EditDate], [EditedBy], [Status]) VALUES (388, N'Shibpur', N'??????', N'76', 29, NULL, NULL, NULL, NULL, 1)
INSERT [dbo].[Thana] ([Id], [ThanaNameEng], [ThanaNameBng], [BBSCode], [DistrictId], [CreateDate], [CreatedBy], [EditDate], [EditedBy], [Status]) VALUES (389, N'Bagatipara', N'??????????', N'9', 48, NULL, NULL, NULL, NULL, 1)
INSERT [dbo].[Thana] ([Id], [ThanaNameEng], [ThanaNameBng], [BBSCode], [DistrictId], [CreateDate], [CreatedBy], [EditDate], [EditedBy], [Status]) VALUES (390, N'Baraigram', N'????????', N'15', 48, NULL, NULL, NULL, NULL, 1)
INSERT [dbo].[Thana] ([Id], [ThanaNameEng], [ThanaNameBng], [BBSCode], [DistrictId], [CreateDate], [CreatedBy], [EditDate], [EditedBy], [Status]) VALUES (391, N'Gurudaspur', N'??????????', N'41', 48, NULL, NULL, NULL, NULL, 1)
INSERT [dbo].[Thana] ([Id], [ThanaNameEng], [ThanaNameBng], [BBSCode], [DistrictId], [CreateDate], [CreatedBy], [EditDate], [EditedBy], [Status]) VALUES (392, N'Lalpur', N'??????', N'44', 48, NULL, NULL, NULL, NULL, 1)
INSERT [dbo].[Thana] ([Id], [ThanaNameEng], [ThanaNameBng], [BBSCode], [DistrictId], [CreateDate], [CreatedBy], [EditDate], [EditedBy], [Status]) VALUES (393, N'Naldanga', N'', N'55', 48, NULL, NULL, NULL, NULL, 1)
INSERT [dbo].[Thana] ([Id], [ThanaNameEng], [ThanaNameBng], [BBSCode], [DistrictId], [CreateDate], [CreatedBy], [EditDate], [EditedBy], [Status]) VALUES (394, N'Natore Sadar', N'????? ???', N'63', 48, NULL, NULL, NULL, NULL, 1)
INSERT [dbo].[Thana] ([Id], [ThanaNameEng], [ThanaNameBng], [BBSCode], [DistrictId], [CreateDate], [CreatedBy], [EditDate], [EditedBy], [Status]) VALUES (395, N'Singra', N'?????', N'91', 48, NULL, NULL, NULL, NULL, 1)
INSERT [dbo].[Thana] ([Id], [ThanaNameEng], [ThanaNameBng], [BBSCode], [DistrictId], [CreateDate], [CreatedBy], [EditDate], [EditedBy], [Status]) VALUES (396, N'Bholahat', N'???????', N'18', 49, NULL, NULL, NULL, NULL, 1)
INSERT [dbo].[Thana] ([Id], [ThanaNameEng], [ThanaNameBng], [BBSCode], [DistrictId], [CreateDate], [CreatedBy], [EditDate], [EditedBy], [Status]) VALUES (397, N'Gomastapur', N'??????????', N'37', 49, NULL, NULL, NULL, NULL, 1)
INSERT [dbo].[Thana] ([Id], [ThanaNameEng], [ThanaNameBng], [BBSCode], [DistrictId], [CreateDate], [CreatedBy], [EditDate], [EditedBy], [Status]) VALUES (398, N'Nachole', N'?????', N'56', 49, NULL, NULL, NULL, NULL, 1)
INSERT [dbo].[Thana] ([Id], [ThanaNameEng], [ThanaNameBng], [BBSCode], [DistrictId], [CreateDate], [CreatedBy], [EditDate], [EditedBy], [Status]) VALUES (399, N'Chapai Nababganj Sadar', N'?????? ???????? ???', N'66', 49, NULL, NULL, NULL, NULL, 1)

INSERT [dbo].[Thana] ([Id], [ThanaNameEng], [ThanaNameBng], [BBSCode], [DistrictId], [CreateDate], [CreatedBy], [EditDate], [EditedBy], [Status]) VALUES (400, N'Shibganj', N'???????', N'88', 49, NULL, NULL, NULL, NULL, 1)
INSERT [dbo].[Thana] ([Id], [ThanaNameEng], [ThanaNameBng], [BBSCode], [DistrictId], [CreateDate], [CreatedBy], [EditDate], [EditedBy], [Status]) VALUES (401, N'Atpara', N'??????', N'4', 30, NULL, NULL, NULL, NULL, 1)
INSERT [dbo].[Thana] ([Id], [ThanaNameEng], [ThanaNameBng], [BBSCode], [DistrictId], [CreateDate], [CreatedBy], [EditDate], [EditedBy], [Status]) VALUES (402, N'Barhatta', N'?????????', N'9', 30, NULL, NULL, NULL, NULL, 1)
INSERT [dbo].[Thana] ([Id], [ThanaNameEng], [ThanaNameBng], [BBSCode], [DistrictId], [CreateDate], [CreatedBy], [EditDate], [EditedBy], [Status]) VALUES (403, N'Durgapur', N'?????????', N'18', 30, NULL, NULL, NULL, NULL, 1)
INSERT [dbo].[Thana] ([Id], [ThanaNameEng], [ThanaNameBng], [BBSCode], [DistrictId], [CreateDate], [CreatedBy], [EditDate], [EditedBy], [Status]) VALUES (404, N'Khaliajuri', N'?????????', N'38', 30, NULL, NULL, NULL, NULL, 1)
INSERT [dbo].[Thana] ([Id], [ThanaNameEng], [ThanaNameBng], [BBSCode], [DistrictId], [CreateDate], [CreatedBy], [EditDate], [EditedBy], [Status]) VALUES (405, N'Kalmakanda', N'??????????', N'40', 30, NULL, NULL, NULL, NULL, 1)
INSERT [dbo].[Thana] ([Id], [ThanaNameEng], [ThanaNameBng], [BBSCode], [DistrictId], [CreateDate], [CreatedBy], [EditDate], [EditedBy], [Status]) VALUES (406, N'Kendua', N'????????', N'47', 30, NULL, NULL, NULL, NULL, 1)
INSERT [dbo].[Thana] ([Id], [ThanaNameEng], [ThanaNameBng], [BBSCode], [DistrictId], [CreateDate], [CreatedBy], [EditDate], [EditedBy], [Status]) VALUES (407, N'Madan', N'??? ', N'56', 30, NULL, NULL, NULL, NULL, 1)
INSERT [dbo].[Thana] ([Id], [ThanaNameEng], [ThanaNameBng], [BBSCode], [DistrictId], [CreateDate], [CreatedBy], [EditDate], [EditedBy], [Status]) VALUES (408, N'Mohanganj', N'????????', N'63', 30, NULL, NULL, NULL, NULL, 1)
INSERT [dbo].[Thana] ([Id], [ThanaNameEng], [ThanaNameBng], [BBSCode], [DistrictId], [CreateDate], [CreatedBy], [EditDate], [EditedBy], [Status]) VALUES (409, N'Netrokona Sadar', N'????????? ???', N'74', 30, NULL, NULL, NULL, NULL, 1)
INSERT [dbo].[Thana] ([Id], [ThanaNameEng], [ThanaNameBng], [BBSCode], [DistrictId], [CreateDate], [CreatedBy], [EditDate], [EditedBy], [Status]) VALUES (410, N'Purbadhala', N'????????', N'83', 30, NULL, NULL, NULL, NULL, 1)
INSERT [dbo].[Thana] ([Id], [ThanaNameEng], [ThanaNameBng], [BBSCode], [DistrictId], [CreateDate], [CreatedBy], [EditDate], [EditedBy], [Status]) VALUES (411, N'Dimla', N'?????', N'12', 57, NULL, NULL, NULL, NULL, 1)
INSERT [dbo].[Thana] ([Id], [ThanaNameEng], [ThanaNameBng], [BBSCode], [DistrictId], [CreateDate], [CreatedBy], [EditDate], [EditedBy], [Status]) VALUES (412, N'Domar Upazila', N'?????', N'15', 57, NULL, NULL, NULL, NULL, 1)
INSERT [dbo].[Thana] ([Id], [ThanaNameEng], [ThanaNameBng], [BBSCode], [DistrictId], [CreateDate], [CreatedBy], [EditDate], [EditedBy], [Status]) VALUES (413, N'Jaldhaka', N'??????', N'36', 57, NULL, NULL, NULL, NULL, 1)
INSERT [dbo].[Thana] ([Id], [ThanaNameEng], [ThanaNameBng], [BBSCode], [DistrictId], [CreateDate], [CreatedBy], [EditDate], [EditedBy], [Status]) VALUES (414, N'Kishoreganj', N'?????????', N'45', 57, NULL, NULL, NULL, NULL, 1)
INSERT [dbo].[Thana] ([Id], [ThanaNameEng], [ThanaNameBng], [BBSCode], [DistrictId], [CreateDate], [CreatedBy], [EditDate], [EditedBy], [Status]) VALUES (415, N'Nilphamari Sadar', N'????????? ???', N'64', 57, NULL, NULL, NULL, NULL, 1)
INSERT [dbo].[Thana] ([Id], [ThanaNameEng], [ThanaNameBng], [BBSCode], [DistrictId], [CreateDate], [CreatedBy], [EditDate], [EditedBy], [Status]) VALUES (416, N'Saidpur Upazila', N'???????', N'85', 57, NULL, NULL, NULL, NULL, 1)
INSERT [dbo].[Thana] ([Id], [ThanaNameEng], [ThanaNameBng], [BBSCode], [DistrictId], [CreateDate], [CreatedBy], [EditDate], [EditedBy], [Status]) VALUES (417, N'Begumganj', N'????????', N'7', 16, NULL, NULL, NULL, NULL, 1)
INSERT [dbo].[Thana] ([Id], [ThanaNameEng], [ThanaNameBng], [BBSCode], [DistrictId], [CreateDate], [CreatedBy], [EditDate], [EditedBy], [Status]) VALUES (418, N'Chatkhil', N'????????', N'10', 16, NULL, NULL, NULL, NULL, 1)
INSERT [dbo].[Thana] ([Id], [ThanaNameEng], [ThanaNameBng], [BBSCode], [DistrictId], [CreateDate], [CreatedBy], [EditDate], [EditedBy], [Status]) VALUES (419, N'Companiganj', N'????????????', N'21', 16, NULL, NULL, NULL, NULL, 1)
INSERT [dbo].[Thana] ([Id], [ThanaNameEng], [ThanaNameBng], [BBSCode], [DistrictId], [CreateDate], [CreatedBy], [EditDate], [EditedBy], [Status]) VALUES (420, N'Hatiya', N'??????', N'36', 16, NULL, NULL, NULL, NULL, 1)
INSERT [dbo].[Thana] ([Id], [ThanaNameEng], [ThanaNameBng], [BBSCode], [DistrictId], [CreateDate], [CreatedBy], [EditDate], [EditedBy], [Status]) VALUES (421, N'Kabirhat', N'???????', N'47', 16, NULL, NULL, NULL, NULL, 1)
INSERT [dbo].[Thana] ([Id], [ThanaNameEng], [ThanaNameBng], [BBSCode], [DistrictId], [CreateDate], [CreatedBy], [EditDate], [EditedBy], [Status]) VALUES (422, N'Senbagh', N'??????', N'80', 16, NULL, NULL, NULL, NULL, 1)
INSERT [dbo].[Thana] ([Id], [ThanaNameEng], [ThanaNameBng], [BBSCode], [DistrictId], [CreateDate], [CreatedBy], [EditDate], [EditedBy], [Status]) VALUES (423, N'Sonaimuri', N'?????????', N'83', 16, NULL, NULL, NULL, NULL, 1)
INSERT [dbo].[Thana] ([Id], [ThanaNameEng], [ThanaNameBng], [BBSCode], [DistrictId], [CreateDate], [CreatedBy], [EditDate], [EditedBy], [Status]) VALUES (424, N'Subarnachar', N'????????', N'85', 16, NULL, NULL, NULL, NULL, 1)
INSERT [dbo].[Thana] ([Id], [ThanaNameEng], [ThanaNameBng], [BBSCode], [DistrictId], [CreateDate], [CreatedBy], [EditDate], [EditedBy], [Status]) VALUES (425, N'Noakhali Sadar', N'???????? ???', N'87', 16, NULL, NULL, NULL, NULL, 1)
INSERT [dbo].[Thana] ([Id], [ThanaNameEng], [ThanaNameBng], [BBSCode], [DistrictId], [CreateDate], [CreatedBy], [EditDate], [EditedBy], [Status]) VALUES (426, N'Atgharia', N'???????', N'5', 50, NULL, NULL, NULL, NULL, 1)
INSERT [dbo].[Thana] ([Id], [ThanaNameEng], [ThanaNameBng], [BBSCode], [DistrictId], [CreateDate], [CreatedBy], [EditDate], [EditedBy], [Status]) VALUES (427, N'Bera', N'????', N'16', 50, NULL, NULL, NULL, NULL, 1)
INSERT [dbo].[Thana] ([Id], [ThanaNameEng], [ThanaNameBng], [BBSCode], [DistrictId], [CreateDate], [CreatedBy], [EditDate], [EditedBy], [Status]) VALUES (428, N'Bhangura', N'???????', N'19', 50, NULL, NULL, NULL, NULL, 1)
INSERT [dbo].[Thana] ([Id], [ThanaNameEng], [ThanaNameBng], [BBSCode], [DistrictId], [CreateDate], [CreatedBy], [EditDate], [EditedBy], [Status]) VALUES (429, N'Chatmohar', N'?????????', N'22', 50, NULL, NULL, NULL, NULL, 1)
INSERT [dbo].[Thana] ([Id], [ThanaNameEng], [ThanaNameBng], [BBSCode], [DistrictId], [CreateDate], [CreatedBy], [EditDate], [EditedBy], [Status]) VALUES (430, N'Faridpur', N'???????', N'33', 50, NULL, NULL, NULL, NULL, 1)
INSERT [dbo].[Thana] ([Id], [ThanaNameEng], [ThanaNameBng], [BBSCode], [DistrictId], [CreateDate], [CreatedBy], [EditDate], [EditedBy], [Status]) VALUES (431, N'Ishwardi', N'???????', N'39', 50, NULL, NULL, NULL, NULL, 1)
INSERT [dbo].[Thana] ([Id], [ThanaNameEng], [ThanaNameBng], [BBSCode], [DistrictId], [CreateDate], [CreatedBy], [EditDate], [EditedBy], [Status]) VALUES (432, N'Pabna Sadar', N'????? ???', N'55', 50, NULL, NULL, NULL, NULL, 1)
INSERT [dbo].[Thana] ([Id], [ThanaNameEng], [ThanaNameBng], [BBSCode], [DistrictId], [CreateDate], [CreatedBy], [EditDate], [EditedBy], [Status]) VALUES (433, N'Santhia', N'???????', N'72', 50, NULL, NULL, NULL, NULL, 1)
INSERT [dbo].[Thana] ([Id], [ThanaNameEng], [ThanaNameBng], [BBSCode], [DistrictId], [CreateDate], [CreatedBy], [EditDate], [EditedBy], [Status]) VALUES (434, N'Sujanagar', N'???????', N'83', 50, NULL, NULL, NULL, NULL, 1)
INSERT [dbo].[Thana] ([Id], [ThanaNameEng], [ThanaNameBng], [BBSCode], [DistrictId], [CreateDate], [CreatedBy], [EditDate], [EditedBy], [Status]) VALUES (435, N'Atwari', N'???????', N'4', 58, NULL, NULL, NULL, NULL, 1)
INSERT [dbo].[Thana] ([Id], [ThanaNameEng], [ThanaNameBng], [BBSCode], [DistrictId], [CreateDate], [CreatedBy], [EditDate], [EditedBy], [Status]) VALUES (436, N'Boda', N'????', N'25', 58, NULL, NULL, NULL, NULL, 1)
INSERT [dbo].[Thana] ([Id], [ThanaNameEng], [ThanaNameBng], [BBSCode], [DistrictId], [CreateDate], [CreatedBy], [EditDate], [EditedBy], [Status]) VALUES (437, N'Debiganj', N'????????', N'34', 58, NULL, NULL, NULL, NULL, 1)
INSERT [dbo].[Thana] ([Id], [ThanaNameEng], [ThanaNameBng], [BBSCode], [DistrictId], [CreateDate], [CreatedBy], [EditDate], [EditedBy], [Status]) VALUES (438, N'Panchagarh Sadar', N'?????? ???', N'73', 58, NULL, NULL, NULL, NULL, 1)
INSERT [dbo].[Thana] ([Id], [ThanaNameEng], [ThanaNameBng], [BBSCode], [DistrictId], [CreateDate], [CreatedBy], [EditDate], [EditedBy], [Status]) VALUES (439, N'Tentulia', N'?????????', N'90', 58, NULL, NULL, NULL, NULL, 1)
INSERT [dbo].[Thana] ([Id], [ThanaNameEng], [ThanaNameBng], [BBSCode], [DistrictId], [CreateDate], [CreatedBy], [EditDate], [EditedBy], [Status]) VALUES (440, N'Bauphal', N'?????', N'38', 5, NULL, NULL, NULL, NULL, 1)
INSERT [dbo].[Thana] ([Id], [ThanaNameEng], [ThanaNameBng], [BBSCode], [DistrictId], [CreateDate], [CreatedBy], [EditDate], [EditedBy], [Status]) VALUES (441, N'Dashmina', N'??????', N'52', 5, NULL, NULL, NULL, NULL, 1)
INSERT [dbo].[Thana] ([Id], [ThanaNameEng], [ThanaNameBng], [BBSCode], [DistrictId], [CreateDate], [CreatedBy], [EditDate], [EditedBy], [Status]) VALUES (442, N'Dumki', N'???????', N'55', 5, NULL, NULL, NULL, NULL, 1)
INSERT [dbo].[Thana] ([Id], [ThanaNameEng], [ThanaNameBng], [BBSCode], [DistrictId], [CreateDate], [CreatedBy], [EditDate], [EditedBy], [Status]) VALUES (443, N'Galachipa', N'???????', N'57', 5, NULL, NULL, NULL, NULL, 1)
INSERT [dbo].[Thana] ([Id], [ThanaNameEng], [ThanaNameBng], [BBSCode], [DistrictId], [CreateDate], [CreatedBy], [EditDate], [EditedBy], [Status]) VALUES (444, N'Kalapara', N'???????', N'66', 5, NULL, NULL, NULL, NULL, 1)
INSERT [dbo].[Thana] ([Id], [ThanaNameEng], [ThanaNameBng], [BBSCode], [DistrictId], [CreateDate], [CreatedBy], [EditDate], [EditedBy], [Status]) VALUES (445, N'Mirzaganj', N'??????????', N'76', 5, NULL, NULL, NULL, NULL, 1)
INSERT [dbo].[Thana] ([Id], [ThanaNameEng], [ThanaNameBng], [BBSCode], [DistrictId], [CreateDate], [CreatedBy], [EditDate], [EditedBy], [Status]) VALUES (446, N'Patuakhali Sadar', N'????????? ???', N'95', 5, NULL, NULL, NULL, NULL, 1)
INSERT [dbo].[Thana] ([Id], [ThanaNameEng], [ThanaNameBng], [BBSCode], [DistrictId], [CreateDate], [CreatedBy], [EditDate], [EditedBy], [Status]) VALUES (447, N'Rangabali', N'??????????', N'97', 5, NULL, NULL, NULL, NULL, 1)
INSERT [dbo].[Thana] ([Id], [ThanaNameEng], [ThanaNameBng], [BBSCode], [DistrictId], [CreateDate], [CreatedBy], [EditDate], [EditedBy], [Status]) VALUES (448, N'Bhandaria', N'??????????', N'14', 6, NULL, NULL, NULL, NULL, 1)
INSERT [dbo].[Thana] ([Id], [ThanaNameEng], [ThanaNameBng], [BBSCode], [DistrictId], [CreateDate], [CreatedBy], [EditDate], [EditedBy], [Status]) VALUES (449, N'Kawkhali', N'???????', N'47', 6, NULL, NULL, NULL, NULL, 1)
INSERT [dbo].[Thana] ([Id], [ThanaNameEng], [ThanaNameBng], [BBSCode], [DistrictId], [CreateDate], [CreatedBy], [EditDate], [EditedBy], [Status]) VALUES (450, N'Mathbaria', N'????????', N'58', 6, NULL, NULL, NULL, NULL, 1)
INSERT [dbo].[Thana] ([Id], [ThanaNameEng], [ThanaNameBng], [BBSCode], [DistrictId], [CreateDate], [CreatedBy], [EditDate], [EditedBy], [Status]) VALUES (451, N'Nazirpur', N'????????', N'76', 6, NULL, NULL, NULL, NULL, 1)
INSERT [dbo].[Thana] ([Id], [ThanaNameEng], [ThanaNameBng], [BBSCode], [DistrictId], [CreateDate], [CreatedBy], [EditDate], [EditedBy], [Status]) VALUES (452, N'Pirojpur Sadar', N'???????? ???', N'80', 6, NULL, NULL, NULL, NULL, 1)
INSERT [dbo].[Thana] ([Id], [ThanaNameEng], [ThanaNameBng], [BBSCode], [DistrictId], [CreateDate], [CreatedBy], [EditDate], [EditedBy], [Status]) VALUES (453, N'Nesarabad (Swarupkati)', N'?????????(??????????)', N'87', 6, NULL, NULL, NULL, NULL, 1)
INSERT [dbo].[Thana] ([Id], [ThanaNameEng], [ThanaNameBng], [BBSCode], [DistrictId], [CreateDate], [CreatedBy], [EditDate], [EditedBy], [Status]) VALUES (454, N'Zianagar', N'???????', N'90', 6, NULL, NULL, NULL, NULL, 1)
INSERT [dbo].[Thana] ([Id], [ThanaNameEng], [ThanaNameBng], [BBSCode], [DistrictId], [CreateDate], [CreatedBy], [EditDate], [EditedBy], [Status]) VALUES (455, N'Bagha', N'????', N'10', 51, NULL, NULL, NULL, NULL, 1)
INSERT [dbo].[Thana] ([Id], [ThanaNameEng], [ThanaNameBng], [BBSCode], [DistrictId], [CreateDate], [CreatedBy], [EditDate], [EditedBy], [Status]) VALUES (456, N'Baghmara', N'???????', N'12', 51, NULL, NULL, NULL, NULL, 1)
INSERT [dbo].[Thana] ([Id], [ThanaNameEng], [ThanaNameBng], [BBSCode], [DistrictId], [CreateDate], [CreatedBy], [EditDate], [EditedBy], [Status]) VALUES (457, N'Boalia', N'????????', N'22', 51, NULL, NULL, NULL, NULL, 1)
INSERT [dbo].[Thana] ([Id], [ThanaNameEng], [ThanaNameBng], [BBSCode], [DistrictId], [CreateDate], [CreatedBy], [EditDate], [EditedBy], [Status]) VALUES (458, N'Charghat', N'??????', N'25', 51, NULL, NULL, NULL, NULL, 1)
INSERT [dbo].[Thana] ([Id], [ThanaNameEng], [ThanaNameBng], [BBSCode], [DistrictId], [CreateDate], [CreatedBy], [EditDate], [EditedBy], [Status]) VALUES (459, N'Durgapur', N'?????????', N'31', 51, NULL, NULL, NULL, NULL, 1)
INSERT [dbo].[Thana] ([Id], [ThanaNameEng], [ThanaNameBng], [BBSCode], [DistrictId], [CreateDate], [CreatedBy], [EditDate], [EditedBy], [Status]) VALUES (460, N'Godagari', N'????????', N'34', 51, NULL, NULL, NULL, NULL, 1)
INSERT [dbo].[Thana] ([Id], [ThanaNameEng], [ThanaNameBng], [BBSCode], [DistrictId], [CreateDate], [CreatedBy], [EditDate], [EditedBy], [Status]) VALUES (461, N'Matihar', N'??????', N'40', 51, NULL, NULL, NULL, NULL, 1)
INSERT [dbo].[Thana] ([Id], [ThanaNameEng], [ThanaNameBng], [BBSCode], [DistrictId], [CreateDate], [CreatedBy], [EditDate], [EditedBy], [Status]) VALUES (462, N'Mohanpur', N'???????', N'53', 51, NULL, NULL, NULL, NULL, 1)
INSERT [dbo].[Thana] ([Id], [ThanaNameEng], [ThanaNameBng], [BBSCode], [DistrictId], [CreateDate], [CreatedBy], [EditDate], [EditedBy], [Status]) VALUES (463, N'Paba', N'???', N'72', 51, NULL, NULL, NULL, NULL, 1)
INSERT [dbo].[Thana] ([Id], [ThanaNameEng], [ThanaNameBng], [BBSCode], [DistrictId], [CreateDate], [CreatedBy], [EditDate], [EditedBy], [Status]) VALUES (464, N'Puthia', N'??????', N'82', 51, NULL, NULL, NULL, NULL, 1)
INSERT [dbo].[Thana] ([Id], [ThanaNameEng], [ThanaNameBng], [BBSCode], [DistrictId], [CreateDate], [CreatedBy], [EditDate], [EditedBy], [Status]) VALUES (465, N'Rajpara', N'???????', N'85', 51, NULL, NULL, NULL, NULL, 1)
INSERT [dbo].[Thana] ([Id], [ThanaNameEng], [ThanaNameBng], [BBSCode], [DistrictId], [CreateDate], [CreatedBy], [EditDate], [EditedBy], [Status]) VALUES (466, N'Shah Makhdum', N'????? ?????', N'90', 51, NULL, NULL, NULL, NULL, 1)
INSERT [dbo].[Thana] ([Id], [ThanaNameEng], [ThanaNameBng], [BBSCode], [DistrictId], [CreateDate], [CreatedBy], [EditDate], [EditedBy], [Status]) VALUES (467, N'Tanore', N'?????', N'94', 51, NULL, NULL, NULL, NULL, 1)
INSERT [dbo].[Thana] ([Id], [ThanaNameEng], [ThanaNameBng], [BBSCode], [DistrictId], [CreateDate], [CreatedBy], [EditDate], [EditedBy], [Status]) VALUES (468, N'Baliakandi', N'????????????', N'7', 31, NULL, NULL, NULL, NULL, 1)
INSERT [dbo].[Thana] ([Id], [ThanaNameEng], [ThanaNameBng], [BBSCode], [DistrictId], [CreateDate], [CreatedBy], [EditDate], [EditedBy], [Status]) VALUES (469, N'Goalanda', N'????????', N'29', 31, NULL, NULL, NULL, NULL, 1)
INSERT [dbo].[Thana] ([Id], [ThanaNameEng], [ThanaNameBng], [BBSCode], [DistrictId], [CreateDate], [CreatedBy], [EditDate], [EditedBy], [Status]) VALUES (470, N'Kalukhali', N'????????', N'47', 31, NULL, NULL, NULL, NULL, 1)
INSERT [dbo].[Thana] ([Id], [ThanaNameEng], [ThanaNameBng], [BBSCode], [DistrictId], [CreateDate], [CreatedBy], [EditDate], [EditedBy], [Status]) VALUES (471, N'Pangsha', N'?????', N'73', 31, NULL, NULL, NULL, NULL, 1)
INSERT [dbo].[Thana] ([Id], [ThanaNameEng], [ThanaNameBng], [BBSCode], [DistrictId], [CreateDate], [CreatedBy], [EditDate], [EditedBy], [Status]) VALUES (472, N'Rajbari Sadar', N'??????? ???', N'76', 31, NULL, NULL, NULL, NULL, 1)
INSERT [dbo].[Thana] ([Id], [ThanaNameEng], [ThanaNameBng], [BBSCode], [DistrictId], [CreateDate], [CreatedBy], [EditDate], [EditedBy], [Status]) VALUES (473, N'Baghaichhari', N'????????', N'7', 17, NULL, NULL, NULL, NULL, 1)
INSERT [dbo].[Thana] ([Id], [ThanaNameEng], [ThanaNameBng], [BBSCode], [DistrictId], [CreateDate], [CreatedBy], [EditDate], [EditedBy], [Status]) VALUES (474, N'Barkal Upazila', N'????', N'21', 17, NULL, NULL, NULL, NULL, 1)
INSERT [dbo].[Thana] ([Id], [ThanaNameEng], [ThanaNameBng], [BBSCode], [DistrictId], [CreateDate], [CreatedBy], [EditDate], [EditedBy], [Status]) VALUES (475, N'Kawkhali (Betbunia)', N'???????', N'25', 17, NULL, NULL, NULL, NULL, 1)
INSERT [dbo].[Thana] ([Id], [ThanaNameEng], [ThanaNameBng], [BBSCode], [DistrictId], [CreateDate], [CreatedBy], [EditDate], [EditedBy], [Status]) VALUES (476, N'Belai Chhari  Upazi', N'????????', N'29', 17, NULL, NULL, NULL, NULL, 1)
INSERT [dbo].[Thana] ([Id], [ThanaNameEng], [ThanaNameBng], [BBSCode], [DistrictId], [CreateDate], [CreatedBy], [EditDate], [EditedBy], [Status]) VALUES (477, N'Kaptai  Upazila', N'???????', N'36', 17, NULL, NULL, NULL, NULL, 1)
INSERT [dbo].[Thana] ([Id], [ThanaNameEng], [ThanaNameBng], [BBSCode], [DistrictId], [CreateDate], [CreatedBy], [EditDate], [EditedBy], [Status]) VALUES (478, N'Jurai Chhari Upazil', N'????????', N'47', 17, NULL, NULL, NULL, NULL, 1)
INSERT [dbo].[Thana] ([Id], [ThanaNameEng], [ThanaNameBng], [BBSCode], [DistrictId], [CreateDate], [CreatedBy], [EditDate], [EditedBy], [Status]) VALUES (479, N'Langadu  Upazila', N'?????', N'58', 17, NULL, NULL, NULL, NULL, 1)
INSERT [dbo].[Thana] ([Id], [ThanaNameEng], [ThanaNameBng], [BBSCode], [DistrictId], [CreateDate], [CreatedBy], [EditDate], [EditedBy], [Status]) VALUES (480, N'Naniarchar  Upazila', N'?????????', N'75', 17, NULL, NULL, NULL, NULL, 1)
INSERT [dbo].[Thana] ([Id], [ThanaNameEng], [ThanaNameBng], [BBSCode], [DistrictId], [CreateDate], [CreatedBy], [EditDate], [EditedBy], [Status]) VALUES (481, N'Rajasthali  Upazila', N'?????????', N'78', 17, NULL, NULL, NULL, NULL, 1)
INSERT [dbo].[Thana] ([Id], [ThanaNameEng], [ThanaNameBng], [BBSCode], [DistrictId], [CreateDate], [CreatedBy], [EditDate], [EditedBy], [Status]) VALUES (482, N'Rangamati Sadar  Up', N'?????????? ???', N'87', 17, NULL, NULL, NULL, NULL, 1)
INSERT [dbo].[Thana] ([Id], [ThanaNameEng], [ThanaNameBng], [BBSCode], [DistrictId], [CreateDate], [CreatedBy], [EditDate], [EditedBy], [Status]) VALUES (483, N'Badarganj', N'???????', N'3', 59, NULL, NULL, NULL, NULL, 1)
INSERT [dbo].[Thana] ([Id], [ThanaNameEng], [ThanaNameBng], [BBSCode], [DistrictId], [CreateDate], [CreatedBy], [EditDate], [EditedBy], [Status]) VALUES (484, N'Gangachara', N'???????', N'27', 59, NULL, NULL, NULL, NULL, 1)
INSERT [dbo].[Thana] ([Id], [ThanaNameEng], [ThanaNameBng], [BBSCode], [DistrictId], [CreateDate], [CreatedBy], [EditDate], [EditedBy], [Status]) VALUES (485, N'Kaunia', N'???????', N'42', 59, NULL, NULL, NULL, NULL, 1)
INSERT [dbo].[Thana] ([Id], [ThanaNameEng], [ThanaNameBng], [BBSCode], [DistrictId], [CreateDate], [CreatedBy], [EditDate], [EditedBy], [Status]) VALUES (486, N'Rangpur Sadar', N'????? ???', N'49', 59, NULL, NULL, NULL, NULL, 1)
INSERT [dbo].[Thana] ([Id], [ThanaNameEng], [ThanaNameBng], [BBSCode], [DistrictId], [CreateDate], [CreatedBy], [EditDate], [EditedBy], [Status]) VALUES (487, N'Mitha Pukur', N'?????????', N'58', 59, NULL, NULL, NULL, NULL, 1)
INSERT [dbo].[Thana] ([Id], [ThanaNameEng], [ThanaNameBng], [BBSCode], [DistrictId], [CreateDate], [CreatedBy], [EditDate], [EditedBy], [Status]) VALUES (488, N'Pirgachha', N'???????', N'73', 59, NULL, NULL, NULL, NULL, 1)
INSERT [dbo].[Thana] ([Id], [ThanaNameEng], [ThanaNameBng], [BBSCode], [DistrictId], [CreateDate], [CreatedBy], [EditDate], [EditedBy], [Status]) VALUES (489, N'Pirganj', N'???????', N'76', 59, NULL, NULL, NULL, NULL, 1)
INSERT [dbo].[Thana] ([Id], [ThanaNameEng], [ThanaNameBng], [BBSCode], [DistrictId], [CreateDate], [CreatedBy], [EditDate], [EditedBy], [Status]) VALUES (490, N'Taraganj', N'????????', N'92', 59, NULL, NULL, NULL, NULL, 1)
INSERT [dbo].[Thana] ([Id], [ThanaNameEng], [ThanaNameBng], [BBSCode], [DistrictId], [CreateDate], [CreatedBy], [EditDate], [EditedBy], [Status]) VALUES (491, N'Bhedarganj', N'????????', N'14', 32, NULL, NULL, NULL, NULL, 1)
INSERT [dbo].[Thana] ([Id], [ThanaNameEng], [ThanaNameBng], [BBSCode], [DistrictId], [CreateDate], [CreatedBy], [EditDate], [EditedBy], [Status]) VALUES (492, N'Damudya', N'????????', N'25', 32, NULL, NULL, NULL, NULL, 1)
INSERT [dbo].[Thana] ([Id], [ThanaNameEng], [ThanaNameBng], [BBSCode], [DistrictId], [CreateDate], [CreatedBy], [EditDate], [EditedBy], [Status]) VALUES (493, N'Gosairhat', N'?????????', N'36', 32, NULL, NULL, NULL, NULL, 1)
INSERT [dbo].[Thana] ([Id], [ThanaNameEng], [ThanaNameBng], [BBSCode], [DistrictId], [CreateDate], [CreatedBy], [EditDate], [EditedBy], [Status]) VALUES (494, N'Naria', N'?????', N'65', 32, NULL, NULL, NULL, NULL, 1)
INSERT [dbo].[Thana] ([Id], [ThanaNameEng], [ThanaNameBng], [BBSCode], [DistrictId], [CreateDate], [CreatedBy], [EditDate], [EditedBy], [Status]) VALUES (495, N'Shariatpur Sadar', N'???????? ???', N'69', 32, NULL, NULL, NULL, NULL, 1)
INSERT [dbo].[Thana] ([Id], [ThanaNameEng], [ThanaNameBng], [BBSCode], [DistrictId], [CreateDate], [CreatedBy], [EditDate], [EditedBy], [Status]) VALUES (496, N'Zanjira', N'??????', N'94', 32, NULL, NULL, NULL, NULL, 1)
INSERT [dbo].[Thana] ([Id], [ThanaNameEng], [ThanaNameBng], [BBSCode], [DistrictId], [CreateDate], [CreatedBy], [EditDate], [EditedBy], [Status]) VALUES (497, N'Assasuni', N'???????', N'4', 44, NULL, NULL, NULL, NULL, 1)
INSERT [dbo].[Thana] ([Id], [ThanaNameEng], [ThanaNameBng], [BBSCode], [DistrictId], [CreateDate], [CreatedBy], [EditDate], [EditedBy], [Status]) VALUES (498, N'Debhata', N'???????', N'25', 44, NULL, NULL, NULL, NULL, 1)
INSERT [dbo].[Thana] ([Id], [ThanaNameEng], [ThanaNameBng], [BBSCode], [DistrictId], [CreateDate], [CreatedBy], [EditDate], [EditedBy], [Status]) VALUES (499, N'Kalaroa', N'???????', N'43', 44, NULL, NULL, NULL, NULL, 1)

INSERT [dbo].[Thana] ([Id], [ThanaNameEng], [ThanaNameBng], [BBSCode], [DistrictId], [CreateDate], [CreatedBy], [EditDate], [EditedBy], [Status]) VALUES (500, N'Kaliganj', N'????????', N'47', 44, NULL, NULL, NULL, NULL, 1)
INSERT [dbo].[Thana] ([Id], [ThanaNameEng], [ThanaNameBng], [BBSCode], [DistrictId], [CreateDate], [CreatedBy], [EditDate], [EditedBy], [Status]) VALUES (501, N'Satkhira Sadar', N'????????? ???', N'82', 44, NULL, NULL, NULL, NULL, 1)
INSERT [dbo].[Thana] ([Id], [ThanaNameEng], [ThanaNameBng], [BBSCode], [DistrictId], [CreateDate], [CreatedBy], [EditDate], [EditedBy], [Status]) VALUES (502, N'Shyamnagar', N'????????', N'86', 44, NULL, NULL, NULL, NULL, 1)
INSERT [dbo].[Thana] ([Id], [ThanaNameEng], [ThanaNameBng], [BBSCode], [DistrictId], [CreateDate], [CreatedBy], [EditDate], [EditedBy], [Status]) VALUES (503, N'Tala', N'????', N'90', 44, NULL, NULL, NULL, NULL, 1)
INSERT [dbo].[Thana] ([Id], [ThanaNameEng], [ThanaNameBng], [BBSCode], [DistrictId], [CreateDate], [CreatedBy], [EditDate], [EditedBy], [Status]) VALUES (504, N'Belkuchi', N'???????', N'11', 52, NULL, NULL, NULL, NULL, 1)
INSERT [dbo].[Thana] ([Id], [ThanaNameEng], [ThanaNameBng], [BBSCode], [DistrictId], [CreateDate], [CreatedBy], [EditDate], [EditedBy], [Status]) VALUES (505, N'Chauhali', N'??????', N'27', 52, NULL, NULL, NULL, NULL, 1)
INSERT [dbo].[Thana] ([Id], [ThanaNameEng], [ThanaNameBng], [BBSCode], [DistrictId], [CreateDate], [CreatedBy], [EditDate], [EditedBy], [Status]) VALUES (506, N'Kamarkhanda', N'?????????', N'44', 52, NULL, NULL, NULL, NULL, 1)
INSERT [dbo].[Thana] ([Id], [ThanaNameEng], [ThanaNameBng], [BBSCode], [DistrictId], [CreateDate], [CreatedBy], [EditDate], [EditedBy], [Status]) VALUES (507, N'Kazipur', N'???????', N'50', 52, NULL, NULL, NULL, NULL, 1)
INSERT [dbo].[Thana] ([Id], [ThanaNameEng], [ThanaNameBng], [BBSCode], [DistrictId], [CreateDate], [CreatedBy], [EditDate], [EditedBy], [Status]) VALUES (508, N'Royganj', N'???????', N'61', 52, NULL, NULL, NULL, NULL, 1)
INSERT [dbo].[Thana] ([Id], [ThanaNameEng], [ThanaNameBng], [BBSCode], [DistrictId], [CreateDate], [CreatedBy], [EditDate], [EditedBy], [Status]) VALUES (509, N'Shahjadpur', N'??????????', N'67', 52, NULL, NULL, NULL, NULL, 1)
INSERT [dbo].[Thana] ([Id], [ThanaNameEng], [ThanaNameBng], [BBSCode], [DistrictId], [CreateDate], [CreatedBy], [EditDate], [EditedBy], [Status]) VALUES (510, N'Sirajganj Sadar', N'????????? ???', N'78', 52, NULL, NULL, NULL, NULL, 1)
INSERT [dbo].[Thana] ([Id], [ThanaNameEng], [ThanaNameBng], [BBSCode], [DistrictId], [CreateDate], [CreatedBy], [EditDate], [EditedBy], [Status]) VALUES (511, N'Tarash', N'?????', N'89', 52, NULL, NULL, NULL, NULL, 1)
INSERT [dbo].[Thana] ([Id], [ThanaNameEng], [ThanaNameBng], [BBSCode], [DistrictId], [CreateDate], [CreatedBy], [EditDate], [EditedBy], [Status]) VALUES (512, N'Ullah Para', N'????? ????', N'94', 52, NULL, NULL, NULL, NULL, 1)
INSERT [dbo].[Thana] ([Id], [ThanaNameEng], [ThanaNameBng], [BBSCode], [DistrictId], [CreateDate], [CreatedBy], [EditDate], [EditedBy], [Status]) VALUES (513, N'Jhenaigati', N'?????????', N'37', 33, NULL, NULL, NULL, NULL, 1)
INSERT [dbo].[Thana] ([Id], [ThanaNameEng], [ThanaNameBng], [BBSCode], [DistrictId], [CreateDate], [CreatedBy], [EditDate], [EditedBy], [Status]) VALUES (514, N'Nakla', N'????', N'67', 33, NULL, NULL, NULL, NULL, 1)
INSERT [dbo].[Thana] ([Id], [ThanaNameEng], [ThanaNameBng], [BBSCode], [DistrictId], [CreateDate], [CreatedBy], [EditDate], [EditedBy], [Status]) VALUES (515, N'Nalitabari', N'??????????', N'70', 33, NULL, NULL, NULL, NULL, 1)
INSERT [dbo].[Thana] ([Id], [ThanaNameEng], [ThanaNameBng], [BBSCode], [DistrictId], [CreateDate], [CreatedBy], [EditDate], [EditedBy], [Status]) VALUES (516, N'Sherpur Sadar', N'?????? ???', N'88', 33, NULL, NULL, NULL, NULL, 1)
INSERT [dbo].[Thana] ([Id], [ThanaNameEng], [ThanaNameBng], [BBSCode], [DistrictId], [CreateDate], [CreatedBy], [EditDate], [EditedBy], [Status]) VALUES (517, N'Sreebardi', N'?????????', N'90', 33, NULL, NULL, NULL, NULL, 1)
INSERT [dbo].[Thana] ([Id], [ThanaNameEng], [ThanaNameBng], [BBSCode], [DistrictId], [CreateDate], [CreatedBy], [EditDate], [EditedBy], [Status]) VALUES (518, N'Bishwambarpur', N'????????????', N'18', 63, NULL, NULL, NULL, NULL, 1)
INSERT [dbo].[Thana] ([Id], [ThanaNameEng], [ThanaNameBng], [BBSCode], [DistrictId], [CreateDate], [CreatedBy], [EditDate], [EditedBy], [Status]) VALUES (519, N'Chhatak', N'????', N'23', 63, NULL, NULL, NULL, NULL, 1)
INSERT [dbo].[Thana] ([Id], [ThanaNameEng], [ThanaNameBng], [BBSCode], [DistrictId], [CreateDate], [CreatedBy], [EditDate], [EditedBy], [Status]) VALUES (520, N'Dakshin Sunamganj', N'?????? ?????????', N'27', 63, NULL, NULL, NULL, NULL, 1)
INSERT [dbo].[Thana] ([Id], [ThanaNameEng], [ThanaNameBng], [BBSCode], [DistrictId], [CreateDate], [CreatedBy], [EditDate], [EditedBy], [Status]) VALUES (521, N'Derai', N'?????', N'29', 63, NULL, NULL, NULL, NULL, 1)
INSERT [dbo].[Thana] ([Id], [ThanaNameEng], [ThanaNameBng], [BBSCode], [DistrictId], [CreateDate], [CreatedBy], [EditDate], [EditedBy], [Status]) VALUES (522, N'Dharampasha', N'????????', N'32', 63, NULL, NULL, NULL, NULL, 1)
INSERT [dbo].[Thana] ([Id], [ThanaNameEng], [ThanaNameBng], [BBSCode], [DistrictId], [CreateDate], [CreatedBy], [EditDate], [EditedBy], [Status]) VALUES (523, N'Dowarabazar', N'???????????', N'33', 63, NULL, NULL, NULL, NULL, 1)
INSERT [dbo].[Thana] ([Id], [ThanaNameEng], [ThanaNameBng], [BBSCode], [DistrictId], [CreateDate], [CreatedBy], [EditDate], [EditedBy], [Status]) VALUES (524, N'Jagannathpur', N'??????????', N'47', 63, NULL, NULL, NULL, NULL, 1)
INSERT [dbo].[Thana] ([Id], [ThanaNameEng], [ThanaNameBng], [BBSCode], [DistrictId], [CreateDate], [CreatedBy], [EditDate], [EditedBy], [Status]) VALUES (525, N'Jamalganj', N'?????????', N'50', 63, NULL, NULL, NULL, NULL, 1)
INSERT [dbo].[Thana] ([Id], [ThanaNameEng], [ThanaNameBng], [BBSCode], [DistrictId], [CreateDate], [CreatedBy], [EditDate], [EditedBy], [Status]) VALUES (526, N'Sulla', N'??????', N'86', 63, NULL, NULL, NULL, NULL, 1)
INSERT [dbo].[Thana] ([Id], [ThanaNameEng], [ThanaNameBng], [BBSCode], [DistrictId], [CreateDate], [CreatedBy], [EditDate], [EditedBy], [Status]) VALUES (527, N'Sunamganj Sadar', N'????????? ???', N'89', 63, NULL, NULL, NULL, NULL, 1)
INSERT [dbo].[Thana] ([Id], [ThanaNameEng], [ThanaNameBng], [BBSCode], [DistrictId], [CreateDate], [CreatedBy], [EditDate], [EditedBy], [Status]) VALUES (528, N'Tahirpur', N'????????', N'92', 63, NULL, NULL, NULL, NULL, 1)
INSERT [dbo].[Thana] ([Id], [ThanaNameEng], [ThanaNameBng], [BBSCode], [DistrictId], [CreateDate], [CreatedBy], [EditDate], [EditedBy], [Status]) VALUES (529, N'Balaganj', N'????????', N'8', 64, NULL, NULL, NULL, NULL, 1)
INSERT [dbo].[Thana] ([Id], [ThanaNameEng], [ThanaNameBng], [BBSCode], [DistrictId], [CreateDate], [CreatedBy], [EditDate], [EditedBy], [Status]) VALUES (530, N'Beani Bazar', N'?????? ?????', N'17', 64, NULL, NULL, NULL, NULL, 1)
INSERT [dbo].[Thana] ([Id], [ThanaNameEng], [ThanaNameBng], [BBSCode], [DistrictId], [CreateDate], [CreatedBy], [EditDate], [EditedBy], [Status]) VALUES (531, N'Bishwanath', N'????????', N'20', 64, NULL, NULL, NULL, NULL, 1)
INSERT [dbo].[Thana] ([Id], [ThanaNameEng], [ThanaNameBng], [BBSCode], [DistrictId], [CreateDate], [CreatedBy], [EditDate], [EditedBy], [Status]) VALUES (532, N'Companiganj', N'????????????', N'27', 64, NULL, NULL, NULL, NULL, 1)
INSERT [dbo].[Thana] ([Id], [ThanaNameEng], [ThanaNameBng], [BBSCode], [DistrictId], [CreateDate], [CreatedBy], [EditDate], [EditedBy], [Status]) VALUES (533, N'Dakshin Surma', N'?????? ?????', N'31', 64, NULL, NULL, NULL, NULL, 1)
INSERT [dbo].[Thana] ([Id], [ThanaNameEng], [ThanaNameBng], [BBSCode], [DistrictId], [CreateDate], [CreatedBy], [EditDate], [EditedBy], [Status]) VALUES (534, N'Fenchuganj', N'??????????', N'35', 64, NULL, NULL, NULL, NULL, 1)
INSERT [dbo].[Thana] ([Id], [ThanaNameEng], [ThanaNameBng], [BBSCode], [DistrictId], [CreateDate], [CreatedBy], [EditDate], [EditedBy], [Status]) VALUES (535, N'Golapganj', N'?????????', N'38', 64, NULL, NULL, NULL, NULL, 1)
INSERT [dbo].[Thana] ([Id], [ThanaNameEng], [ThanaNameBng], [BBSCode], [DistrictId], [CreateDate], [CreatedBy], [EditDate], [EditedBy], [Status]) VALUES (536, N'Gowainghat', N'?????????', N'41', 64, NULL, NULL, NULL, NULL, 1)
INSERT [dbo].[Thana] ([Id], [ThanaNameEng], [ThanaNameBng], [BBSCode], [DistrictId], [CreateDate], [CreatedBy], [EditDate], [EditedBy], [Status]) VALUES (537, N'Jaintiapur', N'?????????', N'53', 64, NULL, NULL, NULL, NULL, 1)
INSERT [dbo].[Thana] ([Id], [ThanaNameEng], [ThanaNameBng], [BBSCode], [DistrictId], [CreateDate], [CreatedBy], [EditDate], [EditedBy], [Status]) VALUES (538, N'Kanaighat', N'????????', N'59', 64, NULL, NULL, NULL, NULL, 1)
INSERT [dbo].[Thana] ([Id], [ThanaNameEng], [ThanaNameBng], [BBSCode], [DistrictId], [CreateDate], [CreatedBy], [EditDate], [EditedBy], [Status]) VALUES (539, N'Sylhet Sadar', N'????? ???', N'62', 64, NULL, NULL, NULL, NULL, 1)
INSERT [dbo].[Thana] ([Id], [ThanaNameEng], [ThanaNameBng], [BBSCode], [DistrictId], [CreateDate], [CreatedBy], [EditDate], [EditedBy], [Status]) VALUES (540, N'Zakiganj', N'???????', N'94', 64, NULL, NULL, NULL, NULL, 1)
INSERT [dbo].[Thana] ([Id], [ThanaNameEng], [ThanaNameBng], [BBSCode], [DistrictId], [CreateDate], [CreatedBy], [EditDate], [EditedBy], [Status]) VALUES (541, N'Basail', N'??????', N'9', 34, NULL, NULL, NULL, NULL, 1)
INSERT [dbo].[Thana] ([Id], [ThanaNameEng], [ThanaNameBng], [BBSCode], [DistrictId], [CreateDate], [CreatedBy], [EditDate], [EditedBy], [Status]) VALUES (542, N'Bhuapur', N'???????', N'19', 34, NULL, NULL, NULL, NULL, 1)
INSERT [dbo].[Thana] ([Id], [ThanaNameEng], [ThanaNameBng], [BBSCode], [DistrictId], [CreateDate], [CreatedBy], [EditDate], [EditedBy], [Status]) VALUES (543, N'Delduar', N'????????', N'23', 34, NULL, NULL, NULL, NULL, 1)
INSERT [dbo].[Thana] ([Id], [ThanaNameEng], [ThanaNameBng], [BBSCode], [DistrictId], [CreateDate], [CreatedBy], [EditDate], [EditedBy], [Status]) VALUES (544, N'Dhanbari', N'??????', N'25', 34, NULL, NULL, NULL, NULL, 1)
INSERT [dbo].[Thana] ([Id], [ThanaNameEng], [ThanaNameBng], [BBSCode], [DistrictId], [CreateDate], [CreatedBy], [EditDate], [EditedBy], [Status]) VALUES (545, N'Ghatail', N'??????', N'28', 34, NULL, NULL, NULL, NULL, 1)
INSERT [dbo].[Thana] ([Id], [ThanaNameEng], [ThanaNameBng], [BBSCode], [DistrictId], [CreateDate], [CreatedBy], [EditDate], [EditedBy], [Status]) VALUES (546, N'Gopalpur', N'????????', N'38', 34, NULL, NULL, NULL, NULL, 1)
INSERT [dbo].[Thana] ([Id], [ThanaNameEng], [ThanaNameBng], [BBSCode], [DistrictId], [CreateDate], [CreatedBy], [EditDate], [EditedBy], [Status]) VALUES (547, N'Kalihati', N'????????', N'47', 34, NULL, NULL, NULL, NULL, 1)
INSERT [dbo].[Thana] ([Id], [ThanaNameEng], [ThanaNameBng], [BBSCode], [DistrictId], [CreateDate], [CreatedBy], [EditDate], [EditedBy], [Status]) VALUES (548, N'Madhupur', N'??????', N'57', 34, NULL, NULL, NULL, NULL, 1)
INSERT [dbo].[Thana] ([Id], [ThanaNameEng], [ThanaNameBng], [BBSCode], [DistrictId], [CreateDate], [CreatedBy], [EditDate], [EditedBy], [Status]) VALUES (549, N'Mirzapur', N'?????????', N'66', 34, NULL, NULL, NULL, NULL, 1)
INSERT [dbo].[Thana] ([Id], [ThanaNameEng], [ThanaNameBng], [BBSCode], [DistrictId], [CreateDate], [CreatedBy], [EditDate], [EditedBy], [Status]) VALUES (550, N'Nagarpur', N'???????', N'76', 34, NULL, NULL, NULL, NULL, 1)
INSERT [dbo].[Thana] ([Id], [ThanaNameEng], [ThanaNameBng], [BBSCode], [DistrictId], [CreateDate], [CreatedBy], [EditDate], [EditedBy], [Status]) VALUES (551, N'Sakhipur', N'??????', N'85', 34, NULL, NULL, NULL, NULL, 1)
INSERT [dbo].[Thana] ([Id], [ThanaNameEng], [ThanaNameBng], [BBSCode], [DistrictId], [CreateDate], [CreatedBy], [EditDate], [EditedBy], [Status]) VALUES (552, N'Tangail Sadar', N'???????? ???', N'95', 34, NULL, NULL, NULL, NULL, 1)
INSERT [dbo].[Thana] ([Id], [ThanaNameEng], [ThanaNameBng], [BBSCode], [DistrictId], [CreateDate], [CreatedBy], [EditDate], [EditedBy], [Status]) VALUES (553, N'Baliadangi', N'???????????', N'8', 60, NULL, NULL, NULL, NULL, 1)
INSERT [dbo].[Thana] ([Id], [ThanaNameEng], [ThanaNameBng], [BBSCode], [DistrictId], [CreateDate], [CreatedBy], [EditDate], [EditedBy], [Status]) VALUES (554, N'Haripur', N'??????', N'51', 60, NULL, NULL, NULL, NULL, 1)
INSERT [dbo].[Thana] ([Id], [ThanaNameEng], [ThanaNameBng], [BBSCode], [DistrictId], [CreateDate], [CreatedBy], [EditDate], [EditedBy], [Status]) VALUES (555, N'Pirganj', N'???????', N'82', 60, NULL, NULL, NULL, NULL, 1)
INSERT [dbo].[Thana] ([Id], [ThanaNameEng], [ThanaNameBng], [BBSCode], [DistrictId], [CreateDate], [CreatedBy], [EditDate], [EditedBy], [Status]) VALUES (556, N'Ranisankail', N'??????????', N'86', 60, NULL, NULL, NULL, NULL, 1)
INSERT [dbo].[Thana] ([Id], [ThanaNameEng], [ThanaNameBng], [BBSCode], [DistrictId], [CreateDate], [CreatedBy], [EditDate], [EditedBy], [Status]) VALUES (557, N'Thakurgaon Sadar', N'????????? ???', N'94', 60, NULL, NULL, NULL, NULL, 1)
SET IDENTITY_INSERT [dbo].[Thana] OFF
SET IDENTITY_INSERT [dbo].[Address] ON 

INSERT [dbo].[Address] ([Id], [PhoneNo], [CellPhoneNo], [Email], [AddressLine1], [AddressLine2], [AddressLine3], [PostalCode], [ThanaId], [DistrictId], [DivisionId], [CountryId], [CreateDate], [CreatedBy], [EditDate], [EditedBy], [Status]) VALUES (1, NULL, NULL, NULL, N'89 Kakrail', N'ghj', NULL, N'2500', 35, 3, 1, NULL, CAST(N'2017-11-04 12:03:41.430' AS DateTime), NULL, NULL, NULL, 1)
INSERT [dbo].[Address] ([Id], [PhoneNo], [CellPhoneNo], [Email], [AddressLine1], [AddressLine2], [AddressLine3], [PostalCode], [ThanaId], [DistrictId], [DivisionId], [CountryId], [CreateDate], [CreatedBy], [EditDate], [EditedBy], [Status]) VALUES (2, NULL, NULL, NULL, N'ghj', N'djdh jad', NULL, N'1200', 132, 18, 3, NULL, CAST(N'2017-11-04 12:03:41.430' AS DateTime), NULL, NULL, NULL, 1)
SET IDENTITY_INSERT [dbo].[Address] OFF
SET IDENTITY_INSERT [dbo].[Person] ON 

INSERT [dbo].[Person] ([Id], [FirstName], [LastName], [DateOfBirth], [Gender], [MaritalStatus], [Religion], [BloodGroup], [FatherId], [MotherId], [SpouseId], [ParentId], [Nationality], [PermanentAddressId], [PresentAddressId], [NID], [PassportNo], [DrivingLicense], [Photo], [EmergencyContactId], [EmergencyContactPersonPhone], [EmergencyContactPersonRelation], [Email], [PhoneNo], [CreateDate], [CreatedBy], [EditDate], [EditedBy], [Status]) VALUES (1, N'Abdul', N'Hamid', NULL, 1, 1, 1, NULL, NULL, NULL, NULL, NULL, NULL, NULL, NULL, NULL, NULL, NULL, NULL, NULL, NULL, NULL, NULL, NULL, CAST(N'2017-10-31 12:45:03.773' AS DateTime), NULL, NULL, NULL, 1)
INSERT [dbo].[Person] ([Id], [FirstName], [LastName], [DateOfBirth], [Gender], [MaritalStatus], [Religion], [BloodGroup], [FatherId], [MotherId], [SpouseId], [ParentId], [Nationality], [PermanentAddressId], [PresentAddressId], [NID], [PassportNo], [DrivingLicense], [Photo], [EmergencyContactId], [EmergencyContactPersonPhone], [EmergencyContactPersonRelation], [Email], [PhoneNo], [CreateDate], [CreatedBy], [EditDate], [EditedBy], [Status]) VALUES (2, N'Mst Mauluda', N'KHatun', NULL, 2, 1, 1, NULL, NULL, NULL, NULL, NULL, NULL, NULL, NULL, NULL, NULL, NULL, NULL, NULL, NULL, NULL, NULL, NULL, CAST(N'2017-10-31 12:45:03.773' AS DateTime), NULL, NULL, NULL, 1)
INSERT [dbo].[Person] ([Id], [FirstName], [LastName], [DateOfBirth], [Gender], [MaritalStatus], [Religion], [BloodGroup], [FatherId], [MotherId], [SpouseId], [ParentId], [Nationality], [PermanentAddressId], [PresentAddressId], [NID], [PassportNo], [DrivingLicense], [Photo], [EmergencyContactId], [EmergencyContactPersonPhone], [EmergencyContactPersonRelation], [Email], [PhoneNo], [CreateDate], [CreatedBy], [EditDate], [EditedBy], [Status]) VALUES (3, N'Mayedul', N'Islam', CAST(N'1987-01-25 00:00:00.000' AS DateTime), 1, 1, 1, 7, 1, 2, NULL, NULL, N'Bangladeshi', 1, 2, N'19872256252535555', NULL, NULL, NULL, NULL, N'8801671666015', N'Uncle', N'masb@ndh.dj', N'8801671666015', CAST(N'2017-10-31 12:45:03.773' AS DateTime), NULL, NULL, NULL, 1)
INSERT [dbo].[Person] ([Id], [FirstName], [LastName], [DateOfBirth], [Gender], [MaritalStatus], [Religion], [BloodGroup], [FatherId], [MotherId], [SpouseId], [ParentId], [Nationality], [PermanentAddressId], [PresentAddressId], [NID], [PassportNo], [DrivingLicense], [Photo], [EmergencyContactId], [EmergencyContactPersonPhone], [EmergencyContactPersonRelation], [Email], [PhoneNo], [CreateDate], [CreatedBy], [EditDate], [EditedBy], [Status]) VALUES (5, N'Mr X', N'Hosaain', NULL, 1, 1, 1, NULL, NULL, NULL, NULL, NULL, NULL, NULL, NULL, NULL, NULL, NULL, NULL, NULL, NULL, NULL, NULL, NULL, CAST(N'2017-10-31 12:52:58.020' AS DateTime), NULL, NULL, NULL, 1)
INSERT [dbo].[Person] ([Id], [FirstName], [LastName], [DateOfBirth], [Gender], [MaritalStatus], [Religion], [BloodGroup], [FatherId], [MotherId], [SpouseId], [ParentId], [Nationality], [PermanentAddressId], [PresentAddressId], [NID], [PassportNo], [DrivingLicense], [Photo], [EmergencyContactId], [EmergencyContactPersonPhone], [EmergencyContactPersonRelation], [Email], [PhoneNo], [CreateDate], [CreatedBy], [EditDate], [EditedBy], [Status]) VALUES (6, N'Mst y', N'Hossain', NULL, 2, 1, 1, NULL, NULL, NULL, NULL, NULL, NULL, NULL, NULL, NULL, NULL, NULL, NULL, NULL, NULL, NULL, NULL, NULL, CAST(N'2017-10-31 12:52:58.020' AS DateTime), NULL, NULL, NULL, 1)
INSERT [dbo].[Person] ([Id], [FirstName], [LastName], [DateOfBirth], [Gender], [MaritalStatus], [Religion], [BloodGroup], [FatherId], [MotherId], [SpouseId], [ParentId], [Nationality], [PermanentAddressId], [PresentAddressId], [NID], [PassportNo], [DrivingLicense], [Photo], [EmergencyContactId], [EmergencyContactPersonPhone], [EmergencyContactPersonRelation], [Email], [PhoneNo], [CreateDate], [CreatedBy], [EditDate], [EditedBy], [Status]) VALUES (7, N'Test', N'Employee', CAST(N'1986-09-16 00:00:00.000' AS DateTime), 1, 1, 1, 3, 5, 6, NULL, NULL, N'Bangladeshi', NULL, NULL, N'19872256252535555', NULL, NULL, NULL, NULL, NULL, NULL, NULL, NULL, CAST(N'2017-10-31 12:52:58.020' AS DateTime), NULL, NULL, NULL, 1)
INSERT [dbo].[Person] ([Id], [FirstName], [LastName], [DateOfBirth], [Gender], [MaritalStatus], [Religion], [BloodGroup], [FatherId], [MotherId], [SpouseId], [ParentId], [Nationality], [PermanentAddressId], [PresentAddressId], [NID], [PassportNo], [DrivingLicense], [Photo], [EmergencyContactId], [EmergencyContactPersonPhone], [EmergencyContactPersonRelation], [Email], [PhoneNo], [CreateDate], [CreatedBy], [EditDate], [EditedBy], [Status]) VALUES (8, N'Abdur', N'Rahman', NULL, 1, 1, 1, NULL, NULL, NULL, NULL, NULL, NULL, NULL, NULL, NULL, NULL, NULL, NULL, NULL, NULL, NULL, NULL, NULL, CAST(N'2017-12-26 16:56:39.690' AS DateTime), NULL, NULL, NULL, 1)
INSERT [dbo].[Person] ([Id], [FirstName], [LastName], [DateOfBirth], [Gender], [MaritalStatus], [Religion], [BloodGroup], [FatherId], [MotherId], [SpouseId], [ParentId], [Nationality], [PermanentAddressId], [PresentAddressId], [NID], [PassportNo], [DrivingLicense], [Photo], [EmergencyContactId], [EmergencyContactPersonPhone], [EmergencyContactPersonRelation], [Email], [PhoneNo], [CreateDate], [CreatedBy], [EditDate], [EditedBy], [Status]) VALUES (9, N'khao', N'dfkm', NULL, 2, 1, 1, NULL, NULL, NULL, NULL, NULL, NULL, NULL, NULL, NULL, NULL, NULL, NULL, NULL, NULL, NULL, NULL, NULL, CAST(N'2017-12-26 16:56:39.690' AS DateTime), NULL, NULL, NULL, 1)
INSERT [dbo].[Person] ([Id], [FirstName], [LastName], [DateOfBirth], [Gender], [MaritalStatus], [Religion], [BloodGroup], [FatherId], [MotherId], [SpouseId], [ParentId], [Nationality], [PermanentAddressId], [PresentAddressId], [NID], [PassportNo], [DrivingLicense], [Photo], [EmergencyContactId], [EmergencyContactPersonPhone], [EmergencyContactPersonRelation], [Email], [PhoneNo], [CreateDate], [CreatedBy], [EditDate], [EditedBy], [Status]) VALUES (10, N'Xamp', N'Rahman', CAST(N'1995-12-01 00:00:00.000' AS DateTime), 1, 1, 1, 3, 8, 9, NULL, NULL, N'Bangladeshi', NULL, NULL, N'25632253659814756', NULL, NULL, NULL, NULL, NULL, NULL, NULL, NULL, CAST(N'2017-12-26 16:56:39.690' AS DateTime), NULL, NULL, NULL, 1)
INSERT [dbo].[Person] ([Id], [FirstName], [LastName], [DateOfBirth], [Gender], [MaritalStatus], [Religion], [BloodGroup], [FatherId], [MotherId], [SpouseId], [ParentId], [Nationality], [PermanentAddressId], [PresentAddressId], [NID], [PassportNo], [DrivingLicense], [Photo], [EmergencyContactId], [EmergencyContactPersonPhone], [EmergencyContactPersonRelation], [Email], [PhoneNo], [CreateDate], [CreatedBy], [EditDate], [EditedBy], [Status]) VALUES (11, N'Jack', N'khn', NULL, 1, 1, 4, NULL, NULL, NULL, NULL, NULL, NULL, NULL, NULL, NULL, NULL, NULL, NULL, NULL, NULL, NULL, NULL, NULL, CAST(N'2017-12-26 17:01:17.113' AS DateTime), NULL, NULL, NULL, 1)
INSERT [dbo].[Person] ([Id], [FirstName], [LastName], [DateOfBirth], [Gender], [MaritalStatus], [Religion], [BloodGroup], [FatherId], [MotherId], [SpouseId], [ParentId], [Nationality], [PermanentAddressId], [PresentAddressId], [NID], [PassportNo], [DrivingLicense], [Photo], [EmergencyContactId], [EmergencyContactPersonPhone], [EmergencyContactPersonRelation], [Email], [PhoneNo], [CreateDate], [CreatedBy], [EditDate], [EditedBy], [Status]) VALUES (12, N'dak', N'jsddfk', NULL, 2, 1, 4, NULL, NULL, NULL, NULL, NULL, NULL, NULL, NULL, NULL, NULL, NULL, NULL, NULL, NULL, NULL, NULL, NULL, CAST(N'2017-12-26 17:01:17.113' AS DateTime), NULL, NULL, NULL, 1)
INSERT [dbo].[Person] ([Id], [FirstName], [LastName], [DateOfBirth], [Gender], [MaritalStatus], [Religion], [BloodGroup], [FatherId], [MotherId], [SpouseId], [ParentId], [Nationality], [PermanentAddressId], [PresentAddressId], [NID], [PassportNo], [DrivingLicense], [Photo], [EmergencyContactId], [EmergencyContactPersonPhone], [EmergencyContactPersonRelation], [Email], [PhoneNo], [CreateDate], [CreatedBy], [EditDate], [EditedBy], [Status]) VALUES (13, N'John', N'Smith', CAST(N'1987-12-18 00:00:00.000' AS DateTime), 1, 2, 4, 5, 11, 12, NULL, NULL, N'Bangladeshi', NULL, NULL, N'91522568971536987', NULL, NULL, NULL, NULL, NULL, NULL, NULL, NULL, CAST(N'2017-12-26 17:01:17.113' AS DateTime), NULL, NULL, NULL, 1)
SET IDENTITY_INSERT [dbo].[Person] OFF
SET IDENTITY_INSERT [dbo].[Supplier] ON 

INSERT [dbo].[Supplier] ([Id], [Name], [Address], [Phone], [Fax], [Email], [ContactPerson], [BankAccountNo], [PayTerms], [CountryId], [IsActive], [CreateDate], [CreatedBy], [EditDate], [EditedBy], [Status]) VALUES (1, N'Akhtar Furniture', N'Motijhil 2', N'01671666015', N'56468465', N'jkdfhj@kjf.dfk', N'Test', N'01358558', N'2', 1, 0, CAST(N'2017-10-30 17:55:40.340' AS DateTime), 1, CAST(N'2017-10-30 19:00:53.383' AS DateTime), 1, 1)
INSERT [dbo].[Supplier] ([Id], [Name], [Address], [Phone], [Fax], [Email], [ContactPerson], [BankAccountNo], [PayTerms], [CountryId], [IsActive], [CreateDate], [CreatedBy], [EditDate], [EditedBy], [Status]) VALUES (2, N'Regal', N'RFL', N'01685752699', N'56987452256', N'msh@jvk.dj', N'fsh', N'648626', N'3', 11, 0, CAST(N'2017-10-30 19:01:54.683' AS DateTime), 1, CAST(N'2018-03-04 13:50:00.540' AS DateTime), 1, 1)
INSERT [dbo].[Supplier] ([Id], [Name], [Address], [Phone], [Fax], [Email], [ContactPerson], [BankAccountNo], [PayTerms], [CountryId], [IsActive], [CreateDate], [CreatedBy], [EditDate], [EditedBy], [Status]) VALUES (3, N'Otobi', N'Kakrail Circle', N'+8802830055000', NULL, N'info@otobi.com', N'Mr. X', N'0125555555', NULL, 1, 0, CAST(N'2017-12-26 15:10:44.090' AS DateTime), 1, CAST(N'2018-03-04 15:23:45.587' AS DateTime), 1, 1)
INSERT [dbo].[Supplier] ([Id], [Name], [Address], [Phone], [Fax], [Email], [ContactPerson], [BankAccountNo], [PayTerms], [CountryId], [IsActive], [CreateDate], [CreatedBy], [EditDate], [EditedBy], [Status]) VALUES (4, N'Flora Computers', N'Kakrail Circle', N'+8802830055002', NULL, N'info@flora.com', NULL, NULL, NULL, 1, 0, CAST(N'2017-12-26 15:11:39.397' AS DateTime), 1, CAST(N'2018-03-04 13:52:19.110' AS DateTime), 1, 1)
INSERT [dbo].[Supplier] ([Id], [Name], [Address], [Phone], [Fax], [Email], [ContactPerson], [BankAccountNo], [PayTerms], [CountryId], [IsActive], [CreateDate], [CreatedBy], [EditDate], [EditedBy], [Status]) VALUES (5, N'Creative Media', N'test', N'02380055000', NULL, N'info@cr.com', NULL, NULL, NULL, 1, 0, CAST(N'2017-12-26 15:16:37.240' AS DateTime), 1, NULL, NULL, 1)
INSERT [dbo].[Supplier] ([Id], [Name], [Address], [Phone], [Fax], [Email], [ContactPerson], [BankAccountNo], [PayTerms], [CountryId], [IsActive], [CreateDate], [CreatedBy], [EditDate], [EditedBy], [Status]) VALUES (6, N'Test', N'jfh', N'98572458598', N'58435953555', N'fkj@kjf.fk', N'fis', N'987980', N'9', 1, 0, CAST(N'2018-03-04 13:52:57.260' AS DateTime), 1, NULL, NULL, 1)
SET IDENTITY_INSERT [dbo].[Supplier] OFF
SET IDENTITY_INSERT [dbo].[AssetCategory] ON 

INSERT [dbo].[AssetCategory] ([Id], [CategoryName], [ParentID], [Level], [Code], [Details], [CreateDate], [CreatedBy], [EditDate], [EditedBy], [Status]) VALUES (1, N'Primary', NULL, 0, N'PR', N'test', CAST(N'2017-10-15 17:59:13.113' AS DateTime), 1, NULL, NULL, 1)
INSERT [dbo].[AssetCategory] ([Id], [CategoryName], [ParentID], [Level], [Code], [Details], [CreateDate], [CreatedBy], [EditDate], [EditedBy], [Status]) VALUES (2, N'Land & Land Development', 1, 1, N'LLP', N'Land Related Assets', CAST(N'2017-10-15 18:01:13.940' AS DateTime), 1, CAST(N'2017-12-27 11:36:31.227' AS DateTime), 1, 1)
INSERT [dbo].[AssetCategory] ([Id], [CategoryName], [ParentID], [Level], [Code], [Details], [CreateDate], [CreatedBy], [EditDate], [EditedBy], [Status]) VALUES (3, N'Furniture & Fixture', 1, 1, N'FFF', N'All Furnitures', CAST(N'2017-10-17 14:04:06.307' AS DateTime), 1, CAST(N'2017-12-27 11:36:42.163' AS DateTime), 1, 1)
INSERT [dbo].[AssetCategory] ([Id], [CategoryName], [ParentID], [Level], [Code], [Details], [CreateDate], [CreatedBy], [EditDate], [EditedBy], [Status]) VALUES (4, N'Electrical Equipment', 1, 1, N'EEE', N'Electric Equipment', CAST(N'2017-10-17 14:04:37.907' AS DateTime), 1, CAST(N'2017-12-27 11:25:49.287' AS DateTime), 1, 1)
INSERT [dbo].[AssetCategory] ([Id], [CategoryName], [ParentID], [Level], [Code], [Details], [CreateDate], [CreatedBy], [EditDate], [EditedBy], [Status]) VALUES (7, N'Table', 3, 2, N'TBL', N'Table Types', CAST(N'2017-10-22 15:41:55.333' AS DateTime), 1, CAST(N'2017-12-27 11:57:23.640' AS DateTime), 1, 1)
INSERT [dbo].[AssetCategory] ([Id], [CategoryName], [ParentID], [Level], [Code], [Details], [CreateDate], [CreatedBy], [EditDate], [EditedBy], [Status]) VALUES (8, N'Air Conditionar', 4, 2, N'GAC', N'2.5 Tons', CAST(N'2017-10-22 18:09:55.507' AS DateTime), 1, CAST(N'2017-12-24 13:43:12.667' AS DateTime), 1, 1)
INSERT [dbo].[AssetCategory] ([Id], [CategoryName], [ParentID], [Level], [Code], [Details], [CreateDate], [CreatedBy], [EditDate], [EditedBy], [Status]) VALUES (9, N'Office Equipment', 1, 1, N'OEQ', N'Admin''s using', CAST(N'2017-12-24 13:44:44.633' AS DateTime), 1, CAST(N'2017-12-27 11:50:31.687' AS DateTime), 1, 1)
INSERT [dbo].[AssetCategory] ([Id], [CategoryName], [ParentID], [Level], [Code], [Details], [CreateDate], [CreatedBy], [EditDate], [EditedBy], [Status]) VALUES (10, N'Chair', 3, 2, N'CHR', N'test', CAST(N'2017-12-24 13:45:21.327' AS DateTime), 1, NULL, NULL, 1)
INSERT [dbo].[AssetCategory] ([Id], [CategoryName], [ParentID], [Level], [Code], [Details], [CreateDate], [CreatedBy], [EditDate], [EditedBy], [Status]) VALUES (11, N'Computer Equipement', 1, 1, N'COM', NULL, CAST(N'2017-12-24 13:48:19.643' AS DateTime), 1, CAST(N'2017-12-27 11:51:08.847' AS DateTime), 1, 1)
INSERT [dbo].[AssetCategory] ([Id], [CategoryName], [ParentID], [Level], [Code], [Details], [CreateDate], [CreatedBy], [EditDate], [EditedBy], [Status]) VALUES (12, N'CPU', 11, 2, N'CPU', NULL, CAST(N'2017-12-24 13:48:41.737' AS DateTime), 1, NULL, NULL, 1)
INSERT [dbo].[AssetCategory] ([Id], [CategoryName], [ParentID], [Level], [Code], [Details], [CreateDate], [CreatedBy], [EditDate], [EditedBy], [Status]) VALUES (13, N'Monitor', 11, 2, N'MON', NULL, CAST(N'2017-12-24 13:49:25.217' AS DateTime), 1, NULL, NULL, 1)
INSERT [dbo].[AssetCategory] ([Id], [CategoryName], [ParentID], [Level], [Code], [Details], [CreateDate], [CreatedBy], [EditDate], [EditedBy], [Status]) VALUES (14, N'UPS', 11, 2, N'UPS', NULL, CAST(N'2017-12-24 13:49:55.170' AS DateTime), 1, NULL, NULL, 1)
INSERT [dbo].[AssetCategory] ([Id], [CategoryName], [ParentID], [Level], [Code], [Details], [CreateDate], [CreatedBy], [EditDate], [EditedBy], [Status]) VALUES (15, N'Building & Construction', 1, 1, N'BCD', NULL, CAST(N'2017-12-27 11:52:51.277' AS DateTime), 1, NULL, NULL, 1)
INSERT [dbo].[AssetCategory] ([Id], [CategoryName], [ParentID], [Level], [Code], [Details], [CreateDate], [CreatedBy], [EditDate], [EditedBy], [Status]) VALUES (16, N'Plant & Machinery', 1, 1, N'PLM', NULL, CAST(N'2017-12-27 11:53:48.457' AS DateTime), 1, NULL, NULL, 1)
INSERT [dbo].[AssetCategory] ([Id], [CategoryName], [ParentID], [Level], [Code], [Details], [CreateDate], [CreatedBy], [EditDate], [EditedBy], [Status]) VALUES (17, N'Machinery', 1, 1, N'MCN', NULL, CAST(N'2017-12-27 11:54:20.817' AS DateTime), 1, NULL, NULL, 1)
INSERT [dbo].[AssetCategory] ([Id], [CategoryName], [ParentID], [Level], [Code], [Details], [CreateDate], [CreatedBy], [EditDate], [EditedBy], [Status]) VALUES (18, N'Loose Tools', 1, 1, N'LTL', NULL, CAST(N'2017-12-27 11:54:53.530' AS DateTime), 1, NULL, NULL, 1)
INSERT [dbo].[AssetCategory] ([Id], [CategoryName], [ParentID], [Level], [Code], [Details], [CreateDate], [CreatedBy], [EditDate], [EditedBy], [Status]) VALUES (19, N'Interior Decoration', 1, 1, N'IDR', NULL, CAST(N'2017-12-27 11:56:03.687' AS DateTime), 1, NULL, NULL, 1)
INSERT [dbo].[AssetCategory] ([Id], [CategoryName], [ParentID], [Level], [Code], [Details], [CreateDate], [CreatedBy], [EditDate], [EditedBy], [Status]) VALUES (20, N'Motor Vehicle', 1, 1, N'MTR', NULL, CAST(N'2017-12-27 11:56:36.337' AS DateTime), 1, NULL, NULL, 1)
INSERT [dbo].[AssetCategory] ([Id], [CategoryName], [ParentID], [Level], [Code], [Details], [CreateDate], [CreatedBy], [EditDate], [EditedBy], [Status]) VALUES (21, N'Software', 1, 1, N'SFT', NULL, CAST(N'2017-12-27 11:56:59.177' AS DateTime), 1, NULL, NULL, 1)
SET IDENTITY_INSERT [dbo].[AssetCategory] OFF
SET IDENTITY_INSERT [dbo].[Assets] ON 

INSERT [dbo].[Assets] ([Id], [AssetCode], [AssetName], [SupplierID], [AssetCategoryID], [DepriciationModel], [DepriciationRate], [UsefulLife], [Location], [OpeningDepreciation], [VoucherCode], [Description], [BaseValue], [Tax], [VAT], [TotalValue], [PurchaseDate], [ServiceTypes], [ServicePeriod], [CreateDate], [CreatedBy], [EditDate], [EditedBy], [Status]) VALUES (15, N'Finix/General Air Conditionar/2017/0001', N'General AC', 2, 8, 2, 10, 15, NULL, 0, N'CP0001', N'Test ', 50000, 2500, 3000, 55500, CAST(N'2017-10-31 00:00:00.000' AS DateTime), 1, 24, CAST(N'2017-10-31 13:37:05.200' AS DateTime), 1, CAST(N'2017-12-24 13:42:03.140' AS DateTime), 1, 1)
INSERT [dbo].[Assets] ([Id], [AssetCode], [AssetName], [SupplierID], [AssetCategoryID], [DepriciationModel], [DepriciationRate], [UsefulLife], [Location], [OpeningDepreciation], [VoucherCode], [Description], [BaseValue], [Tax], [VAT], [TotalValue], [PurchaseDate], [ServiceTypes], [ServicePeriod], [CreateDate], [CreatedBy], [EditDate], [EditedBy], [Status]) VALUES (16, N'Finix/Chair/2017/0001', N'Developer Chair', 2, 10, 2, 15, 7, NULL, 0, N'CP003', N'test', 5000, 250, 150, 5400, CAST(N'2017-10-31 00:00:00.000' AS DateTime), 1, 12, CAST(N'2017-10-31 13:43:33.073' AS DateTime), 1, CAST(N'2017-12-24 13:50:57.793' AS DateTime), 1, 1)
INSERT [dbo].[Assets] ([Id], [AssetCode], [AssetName], [SupplierID], [AssetCategoryID], [DepriciationModel], [DepriciationRate], [UsefulLife], [Location], [OpeningDepreciation], [VoucherCode], [Description], [BaseValue], [Tax], [VAT], [TotalValue], [PurchaseDate], [ServiceTypes], [ServicePeriod], [CreateDate], [CreatedBy], [EditDate], [EditedBy], [Status]) VALUES (17, N'Finix/Furniture-Fixture/2017/0002', N'Dining Table', 2, 7, 1, 15, 7, NULL, 0, N'CP0005', N'test', 8600, 125, 250, 9000, CAST(N'2017-11-03 00:00:00.000' AS DateTime), 1, 36, CAST(N'2017-11-05 13:55:10.473' AS DateTime), 1, CAST(N'2017-11-29 12:31:51.370' AS DateTime), 1, 0)
INSERT [dbo].[Assets] ([Id], [AssetCode], [AssetName], [SupplierID], [AssetCategoryID], [DepriciationModel], [DepriciationRate], [UsefulLife], [Location], [OpeningDepreciation], [VoucherCode], [Description], [BaseValue], [Tax], [VAT], [TotalValue], [PurchaseDate], [ServiceTypes], [ServicePeriod], [CreateDate], [CreatedBy], [EditDate], [EditedBy], [Status]) VALUES (18, N'Finix/Table/2017/0001', N'Computer Desk Table', 1, 7, 1, 10, 5, NULL, 0, N'CP0004', N'test', 4500, 450, 150, 5100, CAST(N'2017-10-30 00:00:00.000' AS DateTime), 2, 24, CAST(N'2017-11-05 14:14:04.823' AS DateTime), 1, CAST(N'2017-12-24 13:51:39.597' AS DateTime), 1, 1)
INSERT [dbo].[Assets] ([Id], [AssetCode], [AssetName], [SupplierID], [AssetCategoryID], [DepriciationModel], [DepriciationRate], [UsefulLife], [Location], [OpeningDepreciation], [VoucherCode], [Description], [BaseValue], [Tax], [VAT], [TotalValue], [PurchaseDate], [ServiceTypes], [ServicePeriod], [CreateDate], [CreatedBy], [EditDate], [EditedBy], [Status]) VALUES (19, N'Finix/Table/2017/0002', N'Reception Desk', 1, 7, 1, 15, 0, N'Front Desk', 0, N'CP0006', N'test data', 8500, 425, 255, 9180, CAST(N'2017-11-12 00:00:00.000' AS DateTime), 1, 24, CAST(N'2017-11-12 13:29:08.433' AS DateTime), 1, CAST(N'2017-12-24 13:52:08.070' AS DateTime), 1, 1)
INSERT [dbo].[Assets] ([Id], [AssetCode], [AssetName], [SupplierID], [AssetCategoryID], [DepriciationModel], [DepriciationRate], [UsefulLife], [Location], [OpeningDepreciation], [VoucherCode], [Description], [BaseValue], [Tax], [VAT], [TotalValue], [PurchaseDate], [ServiceTypes], [ServicePeriod], [CreateDate], [CreatedBy], [EditDate], [EditedBy], [Status]) VALUES (26, N'Finix/Chair/2016/0003', N'Front Chair', 3, 10, 1, 10, 0, NULL, 0, N'CP002', N'Test', 2200, 66, 66, 2332, CAST(N'2016-05-17 00:00:00.000' AS DateTime), 1, 24, CAST(N'2017-12-26 16:26:16.793' AS DateTime), 1, CAST(N'2018-03-04 13:04:11.897' AS DateTime), 1, 1)
INSERT [dbo].[Assets] ([Id], [AssetCode], [AssetName], [SupplierID], [AssetCategoryID], [DepriciationModel], [DepriciationRate], [UsefulLife], [Location], [OpeningDepreciation], [VoucherCode], [Description], [BaseValue], [Tax], [VAT], [TotalValue], [PurchaseDate], [ServiceTypes], [ServicePeriod], [CreateDate], [CreatedBy], [EditDate], [EditedBy], [Status]) VALUES (27, N'Finix/Monitor/2016/0001', N'Monitor', 4, 13, 1, 10, 0, NULL, 0, N'CP005', N'test', 20000, 0, 0, 20000, CAST(N'2016-12-26 00:00:00.000' AS DateTime), 1, 36, CAST(N'2017-12-26 16:35:46.853' AS DateTime), 1, NULL, NULL, 1)
INSERT [dbo].[Assets] ([Id], [AssetCode], [AssetName], [SupplierID], [AssetCategoryID], [DepriciationModel], [DepriciationRate], [UsefulLife], [Location], [OpeningDepreciation], [VoucherCode], [Description], [BaseValue], [Tax], [VAT], [TotalValue], [PurchaseDate], [ServiceTypes], [ServicePeriod], [CreateDate], [CreatedBy], [EditDate], [EditedBy], [Status]) VALUES (28, N'Finix/CPU/2016/0001', N'CPU', 4, 12, 1, 10, 0, NULL, 0, N'CP005', N'Test', 35000, 0, 0, 35000, CAST(N'2016-12-26 00:00:00.000' AS DateTime), 1, 36, CAST(N'2017-12-26 16:42:34.863' AS DateTime), 1, NULL, NULL, 1)
INSERT [dbo].[Assets] ([Id], [AssetCode], [AssetName], [SupplierID], [AssetCategoryID], [DepriciationModel], [DepriciationRate], [UsefulLife], [Location], [OpeningDepreciation], [VoucherCode], [Description], [BaseValue], [Tax], [VAT], [TotalValue], [PurchaseDate], [ServiceTypes], [ServicePeriod], [CreateDate], [CreatedBy], [EditDate], [EditedBy], [Status]) VALUES (29, N'Finix/UPS/2016/0001', N'UPS', 4, 14, 1, 10, 0, NULL, 0, N'CP005', NULL, 1500, 0, 0, 1500, CAST(N'2016-12-16 00:00:00.000' AS DateTime), 1, 24, CAST(N'2017-12-26 16:54:10.647' AS DateTime), 1, NULL, NULL, 1)
INSERT [dbo].[Assets] ([Id], [AssetCode], [AssetName], [SupplierID], [AssetCategoryID], [DepriciationModel], [DepriciationRate], [UsefulLife], [Location], [OpeningDepreciation], [VoucherCode], [Description], [BaseValue], [Tax], [VAT], [TotalValue], [PurchaseDate], [ServiceTypes], [ServicePeriod], [CreateDate], [CreatedBy], [EditDate], [EditedBy], [Status]) VALUES (30, N'Finix/Table/2016/0003', N'Computer Desk Table', 3, 7, 1, 10, 0, NULL, 0, N'CP002', N'Test', 3200, 0, 0, 3200, CAST(N'2016-02-01 00:00:00.000' AS DateTime), 1, 24, CAST(N'2017-12-26 17:11:41.433' AS DateTime), 1, NULL, NULL, 1)
INSERT [dbo].[Assets] ([Id], [AssetCode], [AssetName], [SupplierID], [AssetCategoryID], [DepriciationModel], [DepriciationRate], [UsefulLife], [Location], [OpeningDepreciation], [VoucherCode], [Description], [BaseValue], [Tax], [VAT], [TotalValue], [PurchaseDate], [ServiceTypes], [ServicePeriod], [CreateDate], [CreatedBy], [EditDate], [EditedBy], [Status]) VALUES (31, N'Finix/UPS/2017/0002', N'UPS', 4, 14, 1, 10, 0, NULL, 0, NULL, N'Test', 1500, 0, 0, 1500, CAST(N'2017-09-04 00:00:00.000' AS DateTime), 1, 24, CAST(N'2017-12-26 17:20:33.910' AS DateTime), 1, NULL, NULL, 1)
INSERT [dbo].[Assets] ([Id], [AssetCode], [AssetName], [SupplierID], [AssetCategoryID], [DepriciationModel], [DepriciationRate], [UsefulLife], [Location], [OpeningDepreciation], [VoucherCode], [Description], [BaseValue], [Tax], [VAT], [TotalValue], [PurchaseDate], [ServiceTypes], [ServicePeriod], [CreateDate], [CreatedBy], [EditDate], [EditedBy], [Status]) VALUES (32, N'Finix/Table/2017/0004', N'Conference Table', 2, 7, 2, 10, 0, NULL, 0, NULL, N'Test', 11000, 220, 0, 11220, CAST(N'2017-09-20 00:00:00.000' AS DateTime), 1, 24, CAST(N'2017-12-26 17:27:50.263' AS DateTime), 1, NULL, NULL, 1)
INSERT [dbo].[Assets] ([Id], [AssetCode], [AssetName], [SupplierID], [AssetCategoryID], [DepriciationModel], [DepriciationRate], [UsefulLife], [Location], [OpeningDepreciation], [VoucherCode], [Description], [BaseValue], [Tax], [VAT], [TotalValue], [PurchaseDate], [ServiceTypes], [ServicePeriod], [CreateDate], [CreatedBy], [EditDate], [EditedBy], [Status]) VALUES (33, N'Finix/Table/2018/0005', N'Dining Table', 3, 7, 1, 10, 0, NULL, 0, NULL, N'test', 15000, 750, 450, 16200, CAST(N'2018-03-04 00:00:00.000' AS DateTime), 1, 24, CAST(N'2018-03-04 15:27:46.903' AS DateTime), 1, NULL, NULL, 1)
SET IDENTITY_INSERT [dbo].[Assets] OFF
SET IDENTITY_INSERT [dbo].[Locations] ON 

INSERT [dbo].[Locations] ([Id], [OfficeID], [LocationTitle], [Details], [ParentID], [Level], [CreateDate], [CreatedBy], [EditDate], [EditedBy], [Status]) VALUES (1, NULL,N'Primary', N'Root', NULL, 0, CAST(N'2017-12-05 14:58:04.887' AS DateTime), 1, NULL, NULL, 1)
INSERT [dbo].[Locations] ([Id], [OfficeID],[LocationTitle], [Details], [ParentID], [Level], [CreateDate], [CreatedBy], [EditDate], [EditedBy], [Status]) VALUES (3, NULL,N'ATAB', N'Company', 1, 1, CAST(N'2017-12-05 14:58:04.887' AS DateTime), 1, CAST(N'2018-03-06 11:04:24.447' AS DateTime), 1, 1)
INSERT [dbo].[Locations] ([Id], [OfficeID],[LocationTitle], [Details], [ParentID], [Level], [CreateDate], [CreatedBy], [EditDate], [EditedBy], [Status]) VALUES (4, NULL,N'ATAB Head Office', N'104 Nasir Uddin Tower', 3, 2, CAST(N'2017-12-05 14:58:04.887' AS DateTime), 1, CAST(N'2018-03-06 11:04:47.443' AS DateTime), 1, 1)
INSERT [dbo].[Locations] ([Id], [OfficeID],[LocationTitle], [Details], [ParentID], [Level], [CreateDate], [CreatedBy], [EditDate], [EditedBy], [Status]) VALUES (5, NULL,N'Nasiruddin Tower', N'Details', 4, 3, CAST(N'2017-12-05 17:22:46.903' AS DateTime), 1, NULL, NULL, 1)
INSERT [dbo].[Locations] ([Id], [OfficeID],[LocationTitle], [Details], [ParentID], [Level], [CreateDate], [CreatedBy], [EditDate], [EditedBy], [Status]) VALUES (6, NULL,N'Ground Floor', NULL, 5, 4, CAST(N'2017-12-05 17:23:15.853' AS DateTime), 1, NULL, NULL, 1)
INSERT [dbo].[Locations] ([Id], [OfficeID],[LocationTitle], [Details], [ParentID], [Level], [CreateDate], [CreatedBy], [EditDate], [EditedBy], [Status]) VALUES (7, NULL,N'200A', NULL, 6, 5, CAST(N'2017-12-05 17:24:03.857' AS DateTime), 1, NULL, NULL, 1)
INSERT [dbo].[Locations] ([Id], [OfficeID],[LocationTitle], [Details], [ParentID], [Level], [CreateDate], [CreatedBy], [EditDate], [EditedBy], [Status]) VALUES (8, NULL,N'ATTI', NULL, 3, 2, CAST(N'2017-12-09 13:43:13.007' AS DateTime), 1, CAST(N'2018-03-06 11:05:06.440' AS DateTime), 1, 1)
INSERT [dbo].[Locations] ([Id], [OfficeID],[LocationTitle], [Details], [ParentID], [Level], [CreateDate], [CreatedBy], [EditDate], [EditedBy], [Status]) VALUES (9, NULL,N'Skyview Tower', N'Test', 4, 3, CAST(N'2017-12-10 14:09:25.457' AS DateTime), 1, NULL, NULL, 1)
INSERT [dbo].[Locations] ([Id], [OfficeID],[LocationTitle], [Details], [ParentID], [Level], [CreateDate], [CreatedBy], [EditDate], [EditedBy], [Status]) VALUES (10, NULL,N'Second Floor', N'Test', 5, 4, CAST(N'2017-12-10 14:09:55.150' AS DateTime), 1, NULL, NULL, 1)
INSERT [dbo].[Locations] ([Id], [OfficeID],[LocationTitle], [Details], [ParentID], [Level], [CreateDate], [CreatedBy], [EditDate], [EditedBy], [Status]) VALUES (11, NULL,N'Second Floor', N'test', 9, 4, CAST(N'2017-12-10 14:10:31.767' AS DateTime), 1, NULL, NULL, 1)
INSERT [dbo].[Locations] ([Id], [OfficeID],[LocationTitle], [Details], [ParentID], [Level], [CreateDate], [CreatedBy], [EditDate], [EditedBy], [Status]) VALUES (12, NULL,N'200B', N' ', 6, 5, CAST(N'2017-12-10 14:12:22.487' AS DateTime), 1, NULL, NULL, 1)
INSERT [dbo].[Locations] ([Id], [OfficeID],[LocationTitle], [Details], [ParentID], [Level], [CreateDate], [CreatedBy], [EditDate], [EditedBy], [Status]) VALUES (14, NULL,N'3 rd Floor', N'tet', 9, 4, CAST(N'2017-12-18 15:56:34.973' AS DateTime), 1, NULL, NULL, 1)
SET IDENTITY_INSERT [dbo].[Locations] OFF
SET IDENTITY_INSERT [dbo].[AssetAcquisitions] ON 

INSERT [dbo].[AssetAcquisitions] ([Id], [AssetID], [CustodianID], [LocationID], [SpecificLocation], [Remark], [CreateDate], [CreatedBy], [EditDate], [EditedBy], [Status]) VALUES (2, 16, 1, 8, N'Balcony', N'Test', CAST(N'2017-12-06 12:24:29.577' AS DateTime), 1, CAST(N'2018-02-20 13:50:13.577' AS DateTime), 1, 1)
INSERT [dbo].[AssetAcquisitions] ([Id], [AssetID], [CustodianID], [LocationID], [SpecificLocation], [Remark], [CreateDate], [CreatedBy], [EditDate], [EditedBy], [Status]) VALUES (3, 18, 2, 9, N'Developer Area', NULL, CAST(N'2017-12-06 16:31:09.390' AS DateTime), 1, CAST(N'2017-12-13 12:49:00.243' AS DateTime), 1, 1)
INSERT [dbo].[AssetAcquisitions] ([Id], [AssetID], [CustodianID], [LocationID], [SpecificLocation], [Remark], [CreateDate], [CreatedBy], [EditDate], [EditedBy], [Status]) VALUES (4, 19, 1, 8, N'Reception Area', NULL, CAST(N'2017-12-06 16:31:49.097' AS DateTime), 1, CAST(N'2017-12-12 16:39:50.073' AS DateTime), 1, 1)
INSERT [dbo].[AssetAcquisitions] ([Id], [AssetID], [CustodianID], [LocationID], [SpecificLocation], [Remark], [CreateDate], [CreatedBy], [EditDate], [EditedBy], [Status]) VALUES (5, 15, 1, 7, N'MD Room', NULL, CAST(N'2017-12-06 16:32:15.453' AS DateTime), 1, CAST(N'2017-12-17 17:31:22.450' AS DateTime), 1, 1)
INSERT [dbo].[AssetAcquisitions] ([Id], [AssetID], [CustodianID], [LocationID], [SpecificLocation], [Remark], [CreateDate], [CreatedBy], [EditDate], [EditedBy], [Status]) VALUES (6, 26, NULL, 6, NULL, NULL, CAST(N'2017-12-26 16:27:45.003' AS DateTime), 1, CAST(N'2017-12-26 16:45:05.590' AS DateTime), 1, 1)
INSERT [dbo].[AssetAcquisitions] ([Id], [AssetID], [CustodianID], [LocationID], [SpecificLocation], [Remark], [CreateDate], [CreatedBy], [EditDate], [EditedBy], [Status]) VALUES (7, 27, 10004, 4, NULL, NULL, CAST(N'2017-12-26 16:35:50.090' AS DateTime), 1, CAST(N'2018-03-06 17:29:57.573' AS DateTime), 1, 1)
INSERT [dbo].[AssetAcquisitions] ([Id], [AssetID], [CustodianID], [LocationID], [SpecificLocation], [Remark], [CreateDate], [CreatedBy], [EditDate], [EditedBy], [Status]) VALUES (8, 28, 10004, 4, NULL, NULL, CAST(N'2017-12-26 16:42:34.977' AS DateTime), 1, CAST(N'2018-03-06 17:30:05.603' AS DateTime), 1, 1)
INSERT [dbo].[AssetAcquisitions] ([Id], [AssetID], [CustodianID], [LocationID], [SpecificLocation], [Remark], [CreateDate], [CreatedBy], [EditDate], [EditedBy], [Status]) VALUES (9, 29, NULL, 4, NULL, NULL, CAST(N'2017-12-26 16:54:10.883' AS DateTime), 1, NULL, NULL, 1)
INSERT [dbo].[AssetAcquisitions] ([Id], [AssetID], [CustodianID], [LocationID], [SpecificLocation], [Remark], [CreateDate], [CreatedBy], [EditDate], [EditedBy], [Status]) VALUES (10, 30, NULL, 4, NULL, NULL, CAST(N'2017-12-26 17:11:41.490' AS DateTime), 1, NULL, NULL, 1)
INSERT [dbo].[AssetAcquisitions] ([Id], [AssetID], [CustodianID], [LocationID], [SpecificLocation], [Remark], [CreateDate], [CreatedBy], [EditDate], [EditedBy], [Status]) VALUES (11, 31, NULL, 4, NULL, NULL, CAST(N'2017-12-26 17:20:34.150' AS DateTime), 1, NULL, NULL, 1)
INSERT [dbo].[AssetAcquisitions] ([Id], [AssetID], [CustodianID], [LocationID], [SpecificLocation], [Remark], [CreateDate], [CreatedBy], [EditDate], [EditedBy], [Status]) VALUES (12, 32, NULL, 4, NULL, NULL, CAST(N'2017-12-26 17:27:50.317' AS DateTime), 1, NULL, NULL, 1)
INSERT [dbo].[AssetAcquisitions] ([Id], [AssetID], [CustodianID], [LocationID], [SpecificLocation], [Remark], [CreateDate], [CreatedBy], [EditDate], [EditedBy], [Status]) VALUES (13, 33, NULL, 4, NULL, NULL, CAST(N'2018-03-04 15:27:47.053' AS DateTime), 1, NULL, NULL, 1)
SET IDENTITY_INSERT [dbo].[AssetAcquisitions] OFF
SET IDENTITY_INSERT [dbo].[DepreciationLogs] ON 

INSERT [dbo].[DepreciationLogs] ([Id], [AssetID], [OpeningValue], [DepreciatedAmount], [DepriciationModel], [PointOfDepreciation], [WrittenDownValue], [RevaluationSurplus], [DisposedValue], [YearRemaining], [CalculatedDate], [CreateDate], [CreatedBy], [EditDate], [EditedBy], [Status]) VALUES (1, 15, 55500, 0, 2, 4, 55500, 0, 0, 0, CAST(N'2017-10-31 13:39:32.227' AS DateTime), CAST(N'2017-10-31 13:39:32.240' AS DateTime), 1, NULL, NULL, 0)
INSERT [dbo].[DepreciationLogs] ([Id], [AssetID], [OpeningValue], [DepreciatedAmount], [DepriciationModel], [PointOfDepreciation], [WrittenDownValue], [RevaluationSurplus], [DisposedValue], [YearRemaining], [CalculatedDate], [CreateDate], [CreatedBy], [EditDate], [EditedBy], [Status]) VALUES (2, 16, 5400, 0, 2, 4, 5400, 0, 0, 0, CAST(N'2017-10-31 13:39:52.297' AS DateTime), CAST(N'2017-10-31 13:39:52.297' AS DateTime), 1, NULL, NULL, 0)
INSERT [dbo].[DepreciationLogs] ([Id], [AssetID], [OpeningValue], [DepreciatedAmount], [DepriciationModel], [PointOfDepreciation], [WrittenDownValue], [RevaluationSurplus], [DisposedValue], [YearRemaining], [CalculatedDate], [CreateDate], [CreatedBy], [EditDate], [EditedBy], [Status]) VALUES (3, 17, 9000, 0, 2, 4, 9000, 0, 0, 0, CAST(N'2017-11-03 13:39:52.297' AS DateTime), CAST(N'2017-11-05 13:39:52.297' AS DateTime), 1, CAST(N'2017-11-29 12:31:50.737' AS DateTime), 1, 0)
INSERT [dbo].[DepreciationLogs] ([Id], [AssetID], [OpeningValue], [DepreciatedAmount], [DepriciationModel], [PointOfDepreciation], [WrittenDownValue], [RevaluationSurplus], [DisposedValue], [YearRemaining], [CalculatedDate], [CreateDate], [CreatedBy], [EditDate], [EditedBy], [Status]) VALUES (4, 18, 4500, 7.397260273972603, 1, 4, 4492.6027397260277, 0, 0, 0, CAST(N'2017-11-05 14:14:48.150' AS DateTime), CAST(N'2017-11-05 14:14:52.293' AS DateTime), 1, NULL, NULL, 0)
INSERT [dbo].[DepreciationLogs] ([Id], [AssetID], [OpeningValue], [DepreciatedAmount], [DepriciationModel], [PointOfDepreciation], [WrittenDownValue], [RevaluationSurplus], [DisposedValue], [YearRemaining], [CalculatedDate], [CreateDate], [CreatedBy], [EditDate], [EditedBy], [Status]) VALUES (5, 15, 55500, 68.4931506849315, 2, 1, 55431.506849315068, 0, 0, 0, CAST(N'2017-11-05 13:39:32.227' AS DateTime), CAST(N'2017-11-05 13:39:32.240' AS DateTime), 1, NULL, NULL, 0)
INSERT [dbo].[DepreciationLogs] ([Id], [AssetID], [OpeningValue], [DepreciatedAmount], [DepriciationModel], [PointOfDepreciation], [WrittenDownValue], [RevaluationSurplus], [DisposedValue], [YearRemaining], [CalculatedDate], [CreateDate], [CreatedBy], [EditDate], [EditedBy], [Status]) VALUES (6, 16, 5400, 10.273972602739724, 2, 1, 5389.7260273972606, 0, 0, 0, CAST(N'2017-11-05 13:39:52.297' AS DateTime), CAST(N'2017-11-05 13:39:52.297' AS DateTime), 1, CAST(N'2017-11-25 17:59:23.350' AS DateTime), 1, 0)
INSERT [dbo].[DepreciationLogs] ([Id], [AssetID], [OpeningValue], [DepreciatedAmount], [DepriciationModel], [PointOfDepreciation], [WrittenDownValue], [RevaluationSurplus], [DisposedValue], [YearRemaining], [CalculatedDate], [CreateDate], [CreatedBy], [EditDate], [EditedBy], [Status]) VALUES (7, 15, 55431.506849315068, 91.120285231750785, 2, 1, 55340.386564083317, 0, 0, 0, CAST(N'2017-11-12 12:59:35.287' AS DateTime), CAST(N'2017-11-12 12:59:41.690' AS DateTime), 1, NULL, NULL, 1)
INSERT [dbo].[DepreciationLogs] ([Id], [AssetID], [OpeningValue], [DepreciatedAmount], [DepriciationModel], [PointOfDepreciation], [WrittenDownValue], [RevaluationSurplus], [DisposedValue], [YearRemaining], [CalculatedDate], [CreateDate], [CreatedBy], [EditDate], [EditedBy], [Status]) VALUES (8, 19, 9180, 0, 1, 4, 9180, 0, 0, 0, CAST(N'2017-11-12 13:29:19.333' AS DateTime), CAST(N'2017-11-12 13:29:39.540' AS DateTime), 1, NULL, NULL, 0)
INSERT [dbo].[DepreciationLogs] ([Id], [AssetID], [OpeningValue], [DepreciatedAmount], [DepriciationModel], [PointOfDepreciation], [WrittenDownValue], [RevaluationSurplus], [DisposedValue], [YearRemaining], [CalculatedDate], [CreateDate], [CreatedBy], [EditDate], [EditedBy], [Status]) VALUES (9, 17, 9000, 107.26027397260276, 1, 3, 0, 0, 8892.7397260273974, 0, CAST(N'2017-12-03 12:31:24.607' AS DateTime), CAST(N'2017-11-29 12:31:25.810' AS DateTime), 1, NULL, NULL, 1)
INSERT [dbo].[DepreciationLogs] ([Id], [AssetID], [OpeningValue], [DepreciatedAmount], [DepriciationModel], [PointOfDepreciation], [WrittenDownValue], [RevaluationSurplus], [DisposedValue], [YearRemaining], [CalculatedDate], [CreateDate], [CreatedBy], [EditDate], [EditedBy], [Status]) VALUES (12, 16, 5389.7260273972606, 73.093544755113527, 2, 1, 5316.6324826421469, 0, 0, 0, CAST(N'2017-12-09 12:01:45.570' AS DateTime), CAST(N'2017-12-09 12:01:45.570' AS DateTime), 1, CAST(N'2017-11-25 17:59:23.350' AS DateTime), 1, 1)
INSERT [dbo].[DepreciationLogs] ([Id], [AssetID], [OpeningValue], [DepreciatedAmount], [DepriciationModel], [PointOfDepreciation], [WrittenDownValue], [RevaluationSurplus], [DisposedValue], [YearRemaining], [CalculatedDate], [CreateDate], [CreatedBy], [EditDate], [EditedBy], [Status]) VALUES (13, 18, 4492.6027397260277, 46.109589041095887, 1, 1, 4446.4931506849316, 0, 0, 0, CAST(N'2017-12-09 12:01:45.633' AS DateTime), CAST(N'2017-12-09 12:01:45.633' AS DateTime), 1, CAST(N'2017-12-18 17:32:08.887' AS DateTime), 1, 0)
INSERT [dbo].[DepreciationLogs] ([Id], [AssetID], [OpeningValue], [DepreciatedAmount], [DepriciationModel], [PointOfDepreciation], [WrittenDownValue], [RevaluationSurplus], [DisposedValue], [YearRemaining], [CalculatedDate], [CreateDate], [CreatedBy], [EditDate], [EditedBy], [Status]) VALUES (14, 19, 9180, 98.087671232876716, 1, 1, 9081.9123287671227, 0, 0, 0, CAST(N'2017-12-09 12:02:01.023' AS DateTime), CAST(N'2017-12-09 12:02:01.023' AS DateTime), 1, CAST(N'2017-12-18 16:30:30.410' AS DateTime), 1, 1)
INSERT [dbo].[DepreciationLogs] ([Id], [AssetID], [OpeningValue], [DepreciatedAmount], [DepriciationModel], [PointOfDepreciation], [WrittenDownValue], [RevaluationSurplus], [DisposedValue], [YearRemaining], [CalculatedDate], [CreateDate], [CreatedBy], [EditDate], [EditedBy], [Status]) VALUES (15, 18, 4446.4931506849316, 11.178082191780822, 1, 1, 4435.3150684931506, 0, 0, 0, CAST(N'2017-12-18 17:32:08.857' AS DateTime), CAST(N'2017-12-18 17:32:08.857' AS DateTime), 1, CAST(N'2017-12-18 16:30:30.347' AS DateTime), 1, 1)
INSERT [dbo].[DepreciationLogs] ([Id], [AssetID], [OpeningValue], [DepreciatedAmount], [DepriciationModel], [PointOfDepreciation], [WrittenDownValue], [RevaluationSurplus], [DisposedValue], [YearRemaining], [CalculatedDate], [CreateDate], [CreatedBy], [EditDate], [EditedBy], [Status]) VALUES (16, 26, 2332, 0, 1, 4, 2332, 0, 0, 0, CAST(N'2016-05-17 00:00:00.000' AS DateTime), CAST(N'2017-12-26 16:26:16.890' AS DateTime), 1, NULL, NULL, 1)
INSERT [dbo].[DepreciationLogs] ([Id], [AssetID], [OpeningValue], [DepreciatedAmount], [DepriciationModel], [PointOfDepreciation], [WrittenDownValue], [RevaluationSurplus], [DisposedValue], [YearRemaining], [CalculatedDate], [CreateDate], [CreatedBy], [EditDate], [EditedBy], [Status]) VALUES (17, 27, 20000, 0, 1, 4, 20000, 0, 0, 0, CAST(N'2016-12-26 00:00:00.000' AS DateTime), CAST(N'2017-12-26 16:35:46.900' AS DateTime), 1, NULL, NULL, 1)
INSERT [dbo].[DepreciationLogs] ([Id], [AssetID], [OpeningValue], [DepreciatedAmount], [DepriciationModel], [PointOfDepreciation], [WrittenDownValue], [RevaluationSurplus], [DisposedValue], [YearRemaining], [CalculatedDate], [CreateDate], [CreatedBy], [EditDate], [EditedBy], [Status]) VALUES (18, 28, 35000, 0, 1, 4, 35000, 0, 0, 0, CAST(N'2016-12-26 00:00:00.000' AS DateTime), CAST(N'2017-12-26 16:42:34.947' AS DateTime), 1, NULL, NULL, 1)
INSERT [dbo].[DepreciationLogs] ([Id], [AssetID], [OpeningValue], [DepreciatedAmount], [DepriciationModel], [PointOfDepreciation], [WrittenDownValue], [RevaluationSurplus], [DisposedValue], [YearRemaining], [CalculatedDate], [CreateDate], [CreatedBy], [EditDate], [EditedBy], [Status]) VALUES (19, 29, 1500, 0, 1, 4, 1500, 0, 0, 0, CAST(N'2016-12-16 00:00:00.000' AS DateTime), CAST(N'2017-12-26 16:54:10.860' AS DateTime), 1, NULL, NULL, 1)
INSERT [dbo].[DepreciationLogs] ([Id], [AssetID], [OpeningValue], [DepreciatedAmount], [DepriciationModel], [PointOfDepreciation], [WrittenDownValue], [RevaluationSurplus], [DisposedValue], [YearRemaining], [CalculatedDate], [CreateDate], [CreatedBy], [EditDate], [EditedBy], [Status]) VALUES (20, 30, 3200, 0, 1, 4, 3200, 0, 0, 0, CAST(N'2016-02-01 00:00:00.000' AS DateTime), CAST(N'2017-12-26 17:11:41.473' AS DateTime), 1, NULL, NULL, 1)
INSERT [dbo].[DepreciationLogs] ([Id], [AssetID], [OpeningValue], [DepreciatedAmount], [DepriciationModel], [PointOfDepreciation], [WrittenDownValue], [RevaluationSurplus], [DisposedValue], [YearRemaining], [CalculatedDate], [CreateDate], [CreatedBy], [EditDate], [EditedBy], [Status]) VALUES (21, 31, 1500, 0, 1, 4, 1500, 0, 0, 0, CAST(N'2017-09-04 00:00:00.000' AS DateTime), CAST(N'2017-12-26 17:20:34.123' AS DateTime), 1, NULL, NULL, 1)
INSERT [dbo].[DepreciationLogs] ([Id], [AssetID], [OpeningValue], [DepreciatedAmount], [DepriciationModel], [PointOfDepreciation], [WrittenDownValue], [RevaluationSurplus], [DisposedValue], [YearRemaining], [CalculatedDate], [CreateDate], [CreatedBy], [EditDate], [EditedBy], [Status]) VALUES (22, 32, 11220, 0, 2, 4, 11220, 0, 0, 0, CAST(N'2017-09-20 00:00:00.000' AS DateTime), CAST(N'2017-12-26 17:27:50.307' AS DateTime), 1, NULL, NULL, 1)
INSERT [dbo].[DepreciationLogs] ([Id], [AssetID], [OpeningValue], [DepreciatedAmount], [DepriciationModel], [PointOfDepreciation], [WrittenDownValue], [RevaluationSurplus], [DisposedValue], [YearRemaining], [CalculatedDate], [CreateDate], [CreatedBy], [EditDate], [EditedBy], [Status]) VALUES (23, 33, 16200, 0, 1, 4, 16200, 0, 0, 0, CAST(N'2018-03-04 00:00:00.000' AS DateTime), CAST(N'2018-03-04 15:27:47.020' AS DateTime), 1, NULL, NULL, 1)
SET IDENTITY_INSERT [dbo].[DepreciationLogs] OFF
SET IDENTITY_INSERT [dbo].[DisposeLogs] ON 

INSERT [dbo].[DisposeLogs] ([Id], [AssetID], [AccumulatedDepreciation], [BaseValue], [ResaleValue], [ResaleTo], [GainOfDisposal], [LossOfDisposal], [DisposalDate], [CreateDate], [CreatedBy], [EditDate], [EditedBy], [Status]) VALUES (3, 17, 107.26027397260276, 9000, 10000, N'Pioneer', 1107.2602739726026, 0, CAST(N'2017-11-29 00:00:00.000' AS DateTime), CAST(N'2017-11-29 12:31:33.750' AS DateTime), 1, NULL, NULL, 1)
SET IDENTITY_INSERT [dbo].[DisposeLogs] OFF
SET IDENTITY_INSERT [dbo].[Employee] ON 

INSERT [dbo].[Employee] ([Id], [PersonId], [EmpCode], [JoiningDate], [EmployeeType], [CompanyProfileId], [CreateDate], [CreatedBy], [EditDate], [EditedBy], [Status]) VALUES (1, 3, NULL, NULL, 1, NULL, CAST(N'2017-10-31 12:45:03.777' AS DateTime), NULL, NULL, NULL, 1)
INSERT [dbo].[Employee] ([Id], [PersonId], [EmpCode], [JoiningDate], [EmployeeType], [CompanyProfileId], [CreateDate], [CreatedBy], [EditDate], [EditedBy], [Status]) VALUES (2, 7, NULL, NULL, 1, NULL, CAST(N'2017-10-31 12:52:58.020' AS DateTime), NULL, NULL, NULL, 1)
INSERT [dbo].[Employee] ([Id], [PersonId], [EmpCode], [JoiningDate], [EmployeeType], [CompanyProfileId], [CreateDate], [CreatedBy], [EditDate], [EditedBy], [Status]) VALUES (3, 10, NULL, NULL, 1, NULL, CAST(N'2017-12-26 16:56:39.690' AS DateTime), NULL, NULL, NULL, 1)
INSERT [dbo].[Employee] ([Id], [PersonId], [EmpCode], [JoiningDate], [EmployeeType], [CompanyProfileId], [CreateDate], [CreatedBy], [EditDate], [EditedBy], [Status]) VALUES (4, 13, NULL, NULL, 1, NULL, CAST(N'2017-12-26 17:01:17.113' AS DateTime), NULL, NULL, NULL, 1)
SET IDENTITY_INSERT [dbo].[Employee] OFF
SET IDENTITY_INSERT [dbo].[TransferLogs] ON 

INSERT [dbo].[TransferLogs] ([Id], [TransferType], [SourceEmployeeID], [DestinationEmployeeID], [SourceID], [DestinationID], [AssetID], [SourceSpecificLocation], [DestinationSpecificLocation], [TransferDate], [TransferDetails], [CreateDate], [CreatedBy], [EditDate], [EditedBy], [Status]) VALUES (1, 1, 1, 2, NULL, NULL, 16, NULL, NULL, CAST(N'2017-12-09 10:36:18.257' AS DateTime), NULL, CAST(N'2017-12-09 10:36:18.257' AS DateTime), 1, NULL, NULL, 1)
INSERT [dbo].[TransferLogs] ([Id], [TransferType], [SourceEmployeeID], [DestinationEmployeeID], [SourceID], [DestinationID], [AssetID], [SourceSpecificLocation], [DestinationSpecificLocation], [TransferDate], [TransferDetails], [CreateDate], [CreatedBy], [EditDate], [EditedBy], [Status]) VALUES (2, 1, 2, 1, NULL, NULL, 16, NULL, NULL, CAST(N'2017-12-09 10:44:35.750' AS DateTime), NULL, CAST(N'2017-12-09 10:44:35.750' AS DateTime), 1, NULL, NULL, 1)
INSERT [dbo].[TransferLogs] ([Id], [TransferType], [SourceEmployeeID], [DestinationEmployeeID], [SourceID], [DestinationID], [AssetID], [SourceSpecificLocation], [DestinationSpecificLocation], [TransferDate], [TransferDetails], [CreateDate], [CreatedBy], [EditDate], [EditedBy], [Status]) VALUES (3, 1, 1, 2, NULL, NULL, 15, NULL, NULL, CAST(N'2017-12-10 14:13:34.403' AS DateTime), NULL, CAST(N'2017-12-10 14:13:34.403' AS DateTime), 1, NULL, NULL, 1)
INSERT [dbo].[TransferLogs] ([Id], [TransferType], [SourceEmployeeID], [DestinationEmployeeID], [SourceID], [DestinationID], [AssetID], [SourceSpecificLocation], [DestinationSpecificLocation], [TransferDate], [TransferDetails], [CreateDate], [CreatedBy], [EditDate], [EditedBy], [Status]) VALUES (4, 1, 2, 1, NULL, NULL, 15, NULL, NULL, CAST(N'2017-12-10 14:13:44.470' AS DateTime), NULL, CAST(N'2017-12-10 14:13:44.470' AS DateTime), 1, NULL, NULL, 1)
INSERT [dbo].[TransferLogs] ([Id], [TransferType], [SourceEmployeeID], [DestinationEmployeeID], [SourceID], [DestinationID], [AssetID], [SourceSpecificLocation], [DestinationSpecificLocation], [TransferDate], [TransferDetails], [CreateDate], [CreatedBy], [EditDate], [EditedBy], [Status]) VALUES (5, 2, NULL, NULL, 4, 8, 19, NULL, NULL, CAST(N'2017-12-10 14:59:51.113' AS DateTime), NULL, CAST(N'2017-12-10 14:59:50.483' AS DateTime), 1, NULL, NULL, 1)
INSERT [dbo].[TransferLogs] ([Id], [TransferType], [SourceEmployeeID], [DestinationEmployeeID], [SourceID], [DestinationID], [AssetID], [SourceSpecificLocation], [DestinationSpecificLocation], [TransferDate], [TransferDetails], [CreateDate], [CreatedBy], [EditDate], [EditedBy], [Status]) VALUES (6, 3, NULL, NULL, 5, 9, 18, NULL, NULL, CAST(N'2017-12-10 17:37:03.327' AS DateTime), NULL, CAST(N'2017-12-10 17:37:02.907' AS DateTime), 1, NULL, NULL, 1)
INSERT [dbo].[TransferLogs] ([Id], [TransferType], [SourceEmployeeID], [DestinationEmployeeID], [SourceID], [DestinationID], [AssetID], [SourceSpecificLocation], [DestinationSpecificLocation], [TransferDate], [TransferDetails], [CreateDate], [CreatedBy], [EditDate], [EditedBy], [Status]) VALUES (7, 4, NULL, NULL, 6, 10, 16, NULL, NULL, CAST(N'2017-12-10 17:47:37.937' AS DateTime), NULL, CAST(N'2017-12-10 17:47:37.517' AS DateTime), 1, NULL, NULL, 1)
INSERT [dbo].[TransferLogs] ([Id], [TransferType], [SourceEmployeeID], [DestinationEmployeeID], [SourceID], [DestinationID], [AssetID], [SourceSpecificLocation], [DestinationSpecificLocation], [TransferDate], [TransferDetails], [CreateDate], [CreatedBy], [EditDate], [EditedBy], [Status]) VALUES (8, 5, NULL, NULL, 7, 12, 15, NULL, NULL, CAST(N'2017-12-10 17:54:08.797' AS DateTime), NULL, CAST(N'2017-12-10 17:54:08.797' AS DateTime), 1, NULL, NULL, 1)
INSERT [dbo].[TransferLogs] ([Id], [TransferType], [SourceEmployeeID], [DestinationEmployeeID], [SourceID], [DestinationID], [AssetID], [SourceSpecificLocation], [DestinationSpecificLocation], [TransferDate], [TransferDetails], [CreateDate], [CreatedBy], [EditDate], [EditedBy], [Status]) VALUES (9, 1, 1, 2, NULL, NULL, 19, NULL, NULL, CAST(N'2017-12-12 16:39:36.587' AS DateTime), NULL, CAST(N'2017-12-12 16:39:36.587' AS DateTime), 1, NULL, NULL, 1)
INSERT [dbo].[TransferLogs] ([Id], [TransferType], [SourceEmployeeID], [DestinationEmployeeID], [SourceID], [DestinationID], [AssetID], [SourceSpecificLocation], [DestinationSpecificLocation], [TransferDate], [TransferDetails], [CreateDate], [CreatedBy], [EditDate], [EditedBy], [Status]) VALUES (10, 1, 2, 1, NULL, NULL, 19, NULL, NULL, CAST(N'2017-12-12 16:39:50.040' AS DateTime), NULL, CAST(N'2017-12-12 16:39:50.040' AS DateTime), 1, NULL, NULL, 1)
INSERT [dbo].[TransferLogs] ([Id], [TransferType], [SourceEmployeeID], [DestinationEmployeeID], [SourceID], [DestinationID], [AssetID], [SourceSpecificLocation], [DestinationSpecificLocation], [TransferDate], [TransferDetails], [CreateDate], [CreatedBy], [EditDate], [EditedBy], [Status]) VALUES (11, 2, NULL, NULL, 4, 8, 18, NULL, NULL, CAST(N'2017-12-13 11:48:37.830' AS DateTime), NULL, CAST(N'2017-12-13 11:48:37.830' AS DateTime), 1, NULL, NULL, 1)
INSERT [dbo].[TransferLogs] ([Id], [TransferType], [SourceEmployeeID], [DestinationEmployeeID], [SourceID], [DestinationID], [AssetID], [SourceSpecificLocation], [DestinationSpecificLocation], [TransferDate], [TransferDetails], [CreateDate], [CreatedBy], [EditDate], [EditedBy], [Status]) VALUES (12, 2, NULL, NULL, 8, 4, 18, NULL, NULL, CAST(N'2017-12-13 12:07:43.117' AS DateTime), NULL, CAST(N'2017-12-13 12:07:43.117' AS DateTime), 1, NULL, NULL, 1)
INSERT [dbo].[TransferLogs] ([Id], [TransferType], [SourceEmployeeID], [DestinationEmployeeID], [SourceID], [DestinationID], [AssetID], [SourceSpecificLocation], [DestinationSpecificLocation], [TransferDate], [TransferDetails], [CreateDate], [CreatedBy], [EditDate], [EditedBy], [Status]) VALUES (13, 6, NULL, NULL, 4, 9, 18, NULL, NULL, CAST(N'2017-12-13 12:48:49.770' AS DateTime), NULL, CAST(N'2017-12-13 12:48:48.583' AS DateTime), 1, NULL, NULL, 1)
INSERT [dbo].[TransferLogs] ([Id], [TransferType], [SourceEmployeeID], [DestinationEmployeeID], [SourceID], [DestinationID], [AssetID], [SourceSpecificLocation], [DestinationSpecificLocation], [TransferDate], [TransferDetails], [CreateDate], [CreatedBy], [EditDate], [EditedBy], [Status]) VALUES (14, 7, NULL, NULL, 4, 6, 16, NULL, NULL, CAST(N'2017-12-13 13:42:02.460' AS DateTime), NULL, CAST(N'2017-12-13 13:42:02.460' AS DateTime), 1, NULL, NULL, 1)
INSERT [dbo].[TransferLogs] ([Id], [TransferType], [SourceEmployeeID], [DestinationEmployeeID], [SourceID], [DestinationID], [AssetID], [SourceSpecificLocation], [DestinationSpecificLocation], [TransferDate], [TransferDetails], [CreateDate], [CreatedBy], [EditDate], [EditedBy], [Status]) VALUES (15, 8, NULL, NULL, 4, 7, 16, NULL, NULL, CAST(N'2017-12-13 14:05:27.770' AS DateTime), NULL, CAST(N'2017-12-13 14:05:27.770' AS DateTime), 1, NULL, NULL, 1)
INSERT [dbo].[TransferLogs] ([Id], [TransferType], [SourceEmployeeID], [DestinationEmployeeID], [SourceID], [DestinationID], [AssetID], [SourceSpecificLocation], [DestinationSpecificLocation], [TransferDate], [TransferDetails], [CreateDate], [CreatedBy], [EditDate], [EditedBy], [Status]) VALUES (16, 3, NULL, NULL, 5, 9, 16, NULL, NULL, CAST(N'2017-12-13 15:18:52.660' AS DateTime), NULL, CAST(N'2017-12-13 15:18:52.660' AS DateTime), 1, NULL, NULL, 1)
INSERT [dbo].[TransferLogs] ([Id], [TransferType], [SourceEmployeeID], [DestinationEmployeeID], [SourceID], [DestinationID], [AssetID], [SourceSpecificLocation], [DestinationSpecificLocation], [TransferDate], [TransferDetails], [CreateDate], [CreatedBy], [EditDate], [EditedBy], [Status]) VALUES (17, 10, NULL, NULL, 5, 7, 15, NULL, NULL, CAST(N'2017-12-17 17:31:22.327' AS DateTime), NULL, CAST(N'2017-12-17 17:31:22.327' AS DateTime), 1, NULL, NULL, 1)
INSERT [dbo].[TransferLogs] ([Id], [TransferType], [SourceEmployeeID], [DestinationEmployeeID], [SourceID], [DestinationID], [AssetID], [SourceSpecificLocation], [DestinationSpecificLocation], [TransferDate], [TransferDetails], [CreateDate], [CreatedBy], [EditDate], [EditedBy], [Status]) VALUES (18, 7, NULL, NULL, 4, 6, 26, NULL, NULL, CAST(N'2017-12-26 16:45:05.520' AS DateTime), NULL, CAST(N'2017-12-26 16:45:05.520' AS DateTime), 1, NULL, NULL, 1)
INSERT [dbo].[TransferLogs] ([Id], [TransferType], [SourceEmployeeID], [DestinationEmployeeID], [SourceID], [DestinationID], [AssetID], [SourceSpecificLocation], [DestinationSpecificLocation], [TransferDate], [TransferDetails], [CreateDate], [CreatedBy], [EditDate], [EditedBy], [Status]) VALUES (19, 2, NULL, NULL, 4, 8, 16, NULL, NULL, CAST(N'2018-02-20 13:50:13.497' AS DateTime), NULL, CAST(N'2018-02-20 13:50:13.497' AS DateTime), 1, NULL, NULL, 1)
SET IDENTITY_INSERT [dbo].[TransferLogs] OFF
SET IDENTITY_INSERT [dbo].[AccountsMappings] ON 

INSERT [dbo].[AccountsMappings] ([Id], [RefId], [RefType], [AccountHeadCode], [CreateDate], [CreatedBy], [EditDate], [EditedBy], [Status], [Category_Id]) VALUES (1, 2, 1, N'1010200009', CAST(N'2018-01-13 13:29:16.683' AS DateTime), 1, NULL, NULL, 1, NULL)
INSERT [dbo].[AccountsMappings] ([Id], [RefId], [RefType], [AccountHeadCode], [CreateDate], [CreatedBy], [EditDate], [EditedBy], [Status], [Category_Id]) VALUES (2, 3, 1, N'1010200002', CAST(N'2018-01-13 13:29:23.943' AS DateTime), 1, NULL, NULL, 1, NULL)
INSERT [dbo].[AccountsMappings] ([Id], [RefId], [RefType], [AccountHeadCode], [CreateDate], [CreatedBy], [EditDate], [EditedBy], [Status], [Category_Id]) VALUES (3, 9, 1, N'1010200001', CAST(N'2018-01-13 13:29:46.570' AS DateTime), 1, NULL, NULL, 1, NULL)
INSERT [dbo].[AccountsMappings] ([Id], [RefId], [RefType], [AccountHeadCode], [CreateDate], [CreatedBy], [EditDate], [EditedBy], [Status], [Category_Id]) VALUES (4, 11, 1, N'1010200006', CAST(N'2018-01-13 13:29:53.393' AS DateTime), 1, NULL, NULL, 1, NULL)
INSERT [dbo].[AccountsMappings] ([Id], [RefId], [RefType], [AccountHeadCode], [CreateDate], [CreatedBy], [EditDate], [EditedBy], [Status], [Category_Id]) VALUES (5, 17, 1, N'1010100015', CAST(N'2018-01-13 13:30:03.683' AS DateTime), 1, CAST(N'2018-03-03 10:50:34.047' AS DateTime), 1, 1, NULL)
INSERT [dbo].[AccountsMappings] ([Id], [RefId], [RefType], [AccountHeadCode], [CreateDate], [CreatedBy], [EditDate], [EditedBy], [Status], [Category_Id]) VALUES (6, NULL, 2, N'501', CAST(N'2018-01-13 14:07:14.917' AS DateTime), 1, NULL, NULL, 1, NULL)
INSERT [dbo].[AccountsMappings] ([Id], [RefId], [RefType], [AccountHeadCode], [CreateDate], [CreatedBy], [EditDate], [EditedBy], [Status], [Category_Id]) VALUES (7, NULL, 5, N'1020101001', CAST(N'2018-01-13 14:31:14.207' AS DateTime), 1, NULL, NULL, 1, NULL)
SET IDENTITY_INSERT [dbo].[AccountsMappings] OFF
SET IDENTITY_INSERT [dbo].[Designation] ON 

INSERT [dbo].[Designation] ([Id], [Name], [ParentId], [CreateDate], [CreatedBy], [EditDate], [EditedBy], [Status]) VALUES (2, N'Primary', NULL, NULL, NULL, NULL, NULL, 1)
INSERT [dbo].[Designation] ([Id], [Name], [ParentId], [CreateDate], [CreatedBy], [EditDate], [EditedBy], [Status]) VALUES (3, N'Manager', 2, NULL, NULL, CAST(N'2017-10-29 17:43:04.653' AS DateTime), NULL, 1)
INSERT [dbo].[Designation] ([Id], [Name], [ParentId], [CreateDate], [CreatedBy], [EditDate], [EditedBy], [Status]) VALUES (4, N'General Manager', 3, NULL, NULL, NULL, NULL, 1)
INSERT [dbo].[Designation] ([Id], [Name], [ParentId], [CreateDate], [CreatedBy], [EditDate], [EditedBy], [Status]) VALUES (5, N'Managing Director', 2, NULL, NULL, NULL, NULL, 1)
SET IDENTITY_INSERT [dbo].[Designation] OFF
SET IDENTITY_INSERT [dbo].[OfficeLayer] ON 

INSERT [dbo].[OfficeLayer] ([Id], [Name], [Level], [CreateDate], [CreatedBy], [EditDate], [EditedBy], [Status]) VALUES (1, N'Head Office', 1, CAST(N'2017-10-29 16:41:47.123' AS DateTime), 1, NULL, NULL, 1)
INSERT [dbo].[OfficeLayer] ([Id], [Name], [Level], [CreateDate], [CreatedBy], [EditDate], [EditedBy], [Status]) VALUES (2, N'Dhaka Division', 2, CAST(N'2017-10-29 16:42:39.290' AS DateTime), 1, NULL, NULL, 1)
SET IDENTITY_INSERT [dbo].[OfficeLayer] OFF
SET IDENTITY_INSERT [dbo].[Office] ON 

INSERT [dbo].[Office] ([Id], [Name], [ParentId], [OfficeLayerId], [CreateDate], [CreatedBy], [EditDate], [EditedBy], [Status]) VALUES (1, N'ATAB', NULL, 1, CAST(N'2017-10-29 16:45:41.673' AS DateTime), NULL, NULL, NULL, 1)
INSERT [dbo].[Office] ([Id], [Name], [ParentId], [OfficeLayerId], [CreateDate], [CreatedBy], [EditDate], [EditedBy], [Status]) VALUES (2, N'ATTI', 1, 2, CAST(N'2017-10-29 16:46:27.883' AS DateTime), NULL, NULL, NULL, 1)
SET IDENTITY_INSERT [dbo].[Office] OFF
SET IDENTITY_INSERT [dbo].[AccGroupRefTypeMappings] ON 

INSERT [dbo].[AccGroupRefTypeMappings] ([Id], [RefType], [AccCode], [CreateDate], [CreatedBy], [EditDate], [EditedBy], [Status]) VALUES (2, 1, N'10101', NULL, 1, NULL, NULL, 1)
INSERT [dbo].[AccGroupRefTypeMappings] ([Id], [RefType], [AccCode], [CreateDate], [CreatedBy], [EditDate], [EditedBy], [Status]) VALUES (4, 5, N'10201', NULL, 1, NULL, NULL, 1)
INSERT [dbo].[AccGroupRefTypeMappings] ([Id], [RefType], [AccCode], [CreateDate], [CreatedBy], [EditDate], [EditedBy], [Status]) VALUES (5, 2, N'501', NULL, 1, NULL, NULL, 1)
INSERT [dbo].[AccGroupRefTypeMappings] ([Id], [RefType], [AccCode], [CreateDate], [CreatedBy], [EditDate], [EditedBy], [Status]) VALUES (6, 3, N'1030000001', NULL, 1, NULL, NULL, 1)
SET IDENTITY_INSERT [dbo].[AccGroupRefTypeMappings] OFF
